14,27,0,0.0020422322932905105,FINITE
15,32,0,0,FINITE
16,50,0,0,FINITE
17,42,0,0,FINITE
18,31,0,0,FINITE
19,46,0,0,FINITE
20,56,0,0,FINITE
21,43,0,0,FINITE
22,6,0,0,FINITE
23,44,0,0,FINITE
24,61,0,0,FINITE
25,7,0,0,FINITE
26,48,0,0,FINITE
27,28,0,,NAN
28,9,0,0,FINITE
29,5,0,0,FINITE
30,13,0,0,FINITE
31,36,0,0.170108432098995,FINITE
32,23,0,0,FINITE
33,16,0,0,FINITE
34,10,0,0,FINITE
35,37,0,0,FINITE
36,40,0,0,FINITE
37,18,0,,NAN
38,54,0,0,FINITE
39,15,0,0,FINITE
40,14,0,,NAN
41,17,0,0,FINITE
42,35,0,0.032666835055705716,FINITE
43,22,0,0,FINITE
44,59,0,0,FINITE
45,3,0,0,FINITE
46,12,0,0,FINITE
47,33,0,0,FINITE
48,25,0,0,FINITE
49,11,0,0,FINITE
50,34,0,0,FINITE
51,57,0,0,FINITE
52,62,0,0,FINITE
53,47,0,0.0020422322932905105,FINITE
54,51,0,,NAN
55,21,0,0,FINITE
56,39,0,0,FINITE
57,60,0,0.023949571498184514,FINITE
58,19,0,,NAN
59,58,0,0,FINITE
60,52,0,0,FINITE
61,38,0,,NAN
62,53,0,0,FINITE
63,30,0,0,FINITE
64,8,0,,NAN
65,49,0,0,FINITE
66,24,0,0.5928033770375115,FINITE
67,26,0,0.34302442508229725,FINITE
68,45,0,,NAN
69,4,0,,NAN
70,41,0,,NAN
71,23,1,0,FINITE
72,16,1,0,FINITE
73,18,1,,NAN
74,42,1,0,FINITE
75,32,1,0,FINITE
76,9,1,0,FINITE
77,50,1,0,FINITE
78,7,1,0,FINITE
79,6,1,0,FINITE
80,28,1,,NAN
81,46,1,0,FINITE
82,58,1,0,FINITE
83,48,1,0,FINITE
84,54,1,0,FINITE
85,10,1,0,FINITE
86,43,1,0.0014623450669960568,FINITE
87,56,1,0,FINITE
88,27,1,0.0010211161466452553,FINITE
89,52,1,0,FINITE
90,40,1,0,FINITE
91,61,1,0,FINITE
92,5,1,0,FINITE
93,36,1,,NAN
94,13,1,0,FINITE
95,31,1,0,FINITE
96,11,1,0,FINITE
97,44,1,0,FINITE
98,35,1,0.03756361814567351,FINITE
99,3,1,0,FINITE
100,47,1,0.005286364568984667,FINITE
101,34,1,0,FINITE
102,14,1,,NAN
103,33,1,0,FINITE
104,21,1,0,FINITE
105,15,1,0,FINITE
106,22,1,0,FINITE
107,62,1,0,FINITE
108,37,1,0,FINITE
109,19,1,,NAN
110,57,1,0,FINITE
111,39,1,0,FINITE
112,17,1,0,FINITE
113,12,1,0,FINITE
114,49,1,0,FINITE
115,53,1,0,FINITE
116,30,1,0,FINITE
117,60,1,0.03185466453825899,FINITE
118,25,1,0,FINITE
119,59,1,0,FINITE
120,38,1,,NAN
121,8,1,,NAN
122,51,1,,NAN
123,45,1,,NAN
124,24,1,,NAN
125,23,2,0,FINITE
126,16,2,0,FINITE
127,42,2,0,FINITE
128,9,2,0,FINITE
129,35,2,0.03896480700825942,FINITE
130,50,2,0,FINITE
131,18,2,,NAN
132,27,2,0.0013152737620463293,FINITE
133,11,2,0,FINITE
134,32,2,0,FINITE
135,6,2,0,FINITE
136,58,2,0,FINITE
137,10,2,0,FINITE
138,54,2,0,FINITE
139,37,2,0,FINITE
140,48,2,0,FINITE
141,36,2,,NAN
142,31,2,0,FINITE
143,40,2,0,FINITE
144,7,2,0,FINITE
145,46,2,0,FINITE
146,56,2,0,FINITE
147,5,2,0,FINITE
148,28,2,,NAN
149,49,2,0,FINITE
150,52,2,0,FINITE
151,41,1,,NAN
152,34,2,0,FINITE
153,76,0,0,FINITE
154,61,2,0.0006807440977635035,FINITE
155,21,2,0,FINITE
156,43,2,0.0019960078561420866,FINITE
157,99,0,0,FINITE
158,22,2,0,FINITE
159,13,2,0,FINITE
160,44,2,0,FINITE
161,47,2,0.004885717902848333,FINITE
162,53,2,0,FINITE
163,33,2,0,FINITE
164,97,0,0.023204024948593263,FINITE
165,62,2,0,FINITE
166,19,2,,NAN
167,71,0,0,FINITE
168,17,2,0,FINITE
169,91,0,0,FINITE
170,30,2,0,FINITE
171,3,2,0,FINITE
172,39,2,0,FINITE
173,15,2,0,FINITE
174,96,0,0.2238561196477944,FINITE
175,26,1,0.4267908370868595,FINITE
176,57,2,0,FINITE
177,59,2,0,FINITE
178,103,0,0.6412478443260674,FINITE
179,75,0,0.029031513348753445,FINITE
180,12,2,0,FINITE
181,119,0,0,FINITE
182,94,0,0,FINITE
183,83,0,0,FINITE
184,25,2,0,FINITE
185,69,0,0,FINITE
186,78,0,0,FINITE
187,66,0,0,FINITE
188,80,0,0.5976763011014552,FINITE
189,86,0,0,FINITE
190,74,0,0,FINITE
191,118,0,0,FINITE
192,73,0,0,FINITE
193,104,0,0,FINITE
194,60,2,0.0323557759891807,FINITE
195,87,0,0,FINITE
196,100,0,0.033878588887112704,FINITE
197,65,0,,NAN
198,122,0,0,FINITE
199,64,0,,NAN
200,110,0,0,FINITE
201,115,0,0,FINITE
202,88,0,0,FINITE
203,111,0,0,FINITE
204,79,0,0,FINITE
205,114,0,0.0010211211481455584,FINITE
206,112,0,0,FINITE
207,89,0,0,FINITE
208,117,0,0,FINITE
209,84,0,0,FINITE
210,108,0,0.017408146287314435,FINITE
211,121,0,0,FINITE
212,70,0,0,FINITE
213,90,0,,NAN
214,98,0,0,FINITE
215,63,0,0,FINITE
216,81,0,0,FINITE
217,67,0,0,FINITE
218,14,2,,NAN
219,93,0,,NAN
220,72,0,0.015038479850678908,FINITE
221,113,0,0.0010211211481455584,FINITE
222,85,0,0.0029246901339921136,FINITE
223,38,2,,NAN
224,82,0,0,FINITE
225,95,0,0,FINITE
226,120,0,0,FINITE
227,8,2,,NAN
228,77,0,,NAN
229,102,0,0.40930198214773694,FINITE
230,51,2,,NAN
231,45,2,,NAN
232,24,2,,NAN
233,4,1,,NAN
1265,183,2,0.001021117813812023,FINITE
1349,183,3,0.002215078404254738,FINITE
1431,159,5,0.001848934883525221,FINITE
1521,159,6,0.002022420390797925,FINITE
1606,159,7,0.0021352041086971983,FINITE
1714,196,2,0.002162821558487691,FINITE
2096,202,5,0.0016556424762609757,FINITE
2205,202,6,0.0018369349987939953,FINITE
2336,202,7,0.001607318123944746,FINITE
2489,274,6,0.02646487364382963,FINITE
2589,274,7,,NAN
2695,274,8,,NAN
2853,223,8,,NAN
2967,223,9,,NAN
3141,426,1,0.028935541188218866,FINITE
3278,426,2,0.023622530060358745,FINITE
3403,426,3,0.02377312398230661,FINITE
3528,426,4,0.025499125616226886,FINITE
3661,394,6,,NAN
3782,394,7,,NAN
3908,394,8,,NAN
4529,521,9,,NAN
4613,622,0,0.02775574792908335,FINITE
4679,622,1,0.02218394990449265,FINITE
4755,622,2,0.021064222622053843,FINITE
4825,622,3,0.02215735443365538,FINITE
4866,540,6,,NAN
4995,540,7,,NAN
5173,656,0,,NAN
5332,665,0,0.03470838598573922,FINITE
5464,665,1,0.02739522774836032,FINITE
5593,665,2,0.028086086038976155,FINITE
6395,799,3,,NAN
6459,799,4,,NAN
6546,799,5,,NAN
6638,799,6,,NAN
6712,799,7,,NAN
6781,799,8,,NAN
6857,799,9,,NAN
6953,900,0,0,FINITE
7028,926,0,0,FINITE
7107,948,0,0.023342668249035296,FINITE
7165,905,3,,NAN
7252,905,4,,NAN
7333,905,5,,NAN
7406,905,6,,NAN
7493,905,7,,NAN
7578,905,8,,NAN
7650,905,9,,NAN
7734,1037,0,0.021578163173614752,FINITE
7812,1037,1,0.02104154271255513,FINITE
7892,1037,2,0.026451190728135548,FINITE
7983,1037,3,0.02561323425955938,FINITE
8049,1071,0,,NAN
8173,1091,0,0.03062726654269844,FINITE
8316,1091,1,0.030305812034517453,FINITE
8444,1091,2,0.031709678902317004,FINITE
8588,1091,3,0.032975975253794504,FINITE
8734,1091,4,0.03362387242078422,FINITE
8872,1091,5,0.03255908667281933,FINITE
9910,1321,0,,NAN
9965,1329,0,0.020504922251495618,FINITE
10018,1329,1,0.019718126317037295,FINITE
10069,1329,2,0.020787663660594594,FINITE
10129,1329,3,0.021619078448995875,FINITE
10166,1308,6,,NAN
10223,1308,7,,NAN
10288,1308,8,,NAN
234,42,3,0,FINITE
235,29,0,1.3952186162992142,FINITE
1266,174,3,0.0012417356085711365,FINITE
1370,174,4,0.0009933884868569092,FINITE
1432,152,5,0.0013614815261927809,FINITE
1524,152,6,0.001166984165308098,FINITE
1715,154,8,0.0011345734961613159,FINITE
1803,154,9,0.0010211161465451843,FINITE
2097,293,1,0.0010211161466452553,FINITE
2207,293,2,0.002042218954622058,FINITE
2304,293,3,0.0015316642159665438,FINITE
2392,293,4,0.001633777831431337,FINITE
2490,256,7,0.001131422126232791,FINITE
2586,256,8,0.0012326232559058707,FINITE
2685,256,9,0.0012114730451298396,FINITE
2854,300,2,0.0006807474320970389,FINITE
2983,420,0,0.03837543747872315,FINITE
3142,412,3,0.03074259635844767,FINITE
3218,412,4,0.028286691173532517,FINITE
3307,412,5,0.026998451361089883,FINITE
3406,412,6,0.026436584259241502,FINITE
3479,412,7,0.02676626370973673,FINITE
3662,426,5,0.027989087114762223,FINITE
3761,426,6,0.02777515950101763,FINITE
3867,426,7,,NAN
3995,426,8,,NAN
4530,601,0,0.02483180899729954,FINITE
4612,601,1,0.021397264243191216,FINITE
4691,601,2,0.02706798305692841,FINITE
4765,601,3,,NAN
4839,601,4,,NAN
4867,636,2,0.026468577228684415,FINITE
4971,636,3,0.028645594405124992,FINITE
5061,636,4,0.027721877436327768,FINITE
5174,545,8,,NAN
5331,545,9,,NAN
5486,712,0,0.0183225249027894,FINITE
5600,712,1,0.023591712136923945,FINITE
6396,761,7,0.025946662330672055,FINITE
6467,761,8,0.025985991012900365,FINITE
6542,761,9,0.026068622430858397,FINITE
6609,851,0,,NAN
6663,855,0,0.017633102840817524,FINITE
6745,855,1,,NAN
6822,855,2,,NAN
6899,855,3,,NAN
6993,855,4,,NAN
7077,855,5,,NAN
7159,855,6,,NAN
7166,953,0,0,FINITE
7267,980,0,,NAN
7400,1000,0,0.03594509732704734,FINITE
7529,1000,1,0.029202759025451167,FINITE
7659,1000,2,0.027635903466645535,FINITE
7755,1000,3,0.028314422585437746,FINITE
7859,1000,4,0.02924036239966813,FINITE
7940,1000,5,0.030803425478711385,FINITE
8050,982,7,,NAN
8171,982,8,,NAN
8293,982,9,,NAN
8445,1112,0,0.018238113880368913,FINITE
8574,1112,1,0.017770800036460588,FINITE
8743,1112,2,0.022010074438392525,FINITE
8875,1112,3,,NAN
9911,1306,1,0.024129414060703347,FINITE
9962,1306,2,0.025661028896116822,FINITE
10013,1306,3,0.026218871363160538,FINITE
10070,1306,4,0.026024252394655716,FINITE
10127,1306,5,0.0252688519823054,FINITE
10167,1346,2,0.019968846774043533,FINITE
10222,1346,3,0.024514255311837714,FINITE
10290,1346,4,0.024539178903767594,FINITE
10356,1346,5,0.024109012014717688,FINITE
10421,1346,6,0.023752040881115356,FINITE
10486,1346,7,0.023021834451188637,FINITE
10558,1346,8,0.023134289778870675,FINITE
10624,1346,9,0.023196720616019746,FINITE
10699,1433,0,0.011784533410761891,FINITE
11082,1200,9,,NAN
11237,1519,0,,NAN
11301,1543,0,0.02102358997184662,FINITE
11386,1543,1,0.029976800326169003,FINITE
11457,1543,2,0.03144481089794592,FINITE
11528,1543,3,0.028874647060465976,FINITE
11600,1543,4,0.027470807603272522,FINITE
11673,1543,5,0.028042761433068705,FINITE
11740,1543,6,0.027442789664416573,FINITE
11809,1543,7,0.028333658792026678,FINITE
11895,1543,8,0.028680482391598386,FINITE
11950,1543,9,,NAN
12013,1630,0,,NAN
12081,1633,0,0.02199216077514781,FINITE
12160,1633,1,0.017563655940114224,FINITE
13874,1877,6,0.024961804129447745,FINITE
13912,1877,7,0.02596696768350044,FINITE
13956,1877,8,0.02611369216093108,FINITE
13990,1877,9,0.025660139262199445,FINITE
14025,1928,0,0.024311219001210835,FINITE
14069,1928,1,0.023316498212311895,FINITE
14112,1928,2,0.026505955064881386,FINITE
14150,1928,3,0.028240028658675913,FINITE
14186,1928,4,0.027001307551405118,FINITE
14220,1928,5,0.028222506625190675,FINITE
14257,1928,6,0.029215955097941528,FINITE
14303,1928,7,0.02888195119394023,FINITE
14341,1928,8,0.028107043263711315,FINITE
14375,1928,9,,NAN
14412,2000,0,,NAN
14450,2007,0,0.0010211211481455584,FINITE
14492,2013,0,0,FINITE
14527,2019,0,0.031923331136879576,FINITE
14561,2019,1,,NAN
14597,2019,2,,NAN
14632,2019,3,,NAN
14671,2019,4,,NAN
14707,2019,5,,NAN
14738,2019,6,,NAN
14770,2019,7,,NAN
14797,2019,8,,NAN
14836,2019,9,,NAN
14867,2086,0,0.0019035889928484776,FINITE
14892,2094,0,0.05223032987814155,FINITE
16586,2217,9,,NAN
16656,2379,0,0.5342650131849072,FINITE
16724,2379,1,0.5334310808914517,FINITE
16766,2379,2,0.5260595721366933,FINITE
16822,2379,3,0.5269105689815606,FINITE
16892,2379,4,,NAN
16939,2379,5,,NAN
16992,2379,6,,NAN
17032,2379,7,,NAN
17081,2379,8,,NAN
17136,2379,9,,NAN
17168,2448,0,0.014240603253706031,FINITE
17204,2448,1,0.016542810191612026,FINITE
17235,2448,2,0.01502037571393639,FINITE
17266,2448,3,0.020831245421645453,FINITE
17297,2448,4,0.019997892722773015,FINITE
17334,2448,5,0.019851961224044562,FINITE
17368,2448,6,0.021576442640163833,FINITE
17396,2448,7,0.023211394302438106,FINITE
17430,2448,8,0.02332778259703719,FINITE
17470,2448,9,0.02284131138072066,FINITE
17499,2480,0,0.004775889052448694,FINITE
17571,2487,0,,NAN
17595,2509,0,0.019865948049353203,FINITE
17619,2509,1,,NAN
236,27,3,0.000986455321534747,FINITE
1267,76,9,0,FINITE
1433,127,6,0,FINITE
1534,127,7,0,FINITE
1719,148,8,0.0014229127713528068,FINITE
1815,148,9,0.001280621494217526,FINITE
2098,283,2,,NAN
2202,283,3,,NAN
2298,283,4,,NAN
2377,283,5,,NAN
2491,196,8,0.0019535615521791643,FINITE
2610,196,9,0.0017582053969612478,FINITE
2855,306,1,0.45848755883071984,FINITE
2975,306,2,0.4457184849336427,FINITE
3143,387,2,0.018042105636350194,FINITE
3279,387,3,0.02005049520656864,FINITE
3389,387,4,,NAN
3513,387,5,,NAN
3667,461,1,0.0009517944964242388,FINITE
3765,461,2,0.0006345296642828259,FINITE
3887,461,3,0.0004758972482121194,FINITE
4531,586,1,0.02804902990019028,FINITE
4607,586,2,0.031197136763902428,FINITE
4689,586,3,0.02766795553007913,FINITE
4760,586,4,0.02779603015718684,FINITE
4835,586,5,0.027973508359498783,FINITE
4868,600,5,,NAN
4954,600,6,,NAN
5038,600,7,,NAN
5113,600,8,,NAN
5175,651,1,0.023039977250055108,FINITE
5319,651,2,0.022212402266328975,FINITE
5483,651,3,0.023455008671150152,FINITE
5636,651,4,0.022290627505083628,FINITE
6397,700,7,,NAN
6561,700,8,,NAN
6684,700,9,,NAN
6860,865,0,0.017962719489082783,FINITE
6976,865,1,0.01972728470481829,FINITE
7121,865,2,0.021301477237096522,FINITE
7167,922,1,0.02972491562250789,FINITE
7271,922,2,0.030348526109758484,FINITE
7393,922,3,0.027693220769546653,FINITE
7515,922,4,0.028186377934435597,FINITE
7663,922,5,0.028013455725351983,FINITE
7767,922,6,0.03015106135183887,FINITE
7873,922,7,0.029716386419363826,FINITE
7955,922,8,,NAN
8051,1036,4,,NAN
8125,1036,5,,NAN
8191,1036,6,,NAN
8258,1036,7,,NAN
8320,1036,8,,NAN
8384,1036,9,,NAN
8451,1129,0,0.010072117925868092,FINITE
8520,1129,1,0.020348680953516878,FINITE
8579,1129,2,0.025859659710498556,FINITE
8647,1129,3,0.023630186914915773,FINITE
8706,1129,4,,NAN
8765,1129,5,,NAN
8832,1129,6,,NAN
8891,1129,7,,NAN
9912,1254,8,,NAN
9968,1254,9,,NAN
10023,1339,0,0.03994860797816499,FINITE
10076,1339,1,,NAN
10128,1339,2,,NAN
10168,1334,3,0.0205697991172665,FINITE
10226,1334,4,,NAN
10293,1334,5,,NAN
10359,1334,6,,NAN
10415,1334,7,,NAN
10479,1334,8,,NAN
10545,1334,9,,NAN
10685,1423,0,,NAN
10801,1443,0,0.6749143557801693,FINITE
10865,1443,1,,NAN
11087,1483,0,0.5757960550414147,FINITE
11207,1483,1,,NAN
11349,1483,2,,NAN
11387,1483,3,,NAN
11522,1483,4,,NAN
11657,1483,5,,NAN
11801,1483,6,,NAN
11942,1483,7,,NAN
12094,1483,8,,NAN
13875,1844,7,,NAN
13940,1844,8,,NAN
13995,1844,9,,NAN
14031,1930,0,,NAN
14077,1934,0,,NAN
14126,1938,0,0.28843111524753584,FINITE
14167,1938,1,,NAN
14208,1938,2,,NAN
14244,1938,3,,NAN
14287,1938,4,,NAN
14335,1938,5,,NAN
14371,1938,6,,NAN
14427,1938,7,,NAN
14487,1938,8,,NAN
14530,1938,9,,NAN
14567,2025,0,,NAN
14602,2030,0,,NAN
14667,2038,0,0.4339403643612486,FINITE
16589,2337,1,,NAN
16695,2337,2,,NAN
16813,2337,3,,NAN
16920,2337,4,,NAN
17044,2337,5,,NAN
17155,2337,6,,NAN
17305,2337,7,,NAN
17433,2337,8,,NAN
17541,2337,9,,NAN
17624,2501,0,,NAN
17669,2525,0,,NAN
17710,2541,0,,NAN
17752,2553,0,0.00700899463853458,FINITE
17794,2562,0,0.3953309753304675,FINITE
17832,2562,1,,NAN
17881,2562,2,,NAN
17929,2562,3,,NAN
17974,2562,4,,NAN
18022,2562,5,,NAN
18089,2562,6,,NAN
18138,2562,7,,NAN
18205,2562,8,,NAN
18207,2630,0,0,FINITE
18227,2637,0,,NAN
18254,2640,0,0.2625605728745386,FINITE
18280,2640,1,,NAN
18299,2640,2,,NAN
18322,2640,3,,NAN
18341,2640,4,,NAN
18369,2640,5,,NAN
18400,2640,6,,NAN
21179,3205,0,0.023897241450803436,FINITE
21355,3205,1,,NAN
21437,3205,2,,NAN
21509,3205,3,,NAN
21687,3361,3,,NAN
21764,3361,4,,NAN
21845,3361,5,,NAN
21878,3176,4,,NAN
21925,3361,6,,NAN
22000,3361,7,,NAN
22067,3361,8,,NAN
22089,3176,5,,NAN
22160,3361,9,,NAN
22233,3450,0,,NAN
22285,3176,6,,NAN
22316,3460,0,0,FINITE
22564,3235,9,,NAN
22731,3563,0,,NAN
22795,3600,0,0,FINITE
22861,3611,0,0.003063333434434146,FINITE
22987,3624,0,0.3903481734016081,FINITE
23120,3624,1,0.40814633594996697,FINITE
23256,3624,2,0.4157275578827178,FINITE
23706,3684,4,,NAN
23884,3574,7,,NAN
23893,3684,5,,NAN
23980,3574,8,,NAN
24021,3684,6,,NAN
24078,3684,7,,NAN
24079,3574,9,,NAN
237,35,3,0.0394295407554017,FINITE
1268,163,3,0.0010211186473954067,FINITE
1373,163,4,0.0012253413765744275,FINITE
1434,184,2,0.00034037371604851946,FINITE
1591,184,3,0.0002552802870363896,FINITE
1720,175,5,0.00133837597661921,FINITE
2099,239,3,0.002994006781712071,FINITE
2197,239,4,0.0025994296549987682,FINITE
2290,239,5,0.0021661913791656403,FINITE
2380,239,6,0.002002609917591343,FINITE
2492,214,8,0.0016652300589897107,FINITE
2626,214,9,0.0017029302824197907,FINITE
2856,375,0,0.028222015412557054,FINITE
2977,375,1,0.02265121362058315,FINITE
3144,344,4,,NAN
3238,344,5,,NAN
3333,344,6,,NAN
3437,344,7,,NAN
3511,344,8,,NAN
3671,470,0,0,FINITE
3778,470,1,0,FINITE
3916,532,0,0.04461080872533586,FINITE
4532,572,4,0.026156499820162958,FINITE
4626,572,5,0.02498413380520283,FINITE
4699,572,6,0.025829328688231543,FINITE
4770,572,7,0.025808375904947944,FINITE
4842,572,8,0.02483860211868809,FINITE
4869,613,4,0.02694131741750269,FINITE
4945,613,5,0.025762089189477793,FINITE
5015,613,6,0.025960197116685825,FINITE
5085,613,7,0.02656065838730106,FINITE
5176,609,8,,NAN
5263,609,9,,NAN
5325,692,0,,NAN
5401,711,0,0.018515400481252872,FINITE
5482,711,1,0.019510161366374245,FINITE
5558,711,2,0.02019949530212108,FINITE
5625,711,3,0.021054610189070677,FINITE
5699,711,4,,NAN
6398,810,3,0.023721110121172784,FINITE
6466,810,4,0.024015577391589344,FINITE
6548,810,5,0.025981070627644584,FINITE
6618,810,6,,NAN
6704,810,7,,NAN
6774,810,8,,NAN
6843,810,9,,NAN
6940,894,0,0.027012183814638546,FINITE
7018,894,1,0.028127514940671748,FINITE
7088,894,2,0.02872969330727726,FINITE
7168,878,4,,NAN
7257,878,5,,NAN
7335,878,6,,NAN
7401,878,7,,NAN
7477,878,8,,NAN
7563,878,9,,NAN
7635,1027,0,0.018567730528634283,FINITE
7715,1027,1,0.02116316433949784,FINITE
7795,1027,2,,NAN
7869,1027,3,,NAN
7952,1027,4,,NAN
8052,1072,0,0.04230126805611712,FINITE
8157,1072,1,0.03296061145301824,FINITE
8280,1072,2,0.028128097779969424,FINITE
8414,1072,3,0.025552092382137282,FINITE
8556,1072,4,0.024568037854363574,FINITE
8720,1072,5,0.024097020635428897,FINITE
8877,1072,6,0.024253652897975535,FINITE
9913,1281,3,0.0350532815840148,FINITE
9960,1281,4,0.035278020611159464,FINITE
10014,1281,5,0.03521069878474505,FINITE
10072,1281,6,,NAN
10124,1281,7,,NAN
10169,1331,1,,NAN
10271,1331,2,,NAN
10369,1331,3,,NAN
10467,1331,4,,NAN
10560,1331,5,,NAN
10635,1331,6,,NAN
10707,1331,7,,NAN
10774,1331,8,,NAN
10856,1331,9,,NAN
10971,1470,0,,NAN
11090,1464,0,1.5703033320785824,FINITE
11420,1464,1,,NAN
11720,1464,2,,NAN
11935,1464,3,,NAN
12177,1464,4,,NAN
13876,1852,8,,NAN
13913,1852,9,,NAN
13959,1923,0,,NAN
13991,1925,0,0.021853517474705774,FINITE
14027,1925,1,,NAN
14070,1925,2,,NAN
14105,1925,3,,NAN
14146,1925,4,,NAN
14179,1925,5,,NAN
14212,1925,6,,NAN
14248,1925,7,,NAN
14282,1925,8,,NAN
14330,1925,9,,NAN
14410,1991,0,0.5425290918716286,FINITE
14493,1991,1,0.5865727124580011,FINITE
14573,1991,2,,NAN
14662,1991,3,,NAN
14745,1991,4,,NAN
16616,2338,0,0.9909870505257394,FINITE
16840,2338,1,,NAN
17135,2338,2,,NAN
17415,2338,3,,NAN
17608,2338,4,,NAN
17812,2338,5,,NAN
18084,2338,6,,NAN
18208,2631,0,0.03581545964710879,FINITE
18231,2631,1,0.03486401586995052,FINITE
18261,2631,2,0.02882627564008175,FINITE
18283,2631,3,0.03218652794267065,FINITE
18303,2631,4,0.0292376482527354,FINITE
18324,2631,5,0.03300044020674871,FINITE
18338,2631,6,,NAN
18364,2631,7,,NAN
18394,2631,8,,NAN
18411,2631,9,,NAN
21180,3240,0,0.03503800263400471,FINITE
21226,3240,1,,NAN
21451,3240,2,,NAN
21521,3240,3,,NAN
21623,3240,4,,NAN
21688,3404,1,0.028101329855800182,FINITE
21775,3404,2,0.027472322309755454,FINITE
21868,3404,3,0.02837761771478483,FINITE
21888,3200,3,,NAN
21945,3404,4,0.028611130272958606,FINITE
21981,3200,4,,NAN
22033,3404,5,0.028004350610422456,FINITE
22123,3404,6,0.028781487972374255,FINITE
22180,3200,5,,NAN
22198,3404,7,,NAN
22253,3200,6,,NAN
22260,3404,8,,NAN
22326,3404,9,,NAN
22573,3222,9,,NAN
22716,3567,0,0.4531184996179156,FINITE
22847,3567,1,0.4629136427446995,FINITE
23010,3567,2,,NAN
23171,3567,3,,NAN
23305,3567,4,,NAN
23402,3567,5,,NAN
23533,3567,6,,NAN
23687,3567,7,,NAN
23707,3699,3,,NAN
23804,3699,4,,NAN
23891,3699,5,,NAN
23894,3671,5,,NAN
23965,3699,6,,NAN
23966,3671,6,,NAN
24024,3699,7,,NAN
24082,3699,8,,NAN
24107,3671,7,,NAN
24146,3699,9,,NAN
24230,3850,0,0.27214230589490784,FINITE
238,50,3,0,FINITE
239,23,3,0,FINITE
1269,173,3,0.0028553459730165823,FINITE
1376,173,4,0.002692723237071368,FINITE
1435,198,0,0.0019035889928484776,FINITE
1576,198,1,0.002829198457579441,FINITE
1721,206,2,0.0036053708617357267,FINITE
2100,220,3,0.15156053898092395,FINITE
2212,220,4,0.12124843118473916,FINITE
2340,220,5,0.10172109674904524,FINITE
2493,253,7,0.0014040278233233509,FINITE
2592,253,8,0.0014749394310974797,FINITE
2691,253,9,0.0013274454879877318,FINITE
2857,230,6,,NAN
3145,362,4,0.026175875885479212,FINITE
3228,362,5,0.02481236498542674,FINITE
3308,362,6,0.022805387466178672,FINITE
3409,362,7,0.022048563430449336,FINITE
3489,362,8,0.022011701546405717,FINITE
3688,325,6,,NAN
3808,325,7,,NAN
3971,325,8,,NAN
4533,603,0,0.029604433392222913,FINITE
4594,603,1,0.031040147550052705,FINITE
4674,603,2,0.030083990976838254,FINITE
4749,603,3,0.028383847073245184,FINITE
4820,603,4,0.02653153840467661,FINITE
4870,643,1,0.024933106348868916,FINITE
4949,643,2,0.027199523495597983,FINITE
5035,643,3,0.026325721559713945,FINITE
5106,643,4,0.02541401809210019,FINITE
5177,644,5,,NAN
5258,644,6,,NAN
5324,644,7,,NAN
5400,644,8,,NAN
5473,644,9,,NAN
5556,731,0,,NAN
5626,745,0,0.024727148902537268,FINITE
5707,745,1,0.0344666434377871,FINITE
6399,806,3,,NAN
6468,806,4,,NAN
6536,806,5,,NAN
6595,806,6,,NAN
6697,806,7,,NAN
6767,806,8,,NAN
6840,806,9,,NAN
6945,891,0,0.36158465135021484,FINITE
7169,936,1,0.028048028652026793,FINITE
7256,936,2,,NAN
7345,936,3,,NAN
7426,936,4,,NAN
7504,936,5,,NAN
7588,936,6,,NAN
7657,936,7,,NAN
7737,936,8,,NAN
7819,936,9,,NAN
8053,1077,0,0.023342668249035185,FINITE
8124,1077,1,0.025288913091015025,FINITE
8200,1077,2,,NAN
8263,1077,3,,NAN
8324,1077,4,,NAN
8392,1077,5,,NAN
8464,1077,6,,NAN
8529,1077,7,,NAN
8594,1077,8,,NAN
8656,1077,9,,NAN
8713,1159,0,0.026232462309822756,FINITE
8776,1159,1,0.024013363448979613,FINITE
8841,1159,2,0.023449501440457463,FINITE
8894,1159,3,0.023863909385391756,FINITE
8945,1159,4,0.023313108153294876,FINITE
9914,1244,9,,NAN
9972,1330,0,0.4253067705667203,FINITE
10035,1330,1,,NAN
10096,1330,2,,NAN
10156,1330,3,,NAN
10170,1317,5,,NAN
10232,1317,6,,NAN
10297,1317,7,,NAN
10355,1317,8,,NAN
10425,1317,9,,NAN
10498,1404,0,0.018931330382579076,FINITE
10563,1404,1,0.025055573782756385,FINITE
10636,1404,2,0.026012509845161333,FINITE
10703,1404,3,0.023744353968522865,FINITE
10776,1404,4,0.02509320782326957,FINITE
10845,1404,5,0.024253508043472937,FINITE
10901,1404,6,,NAN
10956,1404,7,,NAN
11118,1473,0,1.3517085268886624,FINITE
11427,1473,1,,NAN
11577,1473,2,,NAN
11832,1473,3,,NAN
12112,1473,4,,NAN
13877,1823,7,,NAN
13921,1823,8,,NAN
14026,1823,9,,NAN
14148,1933,0,,NAN
14199,1959,0,,NAN
14377,1969,0,1.1505610992749076,FINITE
14612,1969,1,1.169660147455481,FINITE
14853,1969,2,,NAN
16619,2267,9,0.3728465099782715,FINITE
16701,2382,0,,NAN
16733,2392,0,0.021439519873172608,FINITE
16764,2392,1,0.019713703759574496,FINITE
16792,2392,2,0.021024156794880438,FINITE
16831,2392,3,0.023328941917540102,FINITE
16868,2392,4,0.026630983132473324,FINITE
16900,2392,5,,NAN
16929,2392,6,,NAN
16969,2392,7,,NAN
16995,2392,8,,NAN
17028,2392,9,,NAN
17055,2440,0,0.02147157077905943,FINITE
17090,2440,1,0.020132128930598184,FINITE
17115,2440,2,0.021848005862504193,FINITE
17153,2440,3,,NAN
17191,2440,4,,NAN
17218,2440,5,,NAN
17249,2440,6,,NAN
17277,2440,7,,NAN
17317,2440,8,,NAN
17350,2440,9,,NAN
17377,2468,0,0.02306538164815122,FINITE
17405,2468,1,0.01956241624840537,FINITE
17442,2468,2,0.024297279483324313,FINITE
17476,2468,3,0.022886470557916986,FINITE
17508,2468,4,0.027357772777408577,FINITE
17537,2468,5,0.026997051726716376,FINITE
17569,2468,6,0.02626253716211387,FINITE
17591,2468,7,0.026714935015988032,FINITE
17614,2468,8,0.026849540233097286,FINITE
17633,2468,9,0.026893335007825175,FINITE
17657,2528,0,0,FINITE
17682,2535,0,0.03479469923880007,FINITE
17709,2535,1,0.037289697117816684,FINITE
17735,2535,2,0.031960090269454684,FINITE
17758,2535,3,,NAN
17785,2535,4,,NAN
17809,2535,5,,NAN
17836,2535,6,,NAN
17856,2535,7,,NAN
17877,2535,8,,NAN
17901,2535,9,,NAN
17926,2591,0,0.014156142136112866,FINITE
17959,2591,1,0.015618276982361054,FINITE
17980,2591,2,0.01796264934546681,FINITE
18007,2591,3,0.019100174701909126,FINITE
18032,2591,4,0.021052319635739,FINITE
18060,2591,5,0.021030088009296555,FINITE
18078,2591,6,0.021785642195458248,FINITE
18099,2591,7,0.022462334703786113,FINITE
18128,2591,8,0.02312729439959429,FINITE
18149,2591,9,0.023830465619034,FINITE
240,32,3,0,FINITE
1270,169,3,0.0011939822676139908,FINITE
1374,169,4,0.0015401238408896153,FINITE
1436,148,5,0.001623810250123199,FINITE
1532,148,6,0.001537711806983536,FINITE
1613,148,7,0.001345497831110594,FINITE
1722,168,8,0.0015363595605892176,FINITE
1814,168,9,0.0015730825038151434,FINITE
2101,187,5,0.0016787413558331018,FINITE
2213,187,6,0.0018765402242046797,FINITE
2356,187,7,0.0018972517328404086,FINITE
2494,198,8,0.0018459314360968458,FINITE
2611,198,9,0.001763450407301717,FINITE
2858,299,3,0.0007658408611091688,FINITE
2980,299,4,0.0010211191475454373,FINITE
3146,381,3,,NAN
3251,381,4,,NAN
3342,381,5,,NAN
3447,381,6,,NAN
3703,308,5,,NAN
3855,308,6,,NAN
4534,602,0,0.02022071281142355,FINITE
4614,602,1,0.017862795229157413,FINITE
4680,602,2,0.017445914112739002,FINITE
4766,602,3,0.020775407404956175,FINITE
4826,602,4,0.020676701514100844,FINITE
4871,590,5,,NAN
4963,590,6,,NAN
5049,590,7,,NAN
5178,596,9,,NAN
5268,666,0,0.03275314830876656,FINITE
5337,666,1,,NAN
5415,666,2,,NAN
5503,666,3,,NAN
5571,666,4,,NAN
5641,666,5,,NAN
5712,666,6,,NAN
6400,808,3,0.03028162470320427,FINITE
6479,808,4,0.028972959554111694,FINITE
6551,808,5,0.028805280626442078,FINITE
6649,808,6,0.02808432598700198,FINITE
6715,808,7,0.026912081967261248,FINITE
6809,808,8,0.025365907060303162,FINITE
6876,808,9,,NAN
6958,903,0,0,FINITE
7033,930,0,0.03421485635614249,FINITE
7109,930,1,0.027290567653598097,FINITE
7170,863,3,,NAN
7278,863,4,,NAN
7396,863,5,,NAN
7520,863,6,,NAN
7658,863,7,,NAN
7759,863,8,,NAN
7877,863,9,,NAN
7964,1064,0,0.018792687082136827,FINITE
8054,1032,5,,NAN
8126,1032,6,,NAN
8204,1032,7,,NAN
8273,1032,8,,NAN
8335,1032,9,,NAN
8404,1120,0,0.024767693038998173,FINITE
8463,1120,1,,NAN
8526,1120,2,,NAN
8586,1120,3,,NAN
8648,1120,4,,NAN
8709,1120,5,,NAN
8767,1120,6,,NAN
8831,1120,7,,NAN
8897,1120,8,,NAN
9915,1229,5,,NAN
10039,1229,6,,NAN
10151,1229,7,,NAN
10171,1314,5,0.025541344530509227,FINITE
10228,1314,6,0.02480106047070298,FINITE
10287,1314,7,0.02497771631407334,FINITE
10348,1314,8,0.024155833700669253,FINITE
10406,1314,9,0.025497524421122287,FINITE
10465,1396,0,0.003945781270133631,FINITE
10531,1396,1,0.002994006781712071,FINITE
10614,1396,2,0.0023363782371899,FINITE
10696,1396,3,0.0020075639649288148,FINITE
10775,1396,4,0.0016060511719430519,FINITE
10836,1396,5,0.001825824332284562,FINITE
10892,1396,6,0.0017108667345504187,FINITE
10943,1396,7,0.001624648536249811,FINITE
11129,1265,7,,NAN
11280,1265,8,,NAN
11441,1265,9,,NAN
11497,1575,0,0.020557252298876706,FINITE
11583,1575,1,,NAN
11655,1575,2,,NAN
11739,1575,3,,NAN
11800,1575,4,,NAN
11887,1575,5,,NAN
11948,1575,6,,NAN
12014,1575,7,,NAN
12091,1575,8,,NAN
12168,1575,9,,NAN
13878,1832,7,0.4521894895094599,FINITE
13962,1832,8,0.4560349186108162,FINITE
14060,1832,9,0.46271354074424725,FINITE
16639,2336,0,,NAN
16682,2385,0,0.027892398764291573,FINITE
16729,2385,1,0.03176761595263934,FINITE
16787,2385,2,0.03143303972896213,FINITE
16833,2385,3,0.02966566705886963,FINITE
16880,2385,4,0.03114434839675554,FINITE
16937,2385,5,0.030692479232025324,FINITE
16990,2385,6,0.030060216093885574,FINITE
17049,2385,7,,NAN
17105,2385,8,,NAN
17154,2385,9,,NAN
17211,2452,0,0.025418403026758345,FINITE
17281,2452,1,0.02792633683005028,FINITE
17335,2452,2,0.02410872741318679,FINITE
17398,2452,3,0.0231037936474325,FINITE
17453,2452,4,0.023988794700015314,FINITE
17518,2452,5,0.02439154234426097,FINITE
17550,2452,6,0.025289546870587522,FINITE
17578,2452,7,0.024315160954311032,FINITE
17628,2452,8,0.023453456607445456,FINITE
17671,2452,9,0.02218446318176994,FINITE
17712,2543,0,0,FINITE
17765,2554,0,0.7971695255164776,FINITE
17810,2554,1,,NAN
17862,2554,2,,NAN
17918,2554,3,,NAN
17966,2554,4,,NAN
18015,2554,5,,NAN
18069,2554,6,,NAN
18124,2554,7,,NAN
18194,2554,8,,NAN
18209,2618,3,,NAN
18228,2618,4,,NAN
18255,2618,5,,NAN
18281,2618,6,,NAN
18300,2618,7,,NAN
18321,2618,8,,NAN
18336,2618,9,,NAN
18361,2667,0,0.2209312301104594,FINITE
18390,2667,1,0.1947880124996361,FINITE
18408,2667,2,,NAN
21181,3239,0,0.02806502527041326,FINITE
21348,3239,1,0.29988667918704964,FINITE
21512,3239,2,,NAN
21689,3343,3,,NAN
21785,3343,4,,NAN
21871,3343,5,,NAN
21892,3247,6,,NAN
21976,3343,6,,NAN
22051,3343,7,,NAN
22065,3247,7,,NAN
22138,3247,8,,NAN
22163,3343,8,,NAN
22218,3247,9,,NAN
22242,3343,9,,NAN
22292,3457,0,0.0010211211481455584,FINITE
22328,3463,0,0,FINITE
241,7,3,0,FINITE
1271,167,3,0.0035045473462806927,FINITE
1371,167,4,0.002803637877024554,FINITE
1437,177,5,0.0021430758244229513,FINITE
1522,177,6,0.0022745411972816933,FINITE
1601,177,7,0.0019902235476214817,FINITE
1723,211,2,0.001021117813812023,FINITE
2102,280,2,0.026542080577235394,FINITE
2209,280,3,0.025288018714484908,FINITE
2307,280,4,0.025258638256762785,FINITE
2393,280,5,0.027095804683052404,FINITE
2495,299,0,0.0010211211481455584,FINITE
2616,299,1,0.0010211211481455584,FINITE
2859,291,9,,NAN
2951,421,0,0.03283740889493573,FINITE
3032,421,1,0.027414784835041766,FINITE
3147,370,4,,NAN
3234,370,5,,NAN
3322,370,6,,NAN
3413,370,7,,NAN
3517,370,8,,NAN
3729,372,1,,NAN
4535,608,0,0.010072117925867981,FINITE
4606,608,1,0.024128291028383847,FINITE
4656,608,2,0.023728420909776695,FINITE
4721,608,3,0.023852542119370074,FINITE
4809,608,4,0.023496343933300166,FINITE
4872,615,4,,NAN
4962,615,5,,NAN
5044,615,6,,NAN
5114,615,7,,NAN
5179,588,9,,NAN
5271,667,0,,NAN
5334,694,0,0.016196221978575967,FINITE
5405,694,1,,NAN
5494,694,2,,NAN
5590,694,3,,NAN
5674,694,4,,NAN
6401,804,3,0.028542554412402617,FINITE
6469,804,4,0.02774494800920519,FINITE
6547,804,5,0.030720733119359616,FINITE
6611,804,6,0.030262406178576676,FINITE
6681,804,7,0.030162829167727202,FINITE
6753,804,8,0.029601085173556904,FINITE
6824,804,9,0.02898910781114894,FINITE
6884,887,0,0,FINITE
6948,908,0,0.040668884846866704,FINITE
7021,908,1,0.029548986037529423,FINITE
7103,908,2,0.02910054688197138,FINITE
7171,860,3,,NAN
7260,860,4,,NAN
7389,860,5,,NAN
7498,860,6,,NAN
7626,860,7,,NAN
7738,860,8,,NAN
7861,860,9,,NAN
8055,304,6,,NAN
8879,304,7,,NAN
9916,1279,3,,NAN
9976,1279,4,,NAN
10033,1279,5,,NAN
10087,1279,6,,NAN
10144,1279,7,,NAN
10172,1337,2,,NAN
10241,1337,3,,NAN
10320,1337,4,,NAN
10382,1337,5,,NAN
10452,1337,6,,NAN
10535,1337,7,,NAN
10639,1337,8,,NAN
10728,1337,9,,NAN
10799,1450,0,0.015952918583371434,FINITE
10862,1450,1,,NAN
10921,1450,2,,NAN
10975,1450,3,,NAN
11137,1267,7,,NAN
11292,1267,8,,NAN
11487,1267,9,,NAN
11566,1579,0,0.027373801233436905,FINITE
11639,1579,1,0.017771245139267165,FINITE
11705,1579,2,0.024887824768949646,FINITE
11775,1579,3,0.027550411838268417,FINITE
11862,1579,4,0.027885229315615455,FINITE
11923,1579,5,0.0276385711905944,FINITE
11987,1579,6,0.028515050847988072,FINITE
12063,1579,7,0.029105606131725276,FINITE
12143,1579,8,0.029687737242844084,FINITE
13879,1912,1,0.028241700444114025,FINITE
13914,1912,2,0.0319424095217451,FINITE
13957,1912,3,,NAN
13992,1912,4,,NAN
14029,1912,5,,NAN
14071,1912,6,,NAN
14110,1912,7,,NAN
14149,1912,8,,NAN
14182,1912,9,,NAN
14260,1967,0,0.574892951335042,FINITE
14344,1967,1,,NAN
16651,1969,9,,NAN
16687,2387,0,0.029795406740046354,FINITE
16718,2387,1,,NAN
16754,2387,2,,NAN
16784,2387,3,,NAN
16815,2387,4,,NAN
16852,2387,5,,NAN
16890,2387,6,,NAN
16924,2387,7,,NAN
16957,2387,8,,NAN
16989,2387,9,,NAN
17018,2435,0,0.04058949443299387,FINITE
17047,2435,1,0.03152495757842454,FINITE
17078,2435,2,0.031133298366221224,FINITE
17107,2435,3,0.030461716766180844,FINITE
17140,2435,4,,NAN
17176,2435,5,,NAN
17210,2435,6,,NAN
17239,2435,7,,NAN
17268,2435,8,,NAN
17299,2435,9,,NAN
17336,2463,0,0.018567730528633954,FINITE
17366,2463,1,0.019657978087666943,FINITE
17394,2463,2,0.024692224069484837,FINITE
17425,2463,3,0.022534030764278505,FINITE
17462,2463,4,0.021951753542252584,FINITE
17493,2463,5,,NAN
17521,2463,6,,NAN
17559,2463,7,,NAN
17583,2463,8,,NAN
17603,2463,9,,NAN
17627,2519,0,0.13370019648215314,FINITE
17649,2519,1,0.13373207350710042,FINITE
17674,2519,2,,NAN
17697,2519,3,,NAN
17719,2519,4,,NAN
17747,2519,5,,NAN
17770,2519,6,,NAN
17797,2519,7,,NAN
17828,2519,8,,NAN
17847,2519,9,,NAN
17866,2584,0,0.015452547599510192,FINITE
17889,2584,1,,NAN
17913,2584,2,,NAN
17938,2593,0,0.01874035703475563,FINITE
17963,2593,1,0.02050490220539375,FINITE
17985,2593,2,0.021525809737775185,FINITE
18013,2593,3,,NAN
18036,2593,4,,NAN
18064,2593,5,,NAN
18086,2593,6,,NAN
18114,2593,7,,NAN
18136,2593,8,,NAN
18157,2593,9,,NAN
18174,2623,0,0,FINITE
18198,2628,0,0,FINITE
18210,2633,0,0.02932022395215083,FINITE
18229,2633,1,,NAN
18252,2633,2,,NAN
18271,2633,3,,NAN
18288,2633,4,,NAN
18308,2633,5,,NAN
18327,2633,6,,NAN
18343,2633,7,,NAN
242,58,3,0,FINITE
1272,96,8,,NAN
1438,153,5,0.0016556291359243669,FINITE
1529,153,6,0.0014191106879351716,FINITE
1607,153,7,0.0012417218519432751,FINITE
1727,205,2,0.005260951637144933,FINITE
2103,185,6,0.0018567368971422798,FINITE
2241,185,7,0.0018625934091055546,FINITE
2359,185,8,0.0016556385858716041,FINITE
2496,293,5,0.002212399142978458,FINITE
2584,293,6,0.0018963421225529642,FINITE
2690,293,7,0.0016592993572338436,FINITE
2860,315,1,0.028489097249636677,FINITE
2987,315,2,0.02579893449923597,FINITE
3148,429,2,0.03489557591769323,FINITE
3227,429,3,0.031055764788541964,FINITE
3314,429,4,0.033844982118674274,FINITE
3396,429,5,0.0325273172693697,FINITE
3483,429,6,,NAN
3742,105,6,,NAN
4536,524,9,,NAN
4616,623,0,0.01842908722819214,FINITE
4690,623,1,0.018541565504943576,FINITE
4773,623,2,0.020050151660963897,FINITE
4847,623,3,0.019225312540808975,FINITE
4873,609,4,,NAN
4957,609,5,,NAN
5028,609,6,,NAN
5094,609,7,,NAN
5180,605,8,,NAN
5264,605,9,,NAN
5327,693,0,0.0309548606294307,FINITE
5403,693,1,0.02789235362437057,FINITE
5490,693,2,0.027027604605586297,FINITE
5569,693,3,0.02670721527142937,FINITE
5632,693,4,,NAN
5711,693,5,,NAN
6402,827,1,0.017217963741220053,FINITE
6556,827,2,0.018348503276232705,FINITE
6673,827,3,0.018693203644402374,FINITE
6819,827,4,0.01811099576507699,FINITE
6932,827,5,0.01991103261923295,FINITE
7067,827,6,0.022809241088767893,FINITE
7172,893,3,0.020535601318490502,FINITE
7268,893,4,,NAN
7350,893,5,,NAN
7424,893,6,,NAN
7494,893,7,,NAN
7575,893,8,,NAN
7653,893,9,,NAN
7742,1038,0,0.02124162368616126,FINITE
7806,1038,1,0.03084517091326573,FINITE
7886,1038,2,0.03259436269150811,FINITE
7971,1038,3,0.030523576768933844,FINITE
8056,1075,0,0.5521184692975641,FINITE
8129,1075,1,0.29032241583874824,FINITE
8202,1075,2,0.19617874470723662,FINITE
8270,1075,3,,NAN
8330,1075,4,,NAN
8389,1075,5,,NAN
8460,1075,6,,NAN
8519,1075,7,,NAN
8573,1075,8,,NAN
8625,1075,9,,NAN
8683,1156,0,0.03028870449371218,FINITE
8749,1156,1,0.02790588380761651,FINITE
8814,1156,2,0.024931809348397727,FINITE
8862,1156,3,0.024093397804701953,FINITE
8934,1156,4,0.025273332453986875,FINITE
9917,1320,0,0.04027822462643003,FINITE
9974,1320,1,,NAN
10024,1320,2,,NAN
10079,1320,3,,NAN
10133,1320,4,,NAN
10173,1224,7,,NAN
10268,1224,8,,NAN
10354,1224,9,,NAN
10447,1389,0,0.0040844245705756645,FINITE
10534,1389,1,0.0020422122852878323,FINITE
10599,1389,2,0.002042218954622058,FINITE
10666,1389,3,0.0015316642159665438,FINITE
10730,1389,4,0.0017720747300070123,FINITE
10796,1389,5,0.00164691579969677,FINITE
10873,1389,6,0.001703389584495876,FINITE
10953,1389,7,0.0014904658864338914,FINITE
11149,1468,0,,NAN
11215,1531,0,0.019338435214076823,FINITE
11286,1531,1,0.0257253485340072,FINITE
11352,1531,2,0.027249448987482564,FINITE
11432,1531,3,,NAN
11498,1531,4,,NAN
11587,1531,5,,NAN
11650,1531,6,,NAN
11730,1531,7,,NAN
11786,1531,8,,NAN
11876,1531,9,,NAN
11934,1622,0,,NAN
11994,1629,0,0.023065381648151112,FINITE
12069,1629,1,0.025150269790572992,FINITE
12142,1629,2,0.028007379442038374,FINITE
13880,1881,6,0.002148485796612439,FINITE
13916,1881,7,0.002007565215554079,FINITE
13958,1881,8,0.001784502413825848,FINITE
13994,1881,9,0.0016060521724432634,FINITE
14034,1929,0,0.015920807548217484,FINITE
14083,1929,1,0.014527979326649058,FINITE
14121,1929,2,0.0176390881825011,FINITE
14160,1929,3,,NAN
14196,1929,4,,NAN
14232,1929,5,,NAN
14264,1929,6,,NAN
14305,1929,7,,NAN
14342,1929,8,,NAN
14373,1929,9,,NAN
14413,1999,0,0.025798377316339896,FINITE
14457,1999,1,,NAN
14501,1999,2,,NAN
14534,1999,3,,NAN
14568,1999,4,,NAN
14604,1999,5,,NAN
14639,1999,6,,NAN
14676,1999,7,,NAN
14713,1999,8,,NAN
14744,1999,9,,NAN
14774,2069,0,,NAN
14802,2078,0,0.02500247312543213,FINITE
14837,2078,1,0.02806498013049237,FINITE
14871,2078,2,0.02815742404409406,FINITE
14895,2078,3,0.02728628215236226,FINITE
14924,2078,4,0.026210581686265767,FINITE
16660,2339,0,1.1196768370684604,FINITE
16940,2339,1,,NAN
17283,2339,2,,NAN
17565,2339,3,,NAN
17793,2339,4,,NAN
18037,2339,5,,NAN
18211,2564,8,,NAN
18268,2564,9,,NAN
18317,2652,0,0.261815612486786,FINITE
18375,2652,1,0.25921030049275523,FINITE
18410,2652,2,0.2614909911895796,FINITE
21182,3170,0,0.03963946111959298,FINITE
21425,3170,1,,NAN
21504,3170,2,,NAN
21585,3170,3,,NAN
21690,3332,3,,NAN
21778,3332,4,,NAN
21854,3332,5,,NAN
21922,3147,5,,NAN
21943,3332,6,,NAN
22034,3332,7,,NAN
22110,3147,6,,NAN
22148,3332,8,,NAN
22235,3332,9,,NAN
22288,3147,7,,NAN
22322,3461,0,0.0010211211481455584,FINITE
22372,3147,8,,NAN
243,11,3,0,FINITE
1273,99,9,0,FINITE
1439,158,5,0.0022670482491333184,FINITE
1537,158,6,0.002964275347682329,FINITE
1729,232,0,0,FINITE
2104,189,5,0.001508552830475289,FINITE
2230,189,6,0.0018567283218550521,FINITE
2365,189,7,0.0018799163182844844,FINITE
2497,197,8,0.00111916868500109,FINITE
2602,197,9,0.0012114750458300319,FINITE
2861,388,0,0.04550826149505871,FINITE
2952,388,1,,NAN
3040,388,2,,NAN
3149,425,1,0.022157875101828886,FINITE
3282,425,2,0.023913960494825328,FINITE
3399,425,3,0.020488160677696526,FINITE
3526,425,4,0.02116997683231795,FINITE
3845,20,7,,NAN
4537,588,1,0.025728875142640373,FINITE
4610,588,2,,NAN
4678,588,3,,NAN
4757,588,4,,NAN
4827,588,5,,NAN
4874,644,1,0.03181520460496331,FINITE
4958,644,2,,NAN
5040,644,3,,NAN
5101,644,4,,NAN
5181,600,9,,NAN
5243,668,0,0.028531282722793344,FINITE
5317,668,1,,NAN
5387,668,2,,NAN
5456,668,3,,NAN
5547,668,4,,NAN
5614,668,5,,NAN
5702,668,6,,NAN
6403,816,3,,NAN
6472,816,4,,NAN
6543,816,5,,NAN
6616,816,6,,NAN
6699,816,7,,NAN
6768,816,8,,NAN
6847,816,9,,NAN
6916,896,0,0,FINITE
6986,919,0,,NAN
7065,934,0,0.020834538899760776,FINITE
7145,934,1,0.024960197412161073,FINITE
7173,819,7,,NAN
7286,819,8,,NAN
7399,819,9,,NAN
7524,1011,0,0.033964902140173545,FINITE
7665,1011,1,,NAN
7763,1011,2,,NAN
7876,1011,3,,NAN
7953,1011,4,,NAN
8058,1037,4,0.02571618620056849,FINITE
8134,1037,5,0.025150451404375922,FINITE
8211,1037,6,0.02473887940032677,FINITE
8278,1037,7,0.024133771850579213,FINITE
8346,1037,8,0.025278148543723813,FINITE
8417,1037,9,0.02541335740125064,FINITE
8491,1134,0,,NAN
8544,1147,0,0.022408090676473796,FINITE
8595,1147,1,,NAN
8662,1147,2,,NAN
8727,1147,3,,NAN
8798,1147,4,,NAN
8855,1147,5,,NAN
8932,1147,6,,NAN
9918,1299,2,0.02353227854594438,FINITE
9975,1299,3,0.025967643485672074,FINITE
10027,1299,4,0.026916426235382963,FINITE
10074,1299,5,0.027765295927809203,FINITE
10123,1299,6,0.026735575409390276,FINITE
10174,1306,6,0.026231530521858226,FINITE
10237,1306,7,0.025876963993677997,FINITE
10298,1306,8,0.026579365228491365,FINITE
10363,1306,9,0.026070613697697607,FINITE
10424,1391,0,0,FINITE
10495,1403,0,,NAN
10632,1416,0,,NAN
10698,1435,0,0.03197566118426076,FINITE
10782,1435,1,0.028888005453332834,FINITE
10851,1435,2,0.029836800430455866,FINITE
10912,1435,3,0.026054816123445283,FINITE
10961,1435,4,,NAN
11191,1467,0,,NAN
11235,1537,0,,NAN
11295,1542,0,0.018983660429960157,FINITE
11351,1542,1,0.024640655162196726,FINITE
11397,1542,2,0.02270821104748208,FINITE
11458,1542,3,0.02397809295299383,FINITE
11516,1542,4,0.028522919409817236,FINITE
11565,1542,5,0.03010134797202715,FINITE
11607,1542,6,0.027484660177560682,FINITE
11667,1542,7,,NAN
11718,1542,8,,NAN
11779,1542,9,,NAN
11828,1612,0,,NAN
11874,1617,0,0.03117289434374539,FINITE
11961,1617,1,0.029507477762944788,FINITE
12018,1617,2,0.02928062389708951,FINITE
12062,1617,3,0.025940669809871503,FINITE
12121,1617,4,,NAN
12157,1617,5,,NAN
13881,1913,1,0.017659187704200593,FINITE
13928,1913,2,0.019029170643279684,FINITE
13969,1913,3,0.018356062344845603,FINITE
14020,1913,4,0.01991724530993342,FINITE
14065,1913,5,0.018902125339585768,FINITE
14115,1913,6,0.018634404831248952,FINITE
14158,1913,7,0.019971249142313557,FINITE
14194,1913,8,0.01999035864319398,FINITE
14231,1913,9,0.019925858584201057,FINITE
14263,1976,0,0.029190516019323754,FINITE
14299,1976,1,0.02350729610398225,FINITE
14329,1976,2,0.023792713752185547,FINITE
14359,1976,3,0.02354204465716925,FINITE
14393,1976,4,0.02430839597242278,FINITE
14429,1976,5,0.02768225595014676,FINITE
14471,1976,6,0.02614790060414971,FINITE
14510,1976,7,0.025842696541503538,FINITE
14544,1976,8,0.02581677207851221,FINITE
14584,1976,9,,NAN
14626,2033,0,0.04908851751693086,FINITE
14670,2033,1,0.054828102511629166,FINITE
14711,2033,2,,NAN
14755,2033,3,,NAN
14787,2033,4,,NAN
14825,2033,5,,NAN
14858,2033,6,,NAN
14901,2033,7,,NAN
14936,2033,8,,NAN
17640,2509,2,,NAN
17665,2509,3,,NAN
17689,2509,4,,NAN
17713,2509,5,,NAN
17740,2509,6,,NAN
17759,2509,7,,NAN
17791,2563,0,,NAN
17820,2570,0,0.03898234072787247,FINITE
17840,2570,1,0.027382252487823902,FINITE
17868,2570,2,0.03044114279701079,FINITE
17892,2570,3,0.027542111380137596,FINITE
17916,2570,4,0.02833557587034984,FINITE
17941,2570,5,0.027829330986627824,FINITE
17968,2570,6,0.027129238084618496,FINITE
17990,2570,7,0.027259293994688138,FINITE
18017,2570,8,0.02612830708734604,FINITE
18045,2570,9,0.02698631497718536,FINITE
18068,2606,0,,NAN
18093,2607,0,0.027780815830340963,FINITE
18118,2607,1,0.024069124833234472,FINITE
18143,2607,2,0.023642762346196434,FINITE
244,9,3,0,FINITE
1274,179,3,0.0015316767207180343,FINITE
1372,179,4,0.0018380080634612568,FINITE
1440,130,6,0,FINITE
1528,130,7,0,FINITE
1731,200,2,0.0010211211481455584,FINITE
2105,191,5,0.0016556391415938551,FINITE
2233,191,6,0.0014191192642233044,FINITE
2355,191,7,0.0014970083928567053,FINITE
2498,285,6,,NAN
2590,285,7,,NAN
2696,285,8,,NAN
2862,317,1,,NAN
3022,317,2,,NAN
3150,388,3,,NAN
3231,388,4,,NAN
3335,388,5,,NAN
3445,388,6,,NAN
3901,303,1,,NAN
4538,552,3,0.02569227553815394,FINITE
4672,552,4,0.02424643451729751,FINITE
4851,552,5,0.023916936660419903,FINITE
4875,593,5,,NAN
4978,593,6,,NAN
5050,593,7,,NAN
5182,555,7,,NAN
5341,555,8,,NAN
5487,555,9,,NAN
5652,733,0,0.02602333386984277,FINITE
6404,781,4,0.01988954470816388,FINITE
6473,781,5,0.01990840043965468,FINITE
6544,781,6,,NAN
6601,781,7,,NAN
6691,781,8,,NAN
6760,781,9,,NAN
6832,874,0,0.029051872718881832,FINITE
6925,874,1,0.027728576642185473,FINITE
6968,874,2,,NAN
7031,874,3,,NAN
7106,874,4,,NAN
7174,965,0,0,FINITE
7255,981,0,0.15925259993567978,FINITE
7332,981,1,,NAN
7404,981,2,,NAN
7472,981,3,,NAN
7553,981,4,,NAN
7622,981,5,,NAN
7698,981,6,,NAN
7791,981,7,,NAN
7874,981,8,,NAN
7967,981,9,,NAN
8059,1044,3,0.02884133138243666,FINITE
8144,1044,4,0.02865794100067811,FINITE
8220,1044,5,0.029210894364608515,FINITE
8285,1044,6,0.03110075393488716,FINITE
8353,1044,7,,NAN
8419,1044,8,,NAN
8497,1044,9,,NAN
8560,1148,0,0.0266825671663734,FINITE
8610,1148,1,0.034465752587554604,FINITE
8670,1148,2,0.0305360057628087,FINITE
8723,1148,3,0.02865526722229903,FINITE
8792,1148,4,0.027267575072650586,FINITE
8848,1148,5,0.028121237303012445,FINITE
8918,1148,6,0.026484557963622563,FINITE
9919,1214,6,,NAN
10036,1214,7,,NAN
10163,1214,8,,NAN
10175,1294,3,0.025896497868685288,FINITE
10283,1294,4,0.025302934429460733,FINITE
10372,1294,5,0.023854470671200934,FINITE
10463,1294,6,0.024695700102838697,FINITE
10556,1294,7,0.024171852871420797,FINITE
10626,1294,8,0.026199899773771938,FINITE
10695,1294,9,0.02761296526377589,FINITE
10749,1446,0,0.01652583862684133,FINITE
10829,1446,1,0.016197158063838812,FINITE
10909,1446,2,,NAN
10972,1446,3,,NAN
11230,1476,0,,NAN
11299,1541,0,0,FINITE
11375,1552,0,0,FINITE
11453,1566,0,0.030574936495317243,FINITE
11518,1566,1,0.02617203650837761,FINITE
11602,1566,2,,NAN
11672,1566,3,,NAN
11747,1566,4,,NAN
11814,1566,5,,NAN
11892,1566,6,,NAN
11955,1566,7,,NAN
12019,1566,8,,NAN
12089,1566,9,,NAN
12170,1644,0,0,FINITE
13882,1914,1,0.016075476310638572,FINITE
13915,1914,2,0.01724653802324876,FINITE
13945,1914,3,0.021294250843660836,FINITE
13984,1914,4,,NAN
14021,1914,5,,NAN
14057,1914,6,,NAN
14101,1914,7,,NAN
14136,1914,8,,NAN
14174,1914,9,,NAN
14391,1965,0,1.1698561761524395,FINITE
14607,1965,1,1.1749333552094836,FINITE
14801,1965,2,,NAN
18165,2607,3,0.021664530309745834,FINITE
18183,2607,4,0.023103804122008364,FINITE
18204,2607,5,0.023576006871137273,FINITE
18212,2613,4,0.026747979940342687,FINITE
18230,2613,5,0.027157606671028445,FINITE
18258,2613,6,0.0290790687572666,FINITE
18277,2613,7,0.028076381809799072,FINITE
18296,2613,8,0.028592246620164376,FINITE
18319,2613,9,0.028169376863007172,FINITE
18334,2664,0,0.02977705989834458,FINITE
18357,2664,1,0.02349805751369793,FINITE
18383,2664,2,0.028345004339555207,FINITE
18405,2664,3,0.0263503229924298,FINITE
21183,3186,0,,NAN
21298,3265,0,0,FINITE
21406,3317,0,0.45599793431814484,FINITE
21507,3317,1,,NAN
21606,3317,2,,NAN
21691,3392,2,0.03154255741135626,FINITE
21759,3392,3,0.02634779864618974,FINITE
21841,3392,4,0.027082311575661662,FINITE
21913,3392,5,0.02855187466619376,FINITE
21934,3425,2,,NAN
22006,3392,6,0.028524558101451665,FINITE
22015,3425,3,,NAN
22073,3392,7,0.028108169147927128,FINITE
22087,3425,4,,NAN
22174,3392,8,0.027738314681481722,FINITE
22181,3425,5,,NAN
22246,3392,9,0.02860671950295937,FINITE
22256,3425,6,,NAN
22335,3465,0,0,FINITE
22347,3425,7,,NAN
22403,3496,0,0.024968489919752486,FINITE
22405,3425,8,,NAN
22596,3489,0,0.8794841992610509,FINITE
22692,3489,1,,NAN
22803,3489,2,,NAN
23708,3588,5,,NAN
23908,3588,6,,NAN
23927,3705,6,,NAN
23979,3705,7,,NAN
24039,3588,7,,NAN
24043,3705,8,,NAN
24115,3705,9,,NAN
24157,3846,0,0.012580577903312393,FINITE
24188,3588,8,,NAN
24205,3852,0,0,FINITE
24252,3860,0,0,FINITE
24295,3871,0,0.16619371593858062,FINITE
24315,3588,9,,NAN
245,36,3,,NAN
246,54,3,0,FINITE
247,39,3,0,FINITE
248,15,3,0,FINITE
249,48,3,0,FINITE
250,53,3,0,FINITE
251,10,3,0,FINITE
252,59,3,0,FINITE
253,56,3,0,FINITE
254,28,3,,NAN
255,47,3,0.0039195687141726394,FINITE
256,6,3,0,FINITE
257,16,3,0,FINITE
258,61,3,0.0007658383603590172,FINITE
259,5,3,0,FINITE
260,18,3,,NAN
261,52,3,0,FINITE
262,37,3,0,FINITE
263,19,3,,NAN
264,13,3,0,FINITE
265,31,3,0,FINITE
266,44,3,0,FINITE
267,12,3,0,FINITE
268,49,3,0,FINITE
269,34,3,0,FINITE
270,21,3,0,FINITE
271,40,3,0,FINITE
272,17,3,0,FINITE
273,46,3,0,FINITE
274,3,3,0,FINITE
275,22,3,0,FINITE
276,33,3,0,FINITE
277,43,3,0.0029939892729580926,FINITE
278,25,3,0,FINITE
279,62,3,0,FINITE
280,30,3,0,FINITE
281,57,3,0,FINITE
282,60,3,0.03026223258012197,FINITE
283,99,1,0,FINITE
284,38,3,,NAN
285,91,1,0,FINITE
286,8,3,,NAN
287,76,1,0,FINITE
288,97,1,0.02578915876462151,FINITE
289,51,3,,NAN
290,119,1,0,FINITE
291,100,1,0.02990780475194726,FINITE
292,71,1,0,FINITE
293,83,1,0,FINITE
294,101,0,0.4933437306193385,FINITE
295,86,1,0,FINITE
296,66,1,0,FINITE
297,75,1,0.029525938321151392,FINITE
298,79,1,0,FINITE
299,45,3,,NAN
300,69,1,0,FINITE
301,14,3,,NAN
302,35,4,,NAN
303,64,1,,NAN
304,42,4,0,FINITE
305,87,1,0,FINITE
306,63,1,0,FINITE
307,78,1,0,FINITE
308,24,3,,NAN
309,104,1,0,FINITE
310,65,1,,NAN
311,118,1,0,FINITE
312,110,1,0,FINITE
313,94,1,0,FINITE
314,106,0,0.5236589590801227,FINITE
315,108,1,0.02696654324850973,FINITE
316,89,1,0.0005105605740727792,FINITE
317,73,1,0.0014623450669960568,FINITE
318,122,1,0,FINITE
319,88,1,0,FINITE
320,82,1,0,FINITE
321,81,1,0,FINITE
322,120,1,0,FINITE
323,111,1,0,FINITE
324,115,1,0,FINITE
325,113,1,0.0010211211481455584,FINITE
326,114,1,0.0010211211481455584,FINITE
327,98,1,0,FINITE
328,74,1,0,FINITE
329,84,1,0,FINITE
330,67,1,0,FINITE
331,72,1,0.03386740803815768,FINITE
332,96,1,0.2670181212279811,FINITE
333,7,4,0,FINITE
334,90,1,,NAN
335,85,1,0.001972905641068836,FINITE
336,117,1,0,FINITE
337,121,1,0,FINITE
338,103,1,,NAN
339,23,4,0,FINITE
340,93,1,,NAN
341,112,1,0,FINITE
342,70,1,0,FINITE
343,39,4,0,FINITE
344,50,4,0,FINITE
345,116,0,0.5592728060233676,FINITE
346,11,4,0,FINITE
347,95,1,0,FINITE
348,58,4,0,FINITE
349,10,4,0,FINITE
350,32,4,0,FINITE
351,41,2,,NAN
352,27,4,0.0011976107158858996,FINITE
353,102,1,,NAN
354,9,4,0,FINITE
355,80,1,0.6350315858654088,FINITE
356,54,4,0,FINITE
357,15,4,0,FINITE
358,26,2,,NAN
359,48,4,0,FINITE
360,36,4,,NAN
361,61,4,0.0008168949179163254,FINITE
362,16,4,0,FINITE
363,53,4,0,FINITE
364,28,4,,NAN
365,52,4,0,FINITE
366,56,4,0,FINITE
367,59,4,0,FINITE
368,47,4,0.0031356549713381114,FINITE
369,5,4,0,FINITE
370,37,4,0,FINITE
371,6,4,0,FINITE
372,19,4,,NAN
373,18,4,,NAN
374,44,4,0,FINITE
375,31,4,0,FINITE
376,13,4,0,FINITE
377,12,4,0,FINITE
378,77,1,,NAN
379,34,4,0,FINITE
380,40,4,0,FINITE
381,43,4,0.002395191418366474,FINITE
382,46,4,0,FINITE
383,17,4,0,FINITE
384,62,4,0,FINITE
385,49,4,0,FINITE
386,25,4,0,FINITE
387,33,4,0,FINITE
388,21,4,0,FINITE
389,30,4,0,FINITE
390,3,4,0,FINITE
391,22,4,0,FINITE
392,57,4,0,FINITE
393,60,4,0.029629088990608166,FINITE
394,97,2,0.021643220076398337,FINITE
395,91,2,0,FINITE
396,76,2,0,FINITE
397,99,2,0,FINITE
398,109,0,,NAN
399,88,2,0,FINITE
400,8,4,,NAN
401,120,2,0,FINITE
402,87,2,0,FINITE
403,66,2,0,FINITE
404,69,2,0,FINITE
405,38,4,,NAN
406,119,2,0,FINITE
407,65,2,,NAN
408,83,2,0,FINITE
409,108,2,0.026145092948684504,FINITE
410,72,2,0.034425020621568964,FINITE
411,122,2,0,FINITE
412,81,2,0,FINITE
413,42,5,0,FINITE
414,115,2,0,FINITE
415,73,2,0.0019497934226614091,FINITE
416,78,2,0,FINITE
417,100,2,,NAN
418,51,4,,NAN
419,104,2,0,FINITE
420,111,2,0,FINITE
421,110,2,0,FINITE
422,86,2,0,FINITE
423,118,2,0,FINITE
424,94,2,0,FINITE
425,64,2,,NAN
426,35,5,,NAN
427,82,2,0,FINITE
491,33,5,0,FINITE
496,57,5,0,FINITE
497,21,5,0,FINITE
498,3,5,0,FINITE
500,22,5,0,FINITE
501,60,5,0.029492335712786356,FINITE
502,30,5,0,FINITE
504,8,5,,NAN
1275,130,4,0,FINITE
1369,130,5,0,FINITE
1441,199,0,0.003063333434434146,FINITE
1602,199,1,0.003063333434434146,FINITE
1732,204,2,0.002197728267747189,FINITE
2106,242,3,0.0014970133946071971,FINITE
2210,242,4,0.0014018349453148694,FINITE
2308,242,5,0.001678751360168082,FINITE
2396,242,6,0.0014389297372869275,FINITE
2499,195,8,0.00239779836690404,FINITE
2612,195,9,0.0023622417595426876,FINITE
2863,225,5,0.4010518916778114,FINITE
2970,225,6,0.3437587642952669,FINITE
3151,366,4,0.03048251745449816,FINITE
3226,366,5,,NAN
3313,366,6,,NAN
3407,366,7,,NAN
3486,366,8,,NAN
3957,305,1,,NAN
4539,598,0,0.019727304748911167,FINITE
4622,598,1,0.021137019362913498,FINITE
4693,598,2,,NAN
4761,598,3,,NAN
4829,598,4,,NAN
4876,592,5,,NAN
4982,592,6,,NAN
5053,592,7,,NAN
5117,592,8,,NAN
5183,611,4,0.02764783447489918,FINITE
5354,611,5,,NAN
5496,611,6,,NAN
5639,611,7,,NAN
6405,775,4,0.026738630039499594,FINITE
6490,775,5,0.026412104857902702,FINITE
6562,775,6,,NAN
6642,775,7,,NAN
6734,775,8,,NAN
6806,775,9,,NAN
6891,882,0,,NAN
6978,909,0,0.022822078252947034,FINITE
7035,909,1,,NAN
7164,909,2,,NAN
7175,827,7,0.02232450225049429,FINITE
7259,827,8,0.023797733139819126,FINITE
7373,827,9,0.024170528466425027,FINITE
7499,1009,0,0,FINITE
7624,1017,0,0.01884501712951813,FINITE
7718,1017,1,0.021516988646999916,FINITE
7840,1017,2,0.02194971090258625,FINITE
7926,1017,3,0.020732386134091996,FINITE
8060,1079,0,,NAN
8141,1092,0,0.018792687082136827,FINITE
8214,1092,1,,NAN
8276,1092,2,,NAN
8336,1092,3,,NAN
8394,1092,4,,NAN
8469,1092,5,,NAN
8533,1092,6,,NAN
8598,1092,7,,NAN
8663,1092,8,,NAN
8726,1092,9,,NAN
8796,1172,0,0.02304703480644968,FINITE
8860,1172,1,0.03362550482434032,FINITE
8923,1172,2,0.031354438280387094,FINITE
9920,1309,0,,NAN
10045,1331,0,0.4375637315858625,FINITE
10176,1318,2,,NAN
10275,1318,3,,NAN
10376,1318,4,,NAN
10462,1318,5,,NAN
10543,1318,6,,NAN
10615,1318,7,,NAN
10682,1318,8,,NAN
10745,1318,9,,NAN
10818,1454,0,0,FINITE
11343,1270,8,,NAN
11462,1270,9,,NAN
11512,1577,0,0.030572913933784248,FINITE
11574,1577,1,0.02491597936699412,FINITE
11625,1577,2,0.021900145411608177,FINITE
11680,1577,3,0.022039728658456638,FINITE
11736,1577,4,,NAN
11804,1577,5,,NAN
11854,1577,6,,NAN
11912,1577,7,,NAN
11981,1577,8,,NAN
12036,1577,9,,NAN
12102,1635,0,0.026543923865931258,FINITE
12151,1635,1,0.024061043519772896,FINITE
13883,1880,6,,NAN
13917,1880,7,,NAN
13955,1880,8,,NAN
13982,1880,9,,NAN
14019,1927,0,0.016612151879902174,FINITE
14058,1927,1,0.01566050754115786,FINITE
14098,1927,2,0.023131298759755045,FINITE
14135,1927,3,0.02277767568833048,FINITE
14170,1927,4,0.022118940821405777,FINITE
14205,1927,5,0.02144934448275897,FINITE
14238,1927,6,0.02213752916594297,FINITE
14271,1927,7,0.023464481558795918,FINITE
14309,1927,8,0.023497161180080973,FINITE
14350,1927,9,0.025406919903584256,FINITE
428,103,2,,NAN
429,63,2,0,FINITE
430,75,2,0.028347075768821933,FINITE
431,79,2,0,FINITE
432,71,2,0,FINITE
433,113,2,0.0006807474320970389,FINITE
1276,69,9,0,FINITE
1442,144,5,,NAN
1539,144,6,,NAN
1734,155,6,,NAN
1813,155,7,,NAN
2107,194,5,0.0005105589069060115,FINITE
2236,194,6,0.00043762192020515265,FINITE
2382,194,7,0.0006381982168408224,FINITE
2500,226,5,,NAN
2620,226,6,,NAN
2864,322,1,,NAN
2971,322,2,,NAN
3152,441,0,0,FINITE
3300,441,1,0,FINITE
3420,456,0,0.0020422322932905105,FINITE
3989,92,6,,NAN
4540,567,2,0.02505017457591999,FINITE
4677,567,3,0.02897589720887639,FINITE
4856,567,4,0.0268560692032633,FINITE
4877,557,5,0.024968034309045494,FINITE
4998,557,6,0.026021066698925486,FINITE
5184,655,1,0.025822057094890105,FINITE
5253,655,2,0.02772388431754566,FINITE
5323,655,3,0.027904656229674175,FINITE
5392,655,4,0.026120457069731373,FINITE
5475,655,5,0.026291855004765167,FINITE
5544,655,6,0.026082996663985922,FINITE
5619,655,7,0.026354621908267255,FINITE
5676,655,8,0.027579860313723833,FINITE
6406,802,4,,NAN
6482,802,5,,NAN
6555,802,6,,NAN
6647,802,7,,NAN
6714,802,8,,NAN
6785,802,9,,NAN
6865,878,0,0.031837017883818625,FINITE
6929,878,1,0.02578120519002162,FINITE
6989,878,2,0.023948096110240884,FINITE
7078,878,3,,NAN
7176,849,8,0.023695012544764766,FINITE
7263,849,9,0.02341419818500249,FINITE
7347,999,0,0.019727304748911163,FINITE
7431,999,1,0.02262518393521595,FINITE
7502,999,2,0.0250265859387193,FINITE
7586,999,3,0.025563417599337387,FINITE
7652,999,4,,NAN
7732,999,5,,NAN
7807,999,6,,NAN
7900,999,7,,NAN
7976,999,8,,NAN
8061,1046,3,0.02630391691767718,FINITE
8131,1046,4,0.024939933804883137,FINITE
8207,1046,5,,NAN
8275,1046,6,,NAN
8341,1046,7,,NAN
8412,1046,8,,NAN
8472,1046,9,,NAN
8536,1145,0,0.015452547599510081,FINITE
8590,1145,1,0.025245275116757393,FINITE
8650,1145,2,,NAN
8705,1145,3,,NAN
8774,1145,4,,NAN
8845,1145,5,,NAN
8911,1145,6,,NAN
9921,1183,8,0.029846613604667324,FINITE
10032,1183,9,0.028926308799394358,FINITE
10147,1349,0,,NAN
10177,1260,4,,NAN
10327,1260,5,,NAN
10503,1260,6,,NAN
10672,1260,7,,NAN
10870,1260,8,,NAN
12198,1645,0,0,FINITE
12261,1665,0,0.04479888137941611,FINITE
12343,1665,1,0.035874914936169344,FINITE
12431,1665,2,,NAN
12505,1665,3,,NAN
12571,1665,4,,NAN
12637,1665,5,,NAN
12689,1665,6,,NAN
12748,1665,7,,NAN
12790,1665,8,,NAN
12821,1665,9,,NAN
12857,1769,0,0.03338505925751575,FINITE
12939,1769,1,0.334888084282922,FINITE
13022,1769,2,,NAN
13109,1769,3,,NAN
13200,1769,4,,NAN
13227,1769,5,,NAN
13316,1769,6,,NAN
13405,1769,7,,NAN
13884,1901,3,,NAN
13933,1901,4,,NAN
13965,1901,5,,NAN
14005,1901,6,,NAN
14055,1901,7,,NAN
14099,1901,8,,NAN
14142,1901,9,,NAN
14183,1957,0,0.02069589559931885,FINITE
14225,1957,1,0.02211476859808874,FINITE
14246,1957,2,0.02954761074264441,FINITE
14286,1957,3,0.027243781993326794,FINITE
14315,1957,4,,NAN
14347,1957,5,,NAN
14381,1957,6,,NAN
14415,1957,7,,NAN
14451,1957,8,,NAN
14481,1957,9,,NAN
14747,2018,0,1.2840304835545255,FINITE
14844,2018,1,0.9423554906064542,FINITE
18170,2622,0,0.0010211211481455584,FINITE
18193,2627,0,0,FINITE
18213,2559,9,0.0249091691614892,FINITE
18256,2638,0,,NAN
18379,2647,0,0.6248132706524716,FINITE
21184,3249,0,,NAN
21229,3264,0,0.00496686240027203,FINITE
21309,3284,0,0,FINITE
21692,3372,2,,NAN
21797,3372,3,,NAN
21928,3372,4,,NAN
21974,3293,1,1.0707213492505163,FINITE
22024,3372,5,,NAN
22151,3372,6,,NAN
22239,3372,7,,NAN
22336,3372,8,,NAN
22370,3293,2,,NAN
22681,3436,6,,NAN
22835,3436,7,,NAN
22914,3436,8,,NAN
22992,3436,9,,NAN
23078,3648,0,0.03214828769038222,FINITE
23153,3648,1,0.024173190919741832,FINITE
23231,3648,2,0.024871006368176917,FINITE
23302,3648,3,0.024101820923166775,FINITE
23395,3648,4,,NAN
23461,3648,5,,NAN
23535,3648,6,,NAN
23613,3648,7,,NAN
23684,3648,8,,NAN
23709,3678,2,,NAN
23822,3678,3,,NAN
23917,3678,4,,NAN
23940,3664,4,,NAN
24004,3678,5,,NAN
24072,3664,5,,NAN
24123,3678,6,,NAN
24206,3664,6,,NAN
24242,3678,7,,NAN
24339,3678,8,,NAN
24358,3664,7,,NAN
24444,3678,9,,NAN
24510,3664,8,,NAN
24548,3664,9,,NAN
24631,3897,0,1.0496186144747757,FINITE
24635,3920,0,,NAN
434,70,2,0,FINITE
435,45,4,,NAN
436,67,2,0,FINITE
1277,131,4,0,FINITE
1375,131,5,0,FINITE
1443,205,0,0.008635156939440987,FINITE
1592,205,1,0.004828139043793272,FINITE
1735,152,7,,NAN
1826,152,8,,NAN
2108,106,7,,NAN
2311,106,8,,NAN
2501,280,6,0.027133830476226584,FINITE
2591,280,7,0.026329088616613115,FINITE
2694,280,8,0.026027856825767325,FINITE
2865,319,1,0.018952126745012225,FINITE
2982,319,2,0.023782855211369764,FINITE
3153,337,5,0.0025755930755461047,FINITE
3230,337,6,0.0027119156888691493,FINITE
3302,337,7,0.0025005663712787006,FINITE
3391,337,8,0.0023361835687083516,FINITE
3463,337,9,0.002102565211837516,FINITE
4012,461,4,0.00038071779856969554,FINITE
4101,461,5,0.00031726483214141295,FINITE
4231,461,6,0.0002719412846926397,FINITE
4409,461,7,0.0004932276607673735,FINITE
4541,587,1,0.0223387640137227,FINITE
4621,587,2,0.025579834154922265,FINITE
4706,587,3,0.025786195757564006,FINITE
4779,587,4,0.02548440376515749,FINITE
4849,587,5,0.025963779589797734,FINITE
4878,568,4,,NAN
4989,568,5,,NAN
5185,560,7,0.0258028234003071,FINITE
5329,560,8,0.024931700743504398,FINITE
5481,560,9,0.024113610187188377,FINITE
5638,732,0,0.022321777423412955,FINITE
6407,752,9,,NAN
6481,848,0,0.026853211237348306,FINITE
6552,848,1,0.026066485481832255,FINITE
6637,848,2,0.030896160730326278,FINITE
6724,848,3,0.03562391902675726,FINITE
6798,848,4,0.037895037589004824,FINITE
6874,848,5,0.0350516211407975,FINITE
6971,848,6,,NAN
7049,848,7,,NAN
7117,848,8,,NAN
7177,955,0,0,FINITE
7284,982,0,0.012996507804638496,FINITE
7403,982,1,0.019700894185063864,FINITE
7525,982,2,0.018469636390468683,FINITE
7640,982,3,0.020150588911165352,FINITE
7750,982,4,0.02174394219249117,FINITE
7871,982,5,,NAN
7948,982,6,,NAN
8062,1066,1,0.02331578134847157,FINITE
8172,1066,2,0.029290411531699295,FINITE
8309,1066,3,0.03144460303127843,FINITE
8440,1066,4,0.03279257525120273,FINITE
8591,1066,5,0.03212291039566855,FINITE
8755,1066,6,,NAN
8901,1066,7,,NAN
9922,1261,3,0.5519254358925747,FINITE
10046,1261,4,,NAN
10100,1261,5,,NAN
10178,1296,7,,NAN
10236,1296,8,,NAN
10305,1296,9,,NAN
10368,1375,0,0.036751979544523604,FINITE
10435,1375,1,,NAN
10509,1375,2,,NAN
10589,1375,3,,NAN
10660,1375,4,,NAN
10736,1375,5,,NAN
10808,1375,6,,NAN
10875,1375,7,,NAN
10928,1375,8,,NAN
12199,1634,2,0.025744206604198017,FINITE
12265,1634,3,0.027889764775671733,FINITE
12317,1634,4,0.029579021749176863,FINITE
12369,1634,5,0.0285771222580704,FINITE
12414,1634,6,0.027064374456342667,FINITE
12467,1634,7,0.026478091083149115,FINITE
12518,1634,8,0.02612012040679636,FINITE
12567,1634,9,0.02574891743376413,FINITE
12813,1709,0,1.3031561844796369,FINITE
12985,1709,1,1.2879821884307792,FINITE
13212,1709,2,1.2731271659290953,FINITE
13423,1709,3,1.2666777439759993,FINITE
13885,1898,4,0.023388847344706202,FINITE
13919,1898,5,0.025394790675748274,FINITE
13968,1898,6,0.025380978660358194,FINITE
14003,1898,7,0.026129705144158036,FINITE
14042,1898,8,0.027082891904333724,FINITE
14089,1898,9,0.026449425278570343,FINITE
14124,1942,0,0,FINITE
14201,1952,0,0.49465054570693573,FINITE
14266,1952,1,,NAN
14346,1952,2,,NAN
14419,1952,3,,NAN
14507,1952,4,,NAN
14579,1952,5,,NAN
14660,1952,6,,NAN
14737,1952,7,,NAN
14809,1952,8,,NAN
14881,1952,9,,NAN
18214,2614,1,0.021673644835498586,FINITE
18263,2614,2,0.02790465016615992,FINITE
18316,2614,3,0.0281522082688045,FINITE
18365,2614,4,0.02875773005163036,FINITE
18392,2614,5,0.02629230317440687,FINITE
21185,3196,0,0.028255998618236487,FINITE
21239,3196,1,,NAN
21441,3196,2,,NAN
21526,3196,3,,NAN
21693,3339,3,,NAN
21782,3339,4,,NAN
21870,3339,5,,NAN
21987,3339,6,,NAN
22085,3339,7,,NAN
22121,3410,6,,NAN
22188,3339,8,,NAN
22197,3410,7,,NAN
22274,3410,8,,NAN
22281,3339,9,,NAN
22355,3410,9,,NAN
22400,3474,0,0.7632481605333252,FINITE
22685,3324,2,,NAN
23106,3324,3,,NAN
23595,3324,4,,NAN
23710,3666,9,,NAN
23758,3757,0,0.03945060067657953,FINITE
23795,3757,1,,NAN
23839,3757,2,,NAN
23885,3757,3,,NAN
23925,3757,4,,NAN
23960,3757,5,,NAN
23987,3757,6,,NAN
24005,3780,3,,NAN
24018,3757,7,,NAN
24050,3780,4,,NAN
24058,3757,8,,NAN
24104,3780,5,,NAN
24106,3757,9,,NAN
24148,3843,0,0.17583466442375129,FINITE
24149,3780,6,,NAN
24197,3780,7,,NAN
24201,3843,1,,NAN
24253,3843,2,,NAN
24254,3780,8,,NAN
24296,3843,3,,NAN
24297,3780,9,,NAN
24328,3879,0,0.03335799889102434,FINITE
24331,3843,4,,NAN
24361,3879,1,0.03350914102269924,FINITE
24368,3843,5,,NAN
24405,3879,2,0.034387786113590876,FINITE
437,85,2,0.0016556441434277434,FINITE
438,74,2,0,FINITE
439,14,4,,NAN
440,55,0,,NAN
441,84,2,0,FINITE
1278,172,3,0.002007558963178334,FINITE
1444,202,0,0.0029246901339921136,FINITE
1599,202,1,0.001972905641068836,FINITE
1749,89,8,,NAN
2109,192,5,0.0017018585769084209,FINITE
2211,192,6,0.0017504833935344337,FINITE
2358,192,7,0.0020422260406645874,FINITE
2502,242,7,0.0012590635201260615,FINITE
2601,242,8,0.001119167573445388,FINITE
2702,242,9,0.0012997198295000606,FINITE
2866,368,0,,NAN
2955,422,0,0.02607566391722386,FINITE
3036,422,1,0.027398959993920106,FINITE
3154,365,4,0.022659108361509934,FINITE
3225,365,5,0.025103812742484622,FINITE
3305,365,6,0.025077285529324034,FINITE
3400,365,7,,NAN
3492,365,8,,NAN
4013,460,4,0.002042228291689984,FINITE
4118,460,5,0.0017018569097416532,FINITE
4267,460,6,0.0016046089437993538,FINITE
4411,460,7,0.0014040328258244346,FINITE
4542,461,8,0.0005518824926982828,FINITE
4684,461,9,0.0011837293772376874,FINITE
4862,640,0,0.027235157932994872,FINITE
4879,541,6,,NAN
4991,541,7,,NAN
5186,630,7,,NAN
5255,630,8,,NAN
5316,630,9,,NAN
5393,710,0,0.020557252298876703,FINITE
5488,710,1,0.01960564804028575,FINITE
5584,710,2,0.018994347407277054,FINITE
5649,710,3,0.02293135285331251,FINITE
5725,710,4,0.02410541157954789,FINITE
6408,794,3,0.02632854747309658,FINITE
6486,794,4,0.023011338233997806,FINITE
6560,794,5,,NAN
6632,794,6,,NAN
6721,794,7,,NAN
6803,794,8,,NAN
6878,794,9,,NAN
6977,904,0,0.0354539325353307,FINITE
7062,904,1,0.030320228084698975,FINITE
7148,904,2,0.03051202130408652,FINITE
7178,940,1,,NAN
7261,940,2,,NAN
7336,940,3,,NAN
7410,940,4,,NAN
7482,940,5,,NAN
7559,940,6,,NAN
7629,940,7,,NAN
7719,940,8,,NAN
7799,940,9,,NAN
7969,1054,0,0.754378845805489,FINITE
8063,1003,9,0.019877936814902124,FINITE
8143,1093,0,0.03337607371430185,FINITE
8215,1093,1,0.03341019292919341,FINITE
8282,1093,2,0.030827364093449786,FINITE
8343,1093,3,0.030785329866798612,FINITE
8405,1093,4,0.029892057355924567,FINITE
8468,1093,5,0.030997537831554605,FINITE
8527,1093,6,0.02881643731281741,FINITE
8581,1093,7,0.028229413355388713,FINITE
8643,1093,8,0.028959118753992843,FINITE
8696,1093,9,0.028634610525527942,FINITE
8763,1168,0,0.038684594380476854,FINITE
8820,1168,1,0.03224148584840826,FINITE
8876,1168,2,0.026397278299743282,FINITE
8944,1168,3,0.025282916406749116,FINITE
9923,1298,2,0.02841943594677854,FINITE
9982,1298,3,0.025419871593103587,FINITE
10038,1298,4,0.024817515409777675,FINITE
10086,1298,5,0.02464942548261873,FINITE
10143,1298,6,0.024052498848789763,FINITE
10179,1281,8,,NAN
10230,1281,9,,NAN
10291,1363,0,0.03374199825356234,FINITE
10358,1363,1,0.025826193847631965,FINITE
10418,1363,2,0.0266535721202938,FINITE
10482,1363,3,0.026141401606672186,FINITE
10554,1363,4,0.025552151237035102,FINITE
10622,1363,5,0.026761379528681396,FINITE
10689,1363,6,,NAN
10777,1363,7,,NAN
10848,1363,8,,NAN
10915,1363,9,,NAN
12200,1627,3,0.023841505841820168,FINITE
12262,1627,4,0.02255483393091911,FINITE
12327,1627,5,0.021472270083875825,FINITE
12402,1627,6,0.021944728493310472,FINITE
12481,1627,7,,NAN
12548,1627,8,,NAN
12611,1627,9,,NAN
12852,1713,0,1.4477519526593783,FINITE
13046,1713,1,1.453885953955972,FINITE
13226,1713,2,1.4497150536810521,FINITE
13886,1920,0,0.04074614226855748,FINITE
13930,1920,1,0.03670750997751415,FINITE
13966,1920,2,0.03050483017831836,FINITE
14015,1920,3,0.029810744079478743,FINITE
14061,1920,4,0.027458023370092132,FINITE
14109,1920,5,0.026284787641482576,FINITE
14151,1920,6,0.02587681533585594,FINITE
14195,1920,7,0.024649644774956386,FINITE
14227,1920,8,0.02411230846684701,FINITE
14251,1920,9,0.023765434175356075,FINITE
14288,1979,0,0,FINITE
14316,1986,0,0.02955411587326865,FINITE
14352,1986,1,0.030738723505074114,FINITE
14385,1986,2,0.030885754731027348,FINITE
14424,1986,3,0.03109740549553457,FINITE
14466,1986,4,0.029740168196669824,FINITE
14506,1986,5,,NAN
14539,1986,6,,NAN
14575,1986,7,,NAN
14614,1986,8,,NAN
14651,1986,9,,NAN
14751,2049,0,,NAN
14822,2071,0,0.4680886324150468,FINITE
14908,2071,1,,NAN
18215,2632,0,0,FINITE
18248,2639,0,,NAN
18272,2644,0,0.02036627895105359,FINITE
18293,2644,1,0.024518102487144484,FINITE
18313,2644,2,0.028670352763666543,FINITE
18332,2644,3,0.0267244818095354,FINITE
18348,2644,4,0.025795280253270048,FINITE
18373,2644,5,0.02630621677290149,FINITE
18398,2644,6,0.026155005648004926,FINITE
18420,2644,7,0.027441547502183552,FINITE
21186,3163,0,0.02675997514509935,FINITE
21272,3163,1,0.02980889177431415,FINITE
21495,3163,2,,NAN
21694,3245,6,,NAN
21794,3245,7,,NAN
21882,3245,8,,NAN
21973,3245,9,,NAN
22059,3437,0,0.0293814893671472,FINITE
22145,3437,1,0.03361921985620947,FINITE
22223,3437,2,0.031030373160734977,FINITE
22296,3437,3,,NAN
22368,3429,7,0.022921641531522277,FINITE
22733,3293,3,,NAN
442,121,2,0,FINITE
1279,123,4,0,FINITE
1445,175,3,0.0012417256045697974,FINITE
1597,175,4,0.00140182694231394,FINITE
1759,92,2,,NAN
2110,253,3,0.0017869369992512948,FINITE
2221,253,4,0.0014295495994010358,FINITE
2310,253,5,0.0015316633817159485,FINITE
2415,253,6,0.0014587287769201784,FINITE
2503,284,6,0.0013993187948751064,FINITE
2597,284,7,0.001479682982177032,FINITE
2692,284,8,0.0014287316672846459,FINITE
2867,389,0,0.029709093486985513,FINITE
2954,389,1,0.02211349167078786,FINITE
3037,389,2,0.02311202631325311,FINITE
3155,401,3,,NAN
3236,401,4,,NAN
3301,401,5,,NAN
3377,401,6,,NAN
3466,401,7,,NAN
4014,509,3,0.024880413678082712,FINITE
4102,509,4,,NAN
4164,509,5,,NAN
4234,509,6,,NAN
4300,509,7,,NAN
4378,509,8,,NAN
4456,509,9,,NAN
4543,604,0,0.03956186139132203,FINITE
4627,604,1,0.030665498956379947,FINITE
4705,604,2,0.03113099078336046,FINITE
4780,604,3,0.028604621149416372,FINITE
4853,604,4,0.02642078349717286,FINITE
4880,620,4,0.023116834664803215,FINITE
4973,620,5,0.022087656975363915,FINITE
5055,620,6,0.023915279192006374,FINITE
5187,556,7,0.023097080211910134,FINITE
5352,556,8,0.023875155044744793,FINITE
5500,556,9,0.023283911489178594,FINITE
5688,735,0,0.028117355317794558,FINITE
6409,825,2,,NAN
6485,825,3,,NAN
6558,825,4,,NAN
6665,825,5,,NAN
6752,825,6,,NAN
6825,825,7,,NAN
6922,825,8,,NAN
6991,825,9,,NAN
7074,935,0,,NAN
7161,961,0,0,FINITE
7179,862,3,0.031488774310281346,FINITE
7258,862,4,,NAN
7384,862,5,,NAN
7516,862,6,,NAN
7641,862,7,,NAN
7764,862,8,,NAN
7866,862,9,,NAN
8064,1022,6,,NAN
8142,1022,7,,NAN
8218,1022,8,,NAN
8287,1022,9,,NAN
8337,1111,0,0.03642236289625823,FINITE
8407,1111,1,0.025565613049335884,FINITE
8486,1111,2,0.02695877177325458,FINITE
8537,1111,3,0.028681892955490305,FINITE
8605,1111,4,0.026229750070807988,FINITE
8668,1111,5,0.026103247238029897,FINITE
8725,1111,6,0.024230855890402553,FINITE
8789,1111,7,0.0234990935517036,FINITE
8842,1111,8,0.023260661670415617,FINITE
8908,1111,9,0.02287959731817679,FINITE
9924,1225,5,,NAN
10031,1225,6,,NAN
10131,1225,7,,NAN
10180,1300,7,0.028991697534479346,FINITE
10238,1300,8,0.027647002084069013,FINITE
10303,1300,9,0.028054845370648934,FINITE
10362,1374,0,,NAN
10426,1390,0,0.0010211211481455584,FINITE
10491,1405,0,0.024170613322780053,FINITE
10555,1405,1,0.021152033554193293,FINITE
10631,1405,2,0.021928459552621266,FINITE
10692,1405,3,0.02012356046506928,FINITE
10772,1405,4,0.02023802749191917,FINITE
10833,1405,5,0.019656822106656677,FINITE
10899,1405,6,0.020687498674141453,FINITE
10951,1405,7,0.021112588189702117,FINITE
12201,1617,6,,NAN
12256,1617,7,,NAN
12308,1617,8,,NAN
12355,1617,9,,NAN
12406,1684,0,0.01967497470152997,FINITE
12463,1684,1,0.021534986498973174,FINITE
12512,1684,2,0.017714030307938146,FINITE
12557,1684,3,0.01631406024571037,FINITE
12609,1684,4,0.01763292649776987,FINITE
12662,1684,5,0.018345402051788227,FINITE
12700,1684,6,0.019433784756286102,FINITE
12737,1684,7,0.02152642214903358,FINITE
12774,1684,8,0.02129571059336622,FINITE
12811,1684,9,0.022121551121356463,FINITE
12835,1765,0,0.018983660429960157,FINITE
12864,1765,1,0.021881569689939307,FINITE
12892,1765,2,0.024640715324623214,FINITE
12926,1765,3,0.023144047438891164,FINITE
12967,1765,4,0.023194237610396205,FINITE
12994,1765,5,,NAN
13020,1765,6,,NAN
13108,1765,7,,NAN
13148,1765,8,,NAN
13243,1765,9,,NAN
13320,1823,0,0.6244836540021851,FINITE
13411,1823,1,0.6379250818132955,FINITE
13887,1921,0,0.017355816239933673,FINITE
13923,1921,1,0.02586729278870393,FINITE
13971,1921,2,0.026029178698505257,FINITE
14001,1921,3,0.027433903306789215,FINITE
14032,1921,4,0.02603084444511833,FINITE
14076,1921,5,0.02708947464020418,FINITE
14117,1921,6,0.026428181223582897,FINITE
14159,1921,7,0.02725259757944286,FINITE
14188,1921,8,0.02820984114778143,FINITE
14230,1921,9,0.028362472418350992,FINITE
14258,1975,0,0.018324427133429754,FINITE
14300,1975,1,0.020929034365144192,FINITE
14337,1975,2,,NAN
14374,1975,3,,NAN
14414,1975,4,,NAN
14453,1975,5,,NAN
14498,1975,6,,NAN
14525,1975,7,,NAN
14564,1975,8,,NAN
14601,1975,9,,NAN
14638,2037,0,0.014483906648910558,FINITE
14669,2037,1,0.017355771149761112,FINITE
14714,2037,2,0.15823378764812654,FINITE
14749,2037,3,0.12669083434542527,FINITE
14785,2037,4,0.10706939003037512,FINITE
14816,2037,5,0.0912204094850768,FINITE
14851,2037,6,,NAN
14882,2037,7,,NAN
14907,2037,8,,NAN
18216,2601,8,,NAN
18234,2601,9,,NAN
18278,2642,0,,NAN
18301,2654,0,0.30370836151142744,FINITE
18323,2654,1,,NAN
18340,2654,2,,NAN
18367,2654,3,,NAN
18395,2654,4,,NAN
18415,2654,5,,NAN
21187,3244,0,,NAN
21246,3266,0,0,FINITE
21336,3292,0,0,FINITE
443,112,2,0,FINITE
444,7,5,0,FINITE
445,20,0,1.365709803684834,FINITE
446,98,2,0,FINITE
1280,91,9,0,FINITE
1446,156,5,0.002166184708496843,FINITE
1543,156,6,0.002002604199875231,FINITE
1762,231,1,,NAN
2111,240,3,0.0012417306068206561,FINITE
2219,240,4,0.000993384485456525,FINITE
2315,240,5,0.0011681924534288558,FINITE
2413,240,6,0.0012930552876948065,FINITE
2504,252,7,0.0023384556368060473,FINITE
2596,252,8,0.002192085138065993,FINITE
2700,252,9,0.0020749887390739494,FINITE
2868,344,1,0.4065989166561323,FINITE
2960,344,2,,NAN
3057,344,3,,NAN
3156,224,9,0.18050877693844464,FINITE
4015,467,5,,NAN
4094,467,6,,NAN
4251,467,7,,NAN
4332,467,8,,NAN
4440,467,9,,NAN
4544,577,1,0.03237765393228875,FINITE
4688,577,2,0.030743925575847663,FINITE
4861,577,3,,NAN
4881,545,6,,NAN
5002,545,7,,NAN
5188,587,9,,NAN
5269,669,0,0.017824076188640858,FINITE
5338,669,1,0.025504724286771703,FINITE
5418,669,2,0.03406098736517656,FINITE
5484,669,3,0.03046448419926491,FINITE
5564,669,4,0.02785321661687486,FINITE
5628,669,5,0.029059057170598913,FINITE
5709,669,6,,NAN
6410,844,0,0.027789731134762997,FINITE
6488,844,1,0.025566199691899147,FINITE
6554,844,2,0.027639029073411907,FINITE
6641,844,3,0.027841014796573804,FINITE
6729,844,4,,NAN
6802,844,5,,NAN
6866,844,6,,NAN
6957,844,7,,NAN
7022,844,8,,NAN
7113,844,9,,NAN
7180,867,5,0.023639249868196086,FINITE
7266,867,6,0.02423936684658386,FINITE
7341,867,7,0.023686148241007378,FINITE
7405,867,8,,NAN
7484,867,9,,NAN
7560,1015,0,,NAN
7631,1026,0,0.032414556154421306,FINITE
7711,1026,1,0.027753499084532035,FINITE
7797,1026,2,0.023157388985784497,FINITE
7878,1026,3,0.025473924654463673,FINITE
7959,1026,4,0.025566543846927303,FINITE
8065,1000,6,0.03023425441484814,FINITE
8184,1000,7,,NAN
8323,1000,8,,NAN
8455,1000,9,,NAN
8618,1143,0,0.03446508259053503,FINITE
8783,1143,1,0.03460372589097695,FINITE
8940,1143,2,0.032239301283532966,FINITE
9925,1290,3,0.023294872272722263,FINITE
9985,1290,4,,NAN
10047,1290,5,,NAN
10110,1290,6,,NAN
10155,1290,7,,NAN
10181,1329,4,0.023596743006307375,FINITE
10251,1329,5,0.02213853692239874,FINITE
10306,1329,6,0.02158160394633704,FINITE
10367,1329,7,0.021738956589875957,FINITE
10431,1329,8,0.02253609801527194,FINITE
10484,1329,9,0.02221090750514563,FINITE
10687,1412,0,,NAN
10766,1444,0,,NAN
10838,1458,0,0.0317867204320829,FINITE
10890,1458,1,,NAN
10945,1458,2,,NAN
12202,1599,9,,NAN
12292,1666,0,,NAN
12333,1680,0,0.0174944595403756,FINITE
12387,1680,1,0.018584717120952894,FINITE
12434,1680,2,0.02035490778059688,FINITE
12491,1680,3,0.02184133595312937,FINITE
12539,1680,4,,NAN
12584,1680,5,,NAN
12634,1680,6,,NAN
12684,1680,7,,NAN
12727,1680,8,,NAN
12766,1680,9,,NAN
12803,1748,0,0.03856641082654637,FINITE
12830,1748,1,,NAN
12858,1748,2,,NAN
12931,1748,3,,NAN
13017,1748,4,,NAN
13113,1748,5,,NAN
13155,1748,6,,NAN
13253,1748,7,,NAN
13335,1748,8,,NAN
13433,1748,9,,NAN
13468,1863,0,0.030659227186845307,FINITE
13888,1907,2,0.023792165819890982,FINITE
13927,1907,3,0.024142485983232077,FINITE
13964,1907,4,0.026459818065395276,FINITE
14000,1907,5,0.02671296705738813,FINITE
14030,1907,6,0.024501369234818052,FINITE
14078,1907,7,0.0249533674951901,FINITE
14111,1907,8,0.023934344912144016,FINITE
14152,1907,9,0.023762622153794693,FINITE
14226,1960,0,0.5513993975630543,FINITE
14318,1960,1,,NAN
14400,1960,2,,NAN
14500,1960,3,,NAN
14692,1960,4,,NAN
14776,1960,5,,NAN
14857,1960,6,,NAN
14925,1960,7,,NAN
18217,2575,8,,NAN
18260,2575,9,,NAN
18318,2648,0,0.27254361104287866,FINITE
18377,2648,1,0.2650006126659956,FINITE
18409,2648,2,,NAN
21188,3214,0,,NAN
21242,3267,0,0,FINITE
21351,3290,0,,NAN
21447,3353,0,0,FINITE
21528,3386,0,0.1822204160326732,FINITE
21613,3386,1,,NAN
21695,3411,1,,NAN
21779,3411,2,,NAN
21872,3411,3,,NAN
21951,3411,4,,NAN
22035,3411,5,,NAN
22115,3411,6,,NAN
22190,3411,7,,NAN
22267,3411,8,,NAN
22343,3411,9,,NAN
22398,3440,3,0.21103668478488152,FINITE
22758,3485,6,,NAN
22825,3485,7,,NAN
22895,3485,8,,NAN
22945,3485,9,,NAN
23005,3641,0,0.022685377277357973,FINITE
23068,3641,1,0.023843925201395055,FINITE
23127,3641,2,0.027713236731984735,FINITE
23184,3641,3,,NAN
23246,3641,4,,NAN
23294,3641,5,,NAN
23344,3641,6,,NAN
23401,3641,7,,NAN
23458,3641,8,,NAN
23517,3641,9,,NAN
23603,3721,0,,NAN
23654,3739,0,0,FINITE
23711,3728,2,0.021174148304463947,FINITE
447,10,5,0,FINITE
448,114,2,0.0010211211481455584,FINITE
1281,185,0,0.0010211211481455584,FINITE
1447,164,5,0.0018489315490249007,FINITE
1530,164,6,0.0024402175453650736,FINITE
1603,164,7,0.002262830495712634,FINITE
1768,230,0,0.6245359840505945,FINITE
2112,284,2,0.0006807474320970389,FINITE
2214,284,3,0.0009864578222848986,FINITE
2313,284,4,0.0009933904874570305,FINITE
2406,284,5,0.001145090238355605,FINITE
2505,209,8,0.0015575888263494393,FINITE
2606,209,9,0.00170816328715791,FINITE
2684,310,0,0.0010211211481455584,FINITE
2869,250,7,,NAN
2958,250,8,,NAN
3157,374,4,,NAN
3219,374,5,,NAN
3312,374,6,,NAN
3411,374,7,,NAN
3480,374,8,,NAN
4016,317,9,,NAN
4129,555,0,0.027564774581260245,FINITE
4296,555,1,0.029302974231876007,FINITE
4452,555,2,0.02637029023841588,FINITE
4545,607,0,,NAN
4625,624,0,0.022019221141639234,FINITE
4694,624,1,0.02397812087921053,FINITE
4768,624,2,0.028189165073728973,FINITE
4837,624,3,,NAN
4882,594,5,,NAN
4974,594,6,,NAN
5052,594,7,,NAN
5189,645,2,0.020724656660956367,FINITE
5330,645,3,0.022696160779883793,FINITE
5472,645,4,0.02454159485128295,FINITE
5620,645,5,0.024300069378509547,FINITE
6411,805,3,,NAN
6484,805,4,,NAN
6559,805,5,,NAN
6677,805,6,,NAN
6741,805,7,,NAN
6811,805,8,,NAN
6881,805,9,,NAN
6930,906,0,0,FINITE
7007,923,0,0,FINITE
7083,943,0,0.034715026768362627,FINITE
7163,943,1,,NAN
7181,883,4,,NAN
7264,883,5,,NAN
7337,883,6,,NAN
7415,883,7,,NAN
7495,883,8,,NAN
7580,883,9,,NAN
7647,1031,0,0.029745089221091887,FINITE
7736,1031,1,0.0328019366475392,FINITE
7809,1031,2,0.037785468231108836,FINITE
7896,1031,3,,NAN
7981,1031,4,,NAN
8066,1019,6,,NAN
8147,1019,7,,NAN
8225,1019,8,,NAN
8284,1019,9,,NAN
8340,1109,0,0.033687615539289374,FINITE
8400,1109,1,0.030626195060274808,FINITE
8471,1109,2,0.027362309673436835,FINITE
8532,1109,3,0.027170795733405768,FINITE
8601,1109,4,0.02442922171350511,FINITE
8664,1109,5,0.02404499830065453,FINITE
8716,1109,6,0.024449075759731976,FINITE
8786,1109,7,0.02294164185920161,FINITE
8843,1109,8,0.02300160515812115,FINITE
8905,1109,9,0.023642991899591716,FINITE
9926,1300,2,0.031788381750195153,FINITE
9978,1300,3,0.029823604389037486,FINITE
10025,1300,4,0.02734730940982887,FINITE
10081,1300,5,0.02779281839044893,FINITE
10125,1300,6,0.02828871545472036,FINITE
10182,1352,0,,NAN
10274,1358,0,0.027615112163407507,FINITE
10360,1358,1,0.030746850525259994,FINITE
10449,1358,2,,NAN
10539,1358,3,,NAN
10611,1358,4,,NAN
10674,1358,5,,NAN
10743,1358,6,,NAN
10819,1358,7,,NAN
10896,1358,8,,NAN
10967,1358,9,,NAN
12203,1614,6,0.026462612673277392,FINITE
12260,1614,7,,NAN
12314,1614,8,,NAN
12363,1614,9,,NAN
12413,1685,0,0.03958713107221168,FINITE
12470,1685,1,0.02524464836167189,FINITE
12522,1685,2,0.025365566897286817,FINITE
12575,1685,3,0.025169080269194594,FINITE
12619,1685,4,0.027056009393551083,FINITE
12669,1685,5,0.027619390027105103,FINITE
12711,1685,6,,NAN
12739,1685,7,,NAN
12779,1685,8,,NAN
12812,1685,9,,NAN
12874,1766,0,,NAN
12905,1780,0,0.23730406964959322,FINITE
12950,1780,1,0.23442405853059445,FINITE
12983,1780,2,0.23623063487122944,FINITE
13019,1780,3,0.23853068234133432,FINITE
13069,1780,4,0.23980742325067883,FINITE
13106,1780,5,0.23904677829086862,FINITE
13149,1780,6,0.2281109064155343,FINITE
13186,1780,7,,NAN
13232,1780,8,,NAN
13281,1780,9,,NAN
13350,1832,0,0.5028656670153409,FINITE
13383,1832,1,0.26303581714439367,FINITE
13465,1832,2,0.36042750870441154,FINITE
13889,1896,4,,NAN
13926,1896,5,,NAN
13967,1896,6,,NAN
14002,1896,7,,NAN
14039,1896,8,,NAN
14081,1896,9,,NAN
14123,1940,0,0,FINITE
14214,1951,0,,NAN
14254,1973,0,0.15814286278921783,FINITE
14294,1973,1,,NAN
14326,1973,2,,NAN
14362,1973,3,,NAN
14399,1973,4,,NAN
14435,1973,5,,NAN
14476,1973,6,,NAN
14516,1973,7,,NAN
14555,1973,8,,NAN
14592,1973,9,,NAN
14624,2034,0,,NAN
14655,2040,0,0,FINITE
14702,2051,0,0.022876350625181417,FINITE
18218,2603,7,0.030266933140313472,FINITE
18237,2603,8,,NAN
18264,2603,9,,NAN
18287,2650,0,,NAN
18311,2656,0,0.0020422322932905105,FINITE
18330,2661,0,0.023067323973004317,FINITE
18344,2661,1,0.02095617055126117,FINITE
18372,2661,2,0.019554378760955515,FINITE
18397,2661,3,0.020929484863919965,FINITE
21189,3241,0,0.0342421887410575,FINITE
21368,3241,1,0.37844165605464875,FINITE
21564,3241,2,0.4756737169529403,FINITE
21660,3241,3,0.3646195636606597,FINITE
21696,3410,1,0.026997546478872383,FINITE
21786,3410,2,0.03256330060213352,FINITE
21875,3410,3,0.029561788526319317,FINITE
21959,3410,4,,NAN
22047,3410,5,,NAN
449,90,2,,NAN
1282,106,4,,NAN
1448,183,4,0.001976286953032902,FINITE
1538,183,5,0.001987277843075837,FINITE
1830,185,4,0.001225337375174043,FINITE
1965,185,5,0.0016787446910006408,FINITE
2113,178,8,0.0016864482079696657,FINITE
2224,178,9,0.00172202661650175,FINITE
2366,295,0,0,FINITE
2507,297,1,0.0015316767207180343,FINITE
2632,297,2,0.001021117813812023,FINITE
2870,221,8,0.136932931205361,FINITE
2996,221,9,0.12354597142826833,FINITE
3158,363,4,,NAN
3235,363,5,,NAN
3318,363,6,,NAN
3397,363,7,,NAN
3485,363,8,,NAN
4017,542,0,,NAN
4143,556,0,0.034949616638777166,FINITE
4306,556,1,0.028912012469552478,FINITE
4446,556,2,0.029960634692923222,FINITE
4546,606,0,0.021630493220995833,FINITE
4631,606,1,0.021396363246642187,FINITE
4711,606,2,0.01946130579774546,FINITE
4781,606,3,0.024401779087278336,FINITE
4841,606,4,0.02393032143432847,FINITE
4883,629,3,,NAN
4988,629,4,,NAN
5054,629,5,,NAN
5191,543,8,0.0285874688070422,FINITE
5361,543,9,0.027770582826181438,FINITE
5499,716,0,0.021716806474056674,FINITE
5665,716,1,0.02497276645753809,FINITE
6412,795,4,,NAN
6476,795,5,,NAN
6545,795,6,,NAN
6602,795,7,,NAN
6669,795,8,,NAN
6748,795,9,,NAN
6823,872,0,,NAN
6901,886,0,0.032666835055705716,FINITE
7011,886,1,,NAN
7096,886,2,,NAN
7182,850,4,0.022041333777352675,FINITE
7277,850,5,0.023963783582017045,FINITE
7394,850,6,0.023670068759140326,FINITE
7512,850,7,0.02356006483576283,FINITE
7627,850,8,,NAN
7745,850,9,,NAN
7836,1043,0,0.03272120773385201,FINITE
7938,1043,1,,NAN
8067,1052,2,0.03173641189209316,FINITE
8189,1052,3,,NAN
8319,1052,4,,NAN
8466,1052,5,,NAN
8604,1052,6,,NAN
8768,1052,7,,NAN
8909,1052,8,,NAN
9927,1324,0,0.036336049643197386,FINITE
9981,1324,1,,NAN
10037,1324,2,,NAN
10094,1324,3,,NAN
10141,1324,4,,NAN
10183,1307,6,,NAN
10246,1307,7,,NAN
10309,1307,8,,NAN
10374,1307,9,,NAN
10440,1392,0,0.0020422322932905105,FINITE
10515,1392,1,0.0015316767207180343,FINITE
10587,1392,2,0.0020422289586234047,FINITE
10655,1392,3,0.001786952006003943,FINITE
10726,1392,4,0.0016337858344322661,FINITE
10809,1392,5,0.0015316750533844814,FINITE
10878,1392,6,0.0013128643314724126,FINITE
10933,1392,7,0.0013867049141444209,FINITE
12204,1603,6,,NAN
12276,1603,7,,NAN
12342,1603,8,,NAN
12428,1603,9,,NAN
12504,1691,0,0.024693165696857505,FINITE
12566,1691,1,0.02909593027760765,FINITE
12625,1691,2,,NAN
12677,1691,3,,NAN
12730,1691,4,,NAN
12827,1691,5,,NAN
12865,1691,6,,NAN
12899,1691,7,,NAN
12942,1691,8,,NAN
13031,1691,9,,NAN
13064,1803,0,0,FINITE
13107,1807,0,0.02880856932367741,FINITE
13144,1807,1,0.024587424137365553,FINITE
13185,1807,2,0.02820659507623566,FINITE
13222,1807,3,0.028232028473581167,FINITE
13271,1807,4,0.025305936565733815,FINITE
13309,1807,5,0.02547171721656599,FINITE
13347,1807,6,0.027102691909006552,FINITE
13389,1807,7,0.02728780701665255,FINITE
13422,1807,8,,NAN
13467,1807,9,,NAN
13890,1827,7,,NAN
13998,1827,8,,NAN
14085,1827,9,,NAN
14133,1941,0,0.24620619212425374,FINITE
14169,1941,1,0.2418561191858799,FINITE
14207,1941,2,,NAN
14253,1941,3,,NAN
14298,1941,4,,NAN
14340,1941,5,,NAN
14382,1941,6,,NAN
14426,1941,7,,NAN
14475,1941,8,,NAN
14521,1941,9,,NAN
14562,2024,0,0.01837675718081073,FINITE
14598,2024,1,0.01840292220450144,FINITE
14630,2024,2,0.018394200529937905,FINITE
14661,2024,3,0.021590096544275454,FINITE
14705,2024,4,0.02374860235854707,FINITE
14733,2024,5,0.02494092372913083,FINITE
14768,2024,6,0.026706845645469816,FINITE
14794,2024,7,0.025961777861156422,FINITE
14830,2024,8,0.02529405379907396,FINITE
14860,2024,9,0.025529757202598685,FINITE
14888,2093,0,,NAN
14918,2104,0,,NAN
18219,2634,0,0.021630493220995944,FINITE
18235,2634,1,0.026095775513101705,FINITE
18259,2634,2,0.025454708908990736,FINITE
18282,2634,3,0.027975574943299233,FINITE
18298,2634,4,0.02640910688468686,FINITE
18320,2634,5,,NAN
18335,2634,6,,NAN
18359,2634,7,,NAN
18387,2634,8,,NAN
18404,2634,9,,NAN
21190,3197,0,0.024088214798626773,FINITE
21377,3197,1,,NAN
21464,3197,2,,NAN
21540,3197,3,,NAN
21641,3197,4,,NAN
21697,3369,3,,NAN
21777,3369,4,,NAN
21852,3369,5,,NAN
21932,3369,6,,NAN
22005,3369,7,,NAN
22072,3369,8,,NAN
22172,3369,9,,NAN
22247,3451,0,,NAN
22342,3466,0,0.003945781270133631,FINITE
22399,3477,0,0.36389693895929964,FINITE
22759,3376,2,,NAN
23175,3376,3,,NAN
23680,3376,4,,NAN
23712,3712,1,0.3633950103315137,FINITE
23920,3712,2,,NAN
24011,3324,5,,NAN
24065,3712,3,,NAN
24129,3712,4,,NAN
450,39,5,0,FINITE
1283,137,4,0.0006126726888873351,FINITE
1449,178,3,0.0015316667167166952,FINITE
1610,178,4,0.0016337798320314582,FINITE
1831,180,9,0.0008860423669041024,FINITE
1930,282,0,0.027617104628641437,FINITE
2004,282,1,0.028374183880697942,FINITE
2114,184,7,0.0006381994672158982,FINITE
2248,184,8,0.0006807463206525271,FINITE
2375,184,9,0.0007147838034018302,FINITE
2508,240,7,0.0012590635202511505,FINITE
2603,240,8,0.0011191675735565782,FINITE
2697,240,9,0.0012114740455299714,FINITE
2871,355,0,,NAN
2959,423,0,0.026521602123849134,FINITE
3053,423,1,,NAN
3159,391,2,0.019994839831435216,FINITE
3306,391,3,,NAN
3423,391,4,,NAN
4018,338,9,,NAN
4144,557,0,0.02853128272279334,FINITE
4303,557,1,0.027770742051142668,FINITE
4430,557,2,0.024264213415818803,FINITE
4547,605,0,0.029276829272384595,FINITE
4624,605,1,0.025496817873220688,FINITE
4697,605,2,0.022258599998072278,FINITE
4777,605,3,0.025431281134320013,FINITE
4846,605,4,0.027208928197636983,FINITE
4884,595,5,,NAN
4976,595,6,,NAN
5047,595,7,,NAN
5192,618,8,,NAN
5273,618,9,,NAN
5355,695,0,0.024415879095973224,FINITE
5434,695,1,0.03028047769567369,FINITE
5513,695,2,0.029265371108114155,FINITE
5587,695,3,0.031240484997219143,FINITE
5659,695,4,,NAN
6413,751,5,,NAN
6567,751,6,,NAN
6690,751,7,,NAN
6844,751,8,,NAN
6960,751,9,,NAN
7092,931,0,0.018706373829076108,FINITE
7183,879,4,,NAN
7276,879,5,,NAN
7344,879,6,,NAN
7420,879,7,,NAN
7485,879,8,,NAN
7564,879,9,,NAN
7634,1028,0,0.027840068716910388,FINITE
7721,1028,1,0.026871553064006223,FINITE
7802,1028,2,0.025354961183808505,FINITE
7881,1028,3,0.02558288020411815,FINITE
7968,1028,4,0.02471462890052677,FINITE
8068,1024,4,,NAN
8196,1024,5,,NAN
8327,1024,6,,NAN
8459,1024,7,,NAN
8599,1024,8,,NAN
8750,1024,9,,NAN
8883,1175,0,0.02190777982187979,FINITE
9928,1064,7,,NAN
10184,1339,3,,NAN
10242,1339,4,,NAN
10304,1339,5,,NAN
10364,1339,6,,NAN
10430,1339,7,,NAN
10505,1339,8,,NAN
10579,1339,9,,NAN
10759,1427,0,,NAN
10882,1457,0,0.7108038294833974,FINITE
12205,1639,1,0.021699634438208444,FINITE
12270,1639,2,,NAN
12338,1639,3,,NAN
12423,1639,4,,NAN
12492,1639,5,,NAN
12556,1639,6,,NAN
12620,1639,7,,NAN
12675,1639,8,,NAN
12728,1639,9,,NAN
12781,1736,0,,NAN
13000,1752,0,,NAN
13037,1797,0,0.03619740634275525,FINITE
13074,1797,1,0.032598474507127835,FINITE
13116,1797,2,0.031387502826692254,FINITE
13152,1797,3,0.02958377104521142,FINITE
13187,1797,4,,NAN
13223,1797,5,,NAN
13262,1797,6,,NAN
13297,1797,7,,NAN
13337,1797,8,,NAN
13378,1797,9,,NAN
13416,1848,0,0,FINITE
13458,1859,0,0.034378769337474184,FINITE
13891,1871,9,,NAN
13924,1922,0,0.019952261302414148,FINITE
13961,1922,1,0.021232506036825166,FINITE
13997,1922,2,0.022893106430438775,FINITE
14028,1922,3,0.023128838876157992,FINITE
14075,1922,4,0.022818703735649322,FINITE
14114,1922,5,0.02400459478645583,FINITE
14147,1922,6,0.024264715200223743,FINITE
14185,1922,7,0.026183733092410538,FINITE
14215,1922,8,,NAN
14245,1922,9,,NAN
14281,1977,0,0,FINITE
14323,1984,0,0.030868547376369865,FINITE
14363,1984,1,0.037355542747731,FINITE
14401,1984,2,0.03132401084210212,FINITE
14433,1984,3,0.029225178299717186,FINITE
14477,1984,4,0.03346055066830669,FINITE
14515,1984,5,0.0338071665216542,FINITE
14551,1984,6,,NAN
14585,1984,7,,NAN
14620,1984,8,,NAN
14652,1984,9,,NAN
14723,2048,0,,NAN
14757,2064,0,,NAN
14790,2074,0,0.03214828769038222,FINITE
14813,2074,1,0.03018515155146953,FINITE
14846,2074,2,,NAN
14879,2074,3,,NAN
14902,2074,4,,NAN
14935,2074,5,,NAN
18220,2619,3,0.026144955478188257,FINITE
18243,2619,4,0.025446243196886292,FINITE
18269,2619,5,0.025720134629632716,FINITE
18285,2619,6,0.026518616118048333,FINITE
18305,2619,7,0.026831862916987942,FINITE
18326,2619,8,0.025371420613701,FINITE
18345,2619,9,0.024569860176324256,FINITE
18403,2669,0,,NAN
21191,3232,0,0.017771746141259665,FINITE
21235,3232,1,0.022322643327728035,FINITE
21327,3232,2,0.02082312094803231,FINITE
21421,3232,3,0.020432101911075258,FINITE
21497,3232,4,0.021581746331257475,FINITE
21577,3232,5,0.02188395499211733,FINITE
21698,3239,3,,NAN
21887,3239,4,,NAN
22060,3239,5,,NAN
22234,3239,6,,NAN
22413,3239,7,,NAN
22416,3491,0,0.020557252298876706,FINITE
22484,3491,1,0.01928520481287132,FINITE
22551,3491,2,0.022661960732856496,FINITE
22628,3491,3,0.02613620140348851,FINITE
22693,3491,4,0.0274459451060143,FINITE
22764,3491,5,0.027465750018555276,FINITE
22820,3544,4,,NAN
22829,3491,6,0.02736853499104584,FINITE
22888,3544,5,,NAN
22896,3491,7,0.0265409963230026,FINITE
22938,3544,6,,NAN
22977,3491,8,0.025633858640536848,FINITE
451,50,5,0,FINITE
1284,80,7,,NAN
1450,200,0,0.0010211211481455584,FINITE
1598,200,1,0.0010211211481455584,FINITE
1832,238,0,0,FINITE
1922,238,1,0.0005105605740727792,FINITE
2008,238,2,0.00034037371604851946,FINITE
2115,285,2,,NAN
2220,285,3,,NAN
2309,285,4,,NAN
2397,285,5,,NAN
2509,216,8,0.00256889937733532,FINITE
2622,216,9,0.0024141215544163435,FINITE
2872,380,0,0.05006884415295618,FINITE
2990,380,1,0.049203864314439905,FINITE
3160,409,3,0.025053537989585692,FINITE
3233,409,4,0.023188797231747403,FINITE
3325,409,5,0.02299840154684318,FINITE
3412,409,6,0.022133168258460928,FINITE
3498,409,7,0.024105182275234928,FINITE
4019,514,3,0.027697774750588374,FINITE
4110,514,4,0.028719315471700268,FINITE
4188,514,5,0.0295473654829651,FINITE
4261,514,6,0.030327836158391276,FINITE
4338,514,7,0.028648036448690635,FINITE
4416,514,8,0.028741904671977507,FINITE
4548,551,3,0.02077316983946253,FINITE
4686,551,4,0.02011742777964512,FINITE
4840,551,5,0.02120822946462515,FINITE
4885,559,5,,NAN
4994,559,6,,NAN
5193,617,8,,NAN
5277,617,9,,NAN
5347,696,0,0.03766597699744841,FINITE
5428,696,1,0.03518339762941689,FINITE
5512,696,2,,NAN
5583,696,3,,NAN
5644,696,4,,NAN
5729,696,5,,NAN
6414,767,3,0.021171589972022092,FINITE
6575,767,4,0.02203141859244556,FINITE
6702,767,5,0.022065426188763337,FINITE
6869,767,6,0.022220607433398872,FINITE
6982,767,7,0.022951159663025657,FINITE
7120,767,8,0.02150475021440347,FINITE
7184,894,3,,NAN
7273,894,4,,NAN
7349,894,5,,NAN
7416,894,6,,NAN
7489,894,7,,NAN
7569,894,8,,NAN
7643,894,9,,NAN
7727,1035,0,0.027775912640270663,FINITE
7803,1035,1,0.03706402034959105,FINITE
7879,1035,2,0.037748970607562125,FINITE
7973,1035,3,0.03701040276537161,FINITE
8069,922,9,,NAN
8177,1094,0,0.022374107470794255,FINITE
8331,1094,1,,NAN
8456,1094,2,,NAN
8611,1094,3,,NAN
8777,1094,4,,NAN
8922,1094,5,,NAN
9929,1301,2,0.019746614359030797,FINITE
9990,1301,3,0.022280390767549868,FINITE
10049,1301,4,0.023077243580020022,FINITE
10099,1301,5,0.023591365845064136,FINITE
10153,1301,6,0.026027145650108555,FINITE
10185,1319,2,0.020706552506813237,FINITE
10273,1319,3,,NAN
10371,1319,4,,NAN
10461,1319,5,,NAN
10553,1319,6,,NAN
10633,1319,7,,NAN
10694,1319,8,,NAN
10758,1319,9,,NAN
10837,1455,0,0.024449862301652976,FINITE
10920,1455,1,0.020765137065131112,FINITE
12206,1635,2,0.022985541979768893,FINITE
12277,1635,3,0.020998776447496342,FINITE
12324,1635,4,,NAN
12377,1635,5,,NAN
12416,1635,6,,NAN
12475,1635,7,,NAN
12527,1635,8,,NAN
12577,1635,9,,NAN
12810,1712,0,1.425412412175258,FINITE
12959,1712,1,1.4469280302959284,FINITE
13188,1712,2,1.4364420324593266,FINITE
13384,1712,3,,NAN
13892,1902,3,0.023015248180085,FINITE
13935,1902,4,0.0253484072566046,FINITE
13972,1902,5,0.02484396895107266,FINITE
14016,1902,6,0.02381384522103621,FINITE
14064,1902,7,0.02530953877592088,FINITE
14107,1902,8,0.02506319469133442,FINITE
14157,1902,9,0.024896375051842636,FINITE
14339,1962,0,,NAN
14372,1994,0,0.15838793882924623,FINITE
14403,1994,1,0.1579673054336507,FINITE
14455,1994,2,,NAN
14473,1994,3,,NAN
14518,1994,4,,NAN
14552,1994,5,,NAN
14587,1994,6,,NAN
14628,1994,7,,NAN
14675,1994,8,,NAN
14712,1994,9,,NAN
14799,2061,0,0.6980656892427191,FINITE
14915,2061,1,0.6917040366677707,FINITE
18221,2609,5,0.028302055171705854,FINITE
18239,2609,6,0.02854005203948618,FINITE
18266,2609,7,,NAN
18284,2609,8,,NAN
18304,2609,9,,NAN
18325,2659,0,0.005849290222963968,FINITE
18356,2665,0,,NAN
18412,2672,0,0.5525535881815904,FINITE
21192,3185,0,,NAN
21270,3270,0,0,FINITE
21375,3307,0,0,FINITE
21465,3363,0,0,FINITE
21549,3391,0,,NAN
21629,3413,0,0.047095491380233466,FINITE
21699,3386,2,,NAN
21809,3386,3,,NAN
21896,3386,4,,NAN
21986,3386,5,,NAN
22075,3386,6,,NAN
22152,3386,7,,NAN
22243,3386,8,,NAN
22307,3386,9,,NAN
22394,3484,0,,NAN
22417,3492,0,,NAN
22562,3521,0,0.6278052254922634,FINITE
22712,3521,1,0.619053510194773,FINITE
22784,3521,2,0.4219368127570828,FINITE
22852,3521,3,,NAN
22869,3610,0,0.0010211211481455584,FINITE
22953,3625,0,0.38322737804022167,FINITE
23009,3521,4,,NAN
23051,3625,1,0.35961618816481344,FINITE
23064,3521,5,,NAN
23167,3625,2,0.37795073024407705,FINITE
23211,3521,6,,NAN
23334,3521,7,,NAN
23462,3521,8,,NAN
23573,3521,9,,NAN
23633,3733,0,0.045522441435292015,FINITE
23713,3668,7,0.11783782330710535,FINITE
23766,3668,8,,NAN
23793,3668,9,,NAN
23841,3771,0,0.0029246901339921136,FINITE
24040,3745,0,,NAN
24096,3827,0,,NAN
24150,3840,0,0.035729146394048054,FINITE
452,23,5,0,FINITE
453,4,2,,NAN
1285,110,9,0,FINITE
1451,147,5,,NAN
1540,147,6,,NAN
1833,106,6,,NAN
2116,228,4,0.0008168909165159409,FINITE
2245,228,5,0.0009980072625713637,FINITE
2370,228,6,0.00100130924622482,FINITE
2510,190,8,0.0028208136964248593,FINITE
2627,190,9,0.0025387323267823734,FINITE
2873,324,1,0.023948595322725384,FINITE
2988,324,2,0.023902055497424926,FINITE
3161,439,1,0,FINITE
3243,449,0,0,FINITE
3327,449,1,0,FINITE
3419,458,0,0.0010211211481455584,FINITE
3496,458,1,0.0005105605740727792,FINITE
4020,455,5,0.0018489365511923591,FINITE
4151,455,6,0.0015848027581648794,FINITE
4330,455,7,0.0016419814500555833,FINITE
4481,455,8,0.0015729969720655805,FINITE
4549,460,8,0.0014749438777651096,FINITE
4701,460,9,0.0015316727193176497,FINITE
4863,641,0,0.018929428151938724,FINITE
4886,468,8,0.07205690613244814,FINITE
5016,468,9,0.06505543874853238,FINITE
5194,592,9,,NAN
5262,670,0,0.03220061773776342,FINITE
5320,670,1,0.029744052859069794,FINITE
5388,670,2,0.02873191693861929,FINITE
5457,670,3,0.028080936195115754,FINITE
5536,670,4,,NAN
5601,670,5,,NAN
5671,670,6,,NAN
6415,665,8,,NAN
6576,665,9,,NAN
6692,852,0,0.029883732521534027,FINITE
6853,852,1,0.02413024485117249,FINITE
6963,852,2,0.02468398139316555,FINITE
7095,852,3,0.027968202114112918,FINITE
7185,963,0,0,FINITE
7272,983,0,,NAN
7348,1003,0,0.023342668249035407,FINITE
7414,1003,1,0.0260756187863563,FINITE
7491,1003,2,0.024014111245290265,FINITE
7579,1003,3,0.023638771126776745,FINITE
7644,1003,4,0.02209517841106485,FINITE
7723,1003,5,0.022588449204689613,FINITE
7811,1003,6,0.02158136515438696,FINITE
7905,1003,7,0.020635881864547415,FINITE
7984,1003,8,0.019689022775045178,FINITE
8070,918,8,,NAN
8181,918,9,,NAN
8332,1104,0,,NAN
8473,1119,0,0.03552626673197805,FINITE
8622,1119,1,,NAN
8782,1119,2,,NAN
8913,1119,3,,NAN
9930,1289,3,,NAN
9989,1289,4,,NAN
10048,1289,5,,NAN
10102,1289,6,,NAN
10160,1289,7,,NAN
10186,1351,0,0.027735408622147996,FINITE
10284,1351,1,,NAN
10379,1351,2,,NAN
10451,1351,3,,NAN
10530,1351,4,,NAN
10591,1351,5,,NAN
10662,1351,6,,NAN
10727,1351,7,,NAN
10794,1351,8,,NAN
10859,1351,9,,NAN
12207,1621,4,,NAN
12274,1621,5,,NAN
12351,1621,6,,NAN
12432,1621,7,,NAN
12514,1621,8,,NAN
12569,1621,9,,NAN
12688,1710,0,,NAN
12763,1723,0,,NAN
12804,1747,0,0,FINITE
12876,1763,0,0.5127484434527807,FINITE
12948,1763,1,,NAN
13023,1763,2,,NAN
13102,1763,3,,NAN
13184,1763,4,,NAN
13280,1763,5,,NAN
13354,1763,6,,NAN
13430,1763,7,,NAN
13893,1878,7,,NAN
13929,1878,8,,NAN
13970,1878,9,,NAN
14004,1926,0,0.038357090637021495,FINITE
14040,1926,1,0.0298721402314064,FINITE
14082,1926,2,0.03159409436560583,FINITE
14118,1926,3,0.031615577709623165,FINITE
14155,1926,4,0.031853557838928105,FINITE
14190,1926,5,0.030288034986415937,FINITE
14221,1926,6,0.02905609804931016,FINITE
14261,1926,7,0.027414186736673573,FINITE
14301,1926,8,0.026832958668484404,FINITE
14336,1926,9,0.02610329594174478,FINITE
14396,1993,0,,NAN
14432,2003,0,0.019813618001972004,FINITE
14472,2003,1,0.022226245636729675,FINITE
14514,2003,2,0.024115627500994875,FINITE
14550,2003,3,,NAN
14588,2003,4,,NAN
14621,2003,5,,NAN
14659,2003,6,,NAN
14696,2003,7,,NAN
14727,2003,8,,NAN
14758,2003,9,,NAN
14788,2075,0,0.025548151081947253,FINITE
14810,2075,1,0.024899077409300013,FINITE
14841,2075,2,0.028462885970735315,FINITE
14875,2075,3,0.026763283584720382,FINITE
14905,2075,4,,NAN
14939,2075,5,,NAN
18222,2579,7,,NAN
18267,2579,8,,NAN
18309,2579,9,,NAN
18358,2662,0,0.03373994558667078,FINITE
18391,2662,1,0.02232105561890155,FINITE
21193,3254,0,,NAN
21238,3269,0,0,FINITE
21330,3289,0,0,FINITE
21409,3340,0,0,FINITE
21700,3419,0,0.19712582479927843,FINITE
21817,3419,1,0.24685361607423018,FINITE
21893,3419,2,,NAN
22002,3419,3,,NAN
22071,3419,4,,NAN
22157,3419,5,,NAN
22251,3419,6,,NAN
22345,3419,7,,NAN
22418,3497,0,0.01387885553522858,FINITE
22559,3520,0,0.6509165965213518,FINITE
22697,3520,1,,NAN
22871,3520,2,,NAN
22875,3612,0,0.0019035889928484776,FINITE
22970,3626,0,,NAN
23023,3520,3,,NAN
23039,3645,0,0.03523561676445122,FINITE
23089,3645,1,,NAN
23145,3645,2,,NAN
23165,3520,4,,NAN
23215,3645,3,,NAN
23275,3645,4,,NAN
23300,3520,5,,NAN
23323,3645,5,,NAN
23380,3645,6,,NAN
23429,3520,6,,NAN
23438,3645,7,,NAN
23481,3645,8,,NAN
23547,3645,9,,NAN
23569,3520,7,,NAN
454,9,5,0,FINITE
1286,119,9,0,FINITE
1452,206,0,0.0010211211481455584,FINITE
1595,206,1,0.004386940145958335,FINITE
1834,192,3,0.0015316742197177052,FINITE
1962,192,4,0.0018380060626609935,FINITE
2117,198,5,0.0019410767495981647,FINITE
2243,198,6,0.0020815929473687288,FINITE
2388,198,7,0.0018213938289476377,FINITE
2511,210,8,0.004862941493575541,FINITE
2624,210,9,0.0046829806876614016,FINITE
2874,392,0,0.0146225499493527,FINITE
2957,392,1,0.01466570657588312,FINITE
3041,392,2,0.01774223408388369,FINITE
3162,383,2,,NAN
3338,383,3,,NAN
3453,383,4,,NAN
4021,397,9,,NAN
4152,558,0,0.04620910825168412,FINITE
4312,558,1,0.03769981213550394,FINITE
4445,558,2,0.03096469460379449,FINITE
4550,435,9,,NAN
4623,625,0,0.016612151879901952,FINITE
4702,625,1,0.023333249189565468,FINITE
4772,625,2,0.028364755301745054,FINITE
4844,625,3,0.027524184757666853,FINITE
4887,570,4,,NAN
4996,570,5,,NAN
5195,563,7,,NAN
5353,563,8,,NAN
5497,563,9,,NAN
5657,734,0,0.016750795180344207,FINITE
6416,845,0,0.03285780840352894,FINITE
6483,845,1,0.02830820327694517,FINITE
6553,845,2,0.024224661744008016,FINITE
6622,845,3,0.02494262496614425,FINITE
6708,845,4,,NAN
6779,845,5,,NAN
6848,845,6,,NAN
6931,845,7,,NAN
7015,845,8,,NAN
7089,845,9,,NAN
7186,964,0,0,FINITE
7282,984,0,0.03145507118817217,FINITE
7359,984,1,0.030070110758270468,FINITE
7423,984,2,0.026743071288903523,FINITE
7501,984,3,0.02673594545090424,FINITE
7581,984,4,,NAN
7642,984,5,,NAN
7748,984,6,,NAN
7826,984,7,,NAN
7906,984,8,,NAN
7991,984,9,,NAN
8072,1011,5,,NAN
8175,1011,6,,NAN
8306,1011,7,,NAN
8443,1011,8,,NAN
8575,1011,9,,NAN
8745,1154,0,0.02069589559931874,FINITE
8873,1154,1,0.02041860899843473,FINITE
9931,1323,0,,NAN
9988,1332,0,0,FINITE
10044,1344,0,0.027373801233436912,FINITE
10097,1344,1,0.0278148999258367,FINITE
10149,1344,2,0.025799001357772775,FINITE
10187,1220,8,,NAN
10276,1220,9,,NAN
10357,1369,0,0.041437568085165986,FINITE
10444,1369,1,0.02949217883646133,FINITE
10526,1369,2,0.02512385099977395,FINITE
10601,1369,3,,NAN
10668,1369,4,,NAN
10741,1369,5,,NAN
10817,1369,6,,NAN
10898,1369,7,,NAN
10969,1369,8,,NAN
12208,1651,0,0.0010211211481455584,FINITE
12275,1667,0,0.02955411587326865,FINITE
12352,1667,1,,NAN
12403,1667,2,,NAN
12443,1667,3,,NAN
12495,1667,4,,NAN
12565,1667,5,,NAN
12610,1667,6,,NAN
12655,1667,7,,NAN
12722,1667,8,,NAN
12775,1667,9,,NAN
12970,1751,0,,NAN
13001,1794,0,,NAN
13039,1798,0,,NAN
13085,1804,0,0.0029246901339921136,FINITE
13119,1804,1,0.0039457762671320715,FINITE
13158,1804,2,0.0029708912274699004,FINITE
13198,1804,3,0.002738726493925053,FINITE
13244,1804,4,0.002395205424769154,FINITE
13284,1804,5,0.0021661913786652216,FINITE
13308,1804,6,0.0020026099171624122,FINITE
13345,1804,7,0.0017522836775171109,FINITE
13379,1804,8,0.001784500190380822,FINITE
13421,1804,9,0.0019123835147861544,FINITE
13466,1861,0,0.04318966500052577,FINITE
13894,1908,2,0.02292794633871058,FINITE
13931,1908,3,0.025293346867738348,FINITE
13974,1908,4,,NAN
14007,1908,5,,NAN
14043,1908,6,,NAN
14088,1908,7,,NAN
14127,1908,8,,NAN
14164,1908,9,,NAN
14369,1963,0,,NAN
14408,1997,0,0.25774478561643505,FINITE
14454,1997,1,0.2485075655763339,FINITE
14502,1997,2,0.25979630814095916,FINITE
14538,1997,3,,NAN
18223,2605,7,0.027253487993093076,FINITE
18240,2605,8,0.027216865785686207,FINITE
18265,2605,9,,NAN
18289,2651,0,,NAN
18310,2657,0,0.0010211211481455584,FINITE
18329,2660,0,0.028222015412556836,FINITE
18346,2660,1,,NAN
18371,2660,2,,NAN
18396,2660,3,,NAN
18413,2660,4,,NAN
21194,3242,0,0.026155054331096585,FINITE
21343,3242,1,0.3647101699033836,FINITE
21434,3242,2,0.25563859437318887,FINITE
21701,3416,1,0.03093300721462745,FINITE
21787,3416,2,0.03263316926355952,FINITE
21867,3416,3,0.02896508376754085,FINITE
21961,3416,4,0.029148006500347497,FINITE
22027,3416,5,0.03227601070619116,FINITE
22113,3416,6,,NAN
22200,3416,7,,NAN
22268,3416,8,,NAN
22360,3416,9,,NAN
22419,3490,0,,NAN
22486,3522,0,0.024449862301652976,FINITE
22552,3522,1,0.03475202189411884,FINITE
22744,3522,2,0.24093773968646226,FINITE
22903,3535,2,0.5954664569946156,FINITE
22919,3522,3,0.33877128405314616,FINITE
23003,3522,4,0.27730844799928045,FINITE
23026,3535,3,0.5902865374113286,FINITE
23156,3535,4,0.5904010803830964,FINITE
23163,3522,5,,NAN
23296,3535,5,,NAN
23346,3522,6,,NAN
23428,3535,6,,NAN
23474,3535,7,,NAN
23532,3522,7,,NAN
23623,3535,8,,NAN
23714,3654,8,0.023057146183021838,FINITE
23808,3654,9,0.02399038641020181,FINITE
23897,3775,0,,NAN
24044,3789,0,0.7261577949830553,FINITE
455,27,5,0.0013383809787866682,FINITE
456,24,4,,NAN
1287,103,8,,NAN
1453,155,4,0.11211230059171587,FINITE
1547,155,5,0.09342691715976321,FINITE
1835,167,9,0.002000624296355156,FINITE
1929,283,0,0.025047880333625212,FINITE
2009,283,1,,NAN
2118,241,3,0.0019728931353165165,FINITE
2223,241,4,0.0017825387378823249,FINITE
2317,241,5,0.0016556358062595304,FINITE
2515,201,8,0.0005672873038585088,FINITE
2608,201,9,0.0006126706882872137,FINITE
2730,311,0,0.17261742033986838,FINITE
2875,343,1,0.48978707950730554,FINITE
2976,343,2,0.4942788288910995,FINITE
3064,343,3,,NAN
3163,427,2,0.02332470345056706,FINITE
3237,427,3,0.020487404277571578,FINITE
3329,427,4,0.02171418979098875,FINITE
3424,427,5,0.02392009426562013,FINITE
3509,427,6,0.023711569473939396,FINITE
4022,539,1,0.024336372753187275,FINITE
4106,539,2,0.022672701186546493,FINITE
4174,539,3,0.022502566083696877,FINITE
4249,539,4,0.023013013501520192,FINITE
4328,539,5,0.022254689656912126,FINITE
4398,539,6,0.02355571043391368,FINITE
4480,539,7,0.02376042743883139,FINITE
4551,554,3,0.02608020800405172,FINITE
4696,554,4,0.026934162391604254,FINITE
4857,554,5,,NAN
4888,603,5,0.026758680542151424,FINITE
4979,603,6,0.029139504048552624,FINITE
5062,603,7,0.03011866110438833,FINITE
5197,546,8,,NAN
5351,546,9,,NAN
5480,715,0,0.03029764989443317,FINITE
5606,715,1,0.02637903530914408,FINITE
6417,786,4,,NAN
6489,786,5,,NAN
6557,786,6,,NAN
6634,786,7,,NAN
6698,786,8,,NAN
6762,786,9,,NAN
6828,875,0,0.031093503929872958,FINITE
6911,875,1,0.030530768588020493,FINITE
6962,875,2,,NAN
7036,875,3,,NAN
7122,875,4,,NAN
7187,886,3,,NAN
7265,886,4,,NAN
7346,886,5,,NAN
7412,886,6,,NAN
7483,886,7,,NAN
7558,886,8,,NAN
7632,886,9,,NAN
7713,1034,0,0.03010196404882585,FINITE
7798,1034,1,0.03401810097266651,FINITE
7885,1034,2,,NAN
7975,1034,3,,NAN
8073,1016,4,0.03529617552484769,FINITE
8185,1016,5,,NAN
8317,1016,6,,NAN
8457,1016,7,,NAN
8609,1016,8,,NAN
8780,1016,9,,NAN
8927,1176,0,0.027971789178164192,FINITE
9932,1256,8,,NAN
9986,1256,9,,NAN
10040,1342,0,,NAN
10091,1350,0,0.021241623686161375,FINITE
10142,1350,1,0.023424513827338914,FINITE
10188,1299,7,0.027193917231865938,FINITE
10245,1299,8,0.026487319639409822,FINITE
10310,1299,9,0.026603497212377553,FINITE
10370,1376,0,0.028253996121909167,FINITE
10438,1376,1,0.032407501159304825,FINITE
10504,1376,2,,NAN
10572,1376,3,,NAN
10646,1376,4,,NAN
10725,1376,5,,NAN
10798,1376,6,,NAN
10869,1376,7,,NAN
10923,1376,8,,NAN
10980,1376,9,,NAN
12209,1649,0,0,FINITE
12267,1668,0,,NAN
12313,1678,0,0.015920807548217265,FINITE
12364,1678,1,0.025561220553494364,FINITE
12409,1678,2,0.025069567851565597,FINITE
12461,1678,3,0.028755197795102834,FINITE
12516,1678,4,0.027485776371377023,FINITE
12558,1678,5,0.02746144998077375,FINITE
12608,1678,6,0.02692733749691509,FINITE
12654,1678,7,0.0267091266265831,FINITE
12699,1678,8,0.028474673060972018,FINITE
12731,1678,9,0.02753332061619409,FINITE
12881,1737,0,,NAN
12909,1782,0,,NAN
12971,1786,0,,NAN
13002,1795,0,0.024554522396415583,FINITE
13042,1795,1,,NAN
13086,1795,2,,NAN
13123,1795,3,,NAN
13160,1795,4,,NAN
13194,1795,5,,NAN
13233,1795,6,,NAN
13272,1795,7,,NAN
13300,1795,8,,NAN
13333,1795,9,,NAN
13369,1836,0,0.05588454045639721,FINITE
13402,1836,1,,NAN
13447,1836,2,,NAN
13895,1729,5,,NAN
14108,1729,6,,NAN
14272,1729,7,,NAN
14456,1729,8,,NAN
14673,1729,9,,NAN
14742,2053,0,,NAN
14780,2068,0,0.03200964438994042,FINITE
14818,2068,1,0.026352769994629634,FINITE
14852,2068,2,0.026186073253015085,FINITE
14896,2068,3,0.025034095733164972,FINITE
14932,2068,4,0.027205830042465205,FINITE
18224,2635,0,0.02019365244493202,FINITE
18244,2635,1,0.022390097834519028,FINITE
18270,2635,2,0.024913768692005955,FINITE
18291,2635,3,,NAN
18306,2635,4,,NAN
18328,2635,5,,NAN
18352,2635,6,,NAN
18376,2635,7,,NAN
18402,2635,8,,NAN
18419,2635,9,,NAN
21195,3243,0,0.011093138998955544,FINITE
21245,3268,0,0,FINITE
21323,3294,0,0,FINITE
21600,3336,0,1.5346198536589564,FINITE
21702,3418,0,0.6652061047148082,FINITE
21833,3418,1,,NAN
21926,3418,2,,NAN
22107,3418,3,,NAN
22213,3418,4,,NAN
22331,3418,5,,NAN
22420,3419,8,,NAN
22501,3419,9,,NAN
22567,3549,0,,NAN
22703,3564,0,,NAN
22783,3591,0,0.030290727055245062,FINITE
22841,3591,1,0.02681669765214018,FINITE
22906,3529,3,,NAN
22923,3591,2,,NAN
23014,3591,3,,NAN
23072,3529,4,,NAN
23090,3591,4,,NAN
23159,3591,5,,NAN
23237,3591,6,,NAN
23241,3529,5,,NAN
457,11,5,0,FINITE
1288,125,4,0,FINITE
1454,204,0,0.003063333434434146,FINITE
1604,204,1,0.003296592401620783,FINITE
1836,198,3,0.0021457767640382297,FINITE
1980,198,4,0.0019208456408596954,FINITE
2119,252,3,0.00340051984168093,FINITE
2215,252,4,0.002720415873344744,FINITE
2314,252,5,0.0026073852766690386,FINITE
2398,252,6,0.0026725207277783396,FINITE
2516,215,8,0.0015729969719543906,FINITE
2631,215,9,0.0015178093895735073,FINITE
2876,381,0,0.44585931488124486,FINITE
2973,381,1,,NAN
3060,381,2,,NAN
3164,332,3,,NAN
3266,332,4,,NAN
3390,332,5,,NAN
3518,332,6,,NAN
4023,380,9,,NAN
4136,559,0,0.023895289099884844,FINITE
4291,559,1,0.01886090729386606,FINITE
4438,559,2,,NAN
4552,527,9,,NAN
4633,626,0,0.02820366857085529,FINITE
4695,626,1,,NAN
4762,626,2,,NAN
4836,626,3,,NAN
4889,560,5,0.028107733337839804,FINITE
5021,560,6,0.026240697125388214,FINITE
5198,624,7,,NAN
5284,624,8,,NAN
5365,624,9,,NAN
5431,717,0,0.027703417881702386,FINITE
5520,717,1,0.028624299193678048,FINITE
5598,717,2,0.026321801620470958,FINITE
5668,717,3,0.02890266038246457,FINITE
6418,807,3,0.02392189928820837,FINITE
6507,807,4,0.023992966589673,FINITE
6570,807,5,0.024625428602982346,FINITE
6700,807,6,0.027807527577430914,FINITE
6775,807,7,0.02796731862082222,FINITE
6851,807,8,0.026901700683043192,FINITE
6935,807,9,0.02714444654671545,FINITE
7005,924,0,0,FINITE
7081,942,0,0.03707049775081263,FINITE
7158,942,1,,NAN
7188,881,4,,NAN
7274,881,5,,NAN
7353,881,6,,NAN
7433,881,7,,NAN
7514,881,8,,NAN
7589,881,9,,NAN
7646,1032,0,0.033410328938405315,FINITE
7743,1032,1,,NAN
7821,1032,2,,NAN
7894,1032,3,,NAN
7980,1032,4,,NAN
8074,1050,2,,NAN
8174,1050,3,,NAN
8292,1050,4,,NAN
8426,1050,5,,NAN
8553,1050,6,,NAN
8732,1050,7,,NAN
8888,1050,8,,NAN
9933,1291,3,0.02652801411607176,FINITE
9994,1291,4,0.02525067577236755,FINITE
10054,1291,5,0.02481746215558603,FINITE
10101,1291,6,0.024812035983347802,FINITE
10148,1291,7,0.024628607807165404,FINITE
10189,1320,5,,NAN
10256,1320,6,,NAN
10312,1320,7,,NAN
10365,1320,8,,NAN
10434,1320,9,,NAN
10501,1407,0,,NAN
10630,1418,0,0.4724773650124326,FINITE
10756,1418,1,0.476608693801177,FINITE
10830,1418,2,0.3214368422004365,FINITE
10936,1418,3,0.3584677383964147,FINITE
12210,1650,0,0,FINITE
12266,1669,0,,NAN
12318,1677,0,0.018324427133429536,FINITE
12370,1677,1,0.020116103477654662,FINITE
12419,1677,2,0.020309367518209356,FINITE
12476,1677,3,0.020494688223241582,FINITE
12529,1677,4,0.021351646368576956,FINITE
12585,1677,5,0.022147704301248284,FINITE
12631,1677,6,0.023079450261532155,FINITE
12679,1677,7,0.023361030200552822,FINITE
12719,1677,8,0.023781898476039624,FINITE
12755,1677,9,0.024521690346729054,FINITE
12794,1745,0,0,FINITE
12982,1758,0,1.3606923661611314,FINITE
13214,1758,1,1.3297016405301796,FINITE
13437,1758,2,1.3289817062962133,FINITE
13896,1916,1,0.034836809455602136,FINITE
13932,1916,2,0.03163979847728031,FINITE
13976,1916,3,0.03067678352534256,FINITE
14006,1916,4,0.02993300108669621,FINITE
14046,1916,5,0.028074811240964958,FINITE
14086,1916,6,0.028963046218600425,FINITE
14125,1916,7,0.029008810356246095,FINITE
14163,1916,8,0.028033124277842245,FINITE
14198,1916,9,0.027958560648095647,FINITE
14270,1968,0,0.5333950251921344,FINITE
14452,1968,1,0.7734476141453263,FINITE
14535,1968,2,0.6860266677709445,FINITE
14615,1968,3,0.644717356406274,FINITE
14695,1968,4,,NAN
14868,1968,5,,NAN
14938,1968,6,,NAN
18225,2602,8,,NAN
18249,2602,9,,NAN
18273,2645,0,0.2682538504368479,FINITE
18292,2645,1,0.2663016413432552,FINITE
18312,2645,2,0.26610939760057123,FINITE
18331,2645,3,0.2608787311822025,FINITE
18355,2645,4,,NAN
18381,2645,5,,NAN
18407,2645,6,,NAN
21196,3216,0,0.014156142136112866,FINITE
21237,3271,0,0,FINITE
21331,3288,0,0,FINITE
21427,3342,0,0,FINITE
21510,3382,0,0.0029246901339921136,FINITE
21583,3406,0,,NAN
21703,3413,1,0.035012086026397986,FINITE
21789,3413,2,0.029219091631204498,FINITE
21855,3413,3,,NAN
21940,3413,4,,NAN
22011,3413,5,,NAN
22096,3413,6,,NAN
22183,3413,7,,NAN
22241,3413,8,,NAN
22330,3413,9,,NAN
22421,3424,8,,NAN
22498,3424,9,,NAN
22569,3547,0,0.03744311326541818,FINITE
22702,3547,1,,NAN
22771,3547,2,,NAN
22848,3547,3,,NAN
22916,3514,6,,NAN
22925,3547,4,,NAN
22995,3547,5,,NAN
23007,3514,7,,NAN
23085,3514,8,,NAN
23158,3514,9,,NAN
23185,3547,6,,NAN
23255,3547,7,,NAN
23327,3547,8,,NAN
23331,3665,0,0.5903046790716882,FINITE
23415,3547,9,,NAN
23417,3665,1,0.30610622944678406,FINITE
23500,3703,0,0.025937020616781818,FINITE
458,58,5,0,FINITE
1289,132,4,0,FINITE
1455,165,5,0.0011132480080496294,FINITE
1542,165,6,0.0011000870280633336,FINITE
1837,166,9,0.0026876574296644273,FINITE
1931,284,0,0.0010211211481455584,FINITE
2021,284,1,0.0005105605740727792,FINITE
2120,255,3,0.0017522886801432836,FINITE
2217,255,4,0.0016060551737437385,FINITE
2319,255,5,0.001508566169477375,FINITE
2414,255,6,0.0017306757787569139,FINITE
2518,223,5,,NAN
2640,223,6,,NAN
2877,297,4,0.0006126706882872137,FINITE
2995,297,5,0.0008509309557877632,FINITE
3165,443,0,0,FINITE
3249,443,1,0,FINITE
3349,453,0,0,FINITE
3440,453,1,0,FINITE
3529,464,0,0.00496686240027203,FINITE
4024,545,0,0.020557252298876706,FINITE
4141,545,1,,NAN
4305,545,2,,NAN
4433,545,3,,NAN
4553,578,3,0.02960581988021794,FINITE
4630,578,4,,NAN
4704,578,5,,NAN
4778,578,6,,NAN
4845,578,7,,NAN
4890,647,0,0.013826525487847496,FINITE
4967,647,1,0.024112716176312495,FINITE
5027,647,2,0.023838590184759662,FINITE
5095,647,3,0.022797686313952296,FINITE
5200,610,4,0.03279933516300211,FINITE
5356,610,5,0.03365099270127725,FINITE
5478,610,6,0.031290973699156295,FINITE
5634,610,7,0.029624941922897108,FINITE
6419,836,1,0.023385744667041457,FINITE
6504,836,2,0.022148821345204368,FINITE
6569,836,3,0.0253148070148875,FINITE
6635,836,4,0.02366792797763185,FINITE
6720,836,5,0.024288299249677292,FINITE
6794,836,6,0.023085467571271435,FINITE
6861,836,7,0.023344717033309467,FINITE
6966,836,8,,NAN
7041,836,9,,NAN
7118,951,0,,NAN
7189,969,0,0,FINITE
7269,985,0,,NAN
7342,1002,0,0.025107133220194516,FINITE
7409,1002,1,0.027425104956429837,FINITE
7474,1002,2,0.02955813534952187,FINITE
7550,1002,3,0.025625232884103274,FINITE
7619,1002,4,0.0236288904967493,FINITE
7700,1002,5,0.023774440805463464,FINITE
7786,1002,6,,NAN
7868,1002,7,,NAN
7957,1002,8,,NAN
8075,977,7,,NAN
8182,977,8,,NAN
8307,977,9,,NAN
8427,1114,0,,NAN
8570,1136,0,0.02488217666669175,FINITE
8728,1136,1,0.026223475623975943,FINITE
8887,1136,2,,NAN
9934,1224,5,,NAN
10055,1224,6,,NAN
10190,1324,5,,NAN
10250,1324,6,,NAN
10313,1324,7,,NAN
10378,1324,8,,NAN
10441,1324,9,,NAN
10506,1408,0,0.030677574028546747,FINITE
10573,1408,1,0.026266511901522783,FINITE
10647,1408,2,0.02349858109737608,FINITE
10711,1408,3,0.025942370399245792,FINITE
10790,1408,4,0.02693440243580656,FINITE
10857,1408,5,0.02764729666200011,FINITE
10914,1408,6,0.02648858733901267,FINITE
10963,1408,7,0.025799161696661438,FINITE
12211,1579,9,,NAN
12273,1670,0,0.031284477277695955,FINITE
12417,1670,1,0.331474604713484,FINITE
12493,1670,2,,NAN
12559,1670,3,,NAN
12624,1670,4,,NAN
12673,1670,5,,NAN
12729,1670,6,,NAN
12769,1670,7,,NAN
12809,1670,8,,NAN
12838,1670,9,,NAN
12908,1773,0,0.5002789549088038,FINITE
12990,1773,1,0.49360797481630697,FINITE
13057,1773,2,,NAN
13124,1773,3,,NAN
13202,1773,4,,NAN
13277,1773,5,,NAN
13346,1773,6,,NAN
13434,1773,7,,NAN
13897,1897,4,,NAN
13941,1897,5,,NAN
13981,1897,6,,NAN
14024,1897,7,,NAN
14072,1897,8,,NAN
14120,1897,9,,NAN
14216,1950,0,0.7141156323292992,FINITE
14292,1950,1,,NAN
14366,1950,2,,NAN
14465,1950,3,,NAN
14497,1950,4,,NAN
14528,1950,5,,NAN
14565,1950,6,,NAN
14666,1950,7,,NAN
14759,1950,8,,NAN
14789,1950,9,,NAN
14820,2079,0,0.029795406740046354,FINITE
14866,2079,1,0.02967375504244403,FINITE
14909,2079,2,0.03292588367165198,FINITE
18226,2607,6,0.026933901780833987,FINITE
18247,2607,7,0.02808274489227438,FINITE
18274,2607,8,0.027829145428955537,FINITE
18294,2607,9,0.028051665535982873,FINITE
18314,2658,0,0,FINITE
18333,2663,0,,NAN
18354,2666,0,,NAN
18380,2671,0,,NAN
18406,2674,0,0.025384419821078807,FINITE
21197,3202,0,0.030461330999833863,FINITE
21230,3202,1,,NAN
21310,3202,2,,NAN
21401,3202,3,,NAN
21588,3202,4,,NAN
21704,3161,2,0.6986304921321215,FINITE
21790,3161,3,0.5292486141955209,FINITE
21982,3161,4,0.5611417570814654,FINITE
22164,3161,5,,NAN
22351,3161,6,,NAN
22422,3234,9,,NAN
22495,3523,0,0.03457180538932277,FINITE
22657,3523,1,,NAN
22729,3523,2,,NAN
22797,3523,3,,NAN
22870,3523,4,,NAN
22918,3622,0,,NAN
22954,3523,5,,NAN
22971,3639,0,0.0241133228141996,FINITE
23044,3639,1,0.018996089174714088,FINITE
23095,3639,2,0.018403744492826484,FINITE
23123,3523,6,,NAN
23151,3639,3,0.021411376027955446,FINITE
23190,3523,7,,NAN
23226,3639,4,0.020887638238791743,FINITE
23259,3523,8,,NAN
23277,3639,5,0.022261575721118882,FINITE
23326,3639,6,,NAN
23379,3639,7,,NAN
23448,3639,8,,NAN
459,36,5,,NAN
1290,129,4,0,FINITE
1456,212,0,0,FINITE
1600,212,1,0.0014623450669960568,FINITE
1838,169,9,0.0017857608561164754,FINITE
1937,285,0,0.022790037372120247,FINITE
2027,285,1,0.022997031160356812,FINITE
2121,195,5,0.0014623484014963772,FINITE
2244,195,6,0.0017898426187555239,FINITE
2378,195,7,0.0020766653627330416,FINITE
2519,255,7,0.0017696203430736133,FINITE
2609,255,8,0.0015729958605098784,FINITE
2698,255,9,0.0017220296179023052,FINITE
2878,290,9,,NAN
2956,424,0,0.03678178714741503,FINITE
3042,424,1,0.03112626011077723,FINITE
3166,407,3,0.03009925012356783,FINITE
3247,407,4,0.030083472757564112,FINITE
3346,407,5,0.03156320746153019,FINITE
3444,407,6,0.02790959689894104,FINITE
3525,407,7,0.029807155877862507,FINITE
4025,512,3,,NAN
4145,512,4,,NAN
4215,512,5,,NAN
4271,512,6,,NAN
4329,512,7,,NAN
4396,512,8,,NAN
4472,512,9,,NAN
4554,531,5,,NAN
4700,531,6,,NAN
4859,531,7,,NAN
4891,618,4,,NAN
4961,618,5,,NAN
5043,618,6,,NAN
5109,618,7,,NAN
5201,573,6,,NAN
5359,573,7,,NAN
5502,573,8,,NAN
5667,573,9,,NAN
6420,826,2,0.024023115076780024,FINITE
6499,826,3,,NAN
6572,826,4,,NAN
6676,826,5,,NAN
6754,826,6,,NAN
6835,826,7,,NAN
6938,826,8,,NAN
7002,826,9,,NAN
7080,940,0,0.03266887768647071,FINITE
7190,885,2,0.03229888423363802,FINITE
7298,885,3,0.03050944228169708,FINITE
7427,885,4,0.030304739349174548,FINITE
7548,885,5,0.02816097103981119,FINITE
7686,885,6,,NAN
7792,885,7,,NAN
7897,885,8,,NAN
7982,885,9,,NAN
8077,1018,4,,NAN
8190,1018,5,,NAN
8322,1018,6,,NAN
8475,1018,7,,NAN
8641,1018,8,,NAN
8805,1018,9,,NAN
9935,1193,2,0.6879426171243398,FINITE
10154,1193,3,0.6369290293535222,FINITE
10191,1316,2,0.03599382512213633,FINITE
10282,1316,3,0.03425151646899352,FINITE
10380,1316,4,,NAN
10466,1316,5,,NAN
10544,1316,6,,NAN
10619,1316,7,,NAN
10673,1316,8,,NAN
10740,1316,9,,NAN
10810,1452,0,0,FINITE
12212,1613,5,0.02451365077041932,FINITE
12280,1613,6,0.025114880099018928,FINITE
12356,1613,7,,NAN
12442,1613,8,,NAN
12515,1613,9,,NAN
12658,1704,0,0.6418719758511787,FINITE
12770,1704,1,0.6252014955217595,FINITE
12850,1704,2,0.6359262464799323,FINITE
12929,1704,3,0.6445919360420467,FINITE
12968,1704,4,0.5187917870136278,FINITE
13010,1704,5,,NAN
13098,1704,6,,NAN
13136,1704,7,,NAN
13171,1704,8,,NAN
13264,1704,9,,NAN
13344,1829,0,,NAN
13385,1840,0,0,FINITE
13483,1851,0,0.7053365303343999,FINITE
13898,1917,1,,NAN
13942,1917,2,,NAN
13986,1917,3,,NAN
14022,1917,4,,NAN
14067,1917,5,,NAN
14104,1917,6,,NAN
14137,1917,7,,NAN
14176,1917,8,,NAN
14211,1917,9,,NAN
14283,1971,0,,NAN
14331,1985,0,0.02784006871691038,FINITE
14367,1985,1,0.024527316018290057,FINITE
14409,1985,2,0.021208283979517132,FINITE
14440,1985,3,0.02009391177972385,FINITE
14489,1985,4,0.02127841162991001,FINITE
14522,1985,5,0.02231142116875259,FINITE
14556,1985,6,0.02219433956186705,FINITE
14593,1985,7,0.02304498995057125,FINITE
14623,1985,8,,NAN
14654,1985,9,,NAN
14701,2050,0,0,FINITE
14732,2059,0,0.0019035889928484776,FINITE
14764,2066,0,0.018456147594683673,FINITE
14827,2066,1,,NAN
14894,2066,2,,NAN
18232,2498,6,,NAN
18360,2498,7,,NAN
21198,3238,0,0.04141922124346423,FINITE
21248,3238,1,,NAN
21341,3238,2,,NAN
21432,3238,3,,NAN
21627,3238,4,,NAN
21705,3136,4,0.3019874003337618,FINITE
21784,3136,5,0.25502743955323676,FINITE
21861,3136,6,,NAN
22040,3136,7,,NAN
22118,3136,8,,NAN
22204,3136,9,,NAN
22286,3455,0,0.019122303730402086,FINITE
22367,3455,1,0.026310499294379945,FINITE
22423,3507,0,0.3198056716175839,FINITE
22527,3507,1,,NAN
22610,3507,2,,NAN
22788,3507,3,,NAN
22989,3539,6,,NAN
23052,3539,7,,NAN
23102,3539,8,,NAN
23250,3539,9,,NAN
23337,3674,0,0.4297345500207388,FINITE
23436,3674,1,0.43753877385217543,FINITE
23541,3674,2,,NAN
23645,3674,3,,NAN
23715,3709,4,,NAN
23764,3709,5,,NAN
23803,3709,6,,NAN
23849,3709,7,,NAN
23890,3709,8,,NAN
23928,3709,9,,NAN
23999,3799,0,,NAN
24037,3817,0,0.024970452297741683,FINITE
24076,3376,5,,NAN
24143,3817,1,,NAN
24248,3817,2,,NAN
24286,3817,3,,NAN
24359,3817,4,,NAN
24397,3817,5,,NAN
24425,3817,6,,NAN
24480,3376,6,,NAN
24505,3817,7,,NAN
24740,3376,7,,NAN
24784,3956,1,0.021924766412692115,FINITE
24814,3956,2,0.01958312312520696,FINITE
460,48,5,0,FINITE
1291,135,4,0.0009551858140911926,FINITE
1457,143,5,,NAN
1554,143,6,,NAN
1839,184,5,0.0006807457649302713,FINITE
1969,184,6,0.0007293708196753122,FINITE
2122,251,3,0.0012763964336816448,FINITE
2222,251,4,0.001429563605603418,FINITE
2325,251,5,0.0013614898626937747,FINITE
2520,205,8,0.0027747550199688584,FINITE
2638,205,9,0.0024972795179719724,FINITE
2879,396,0,0.03332401568534457,FINITE
2963,396,1,0.028869947390659005,FINITE
3051,396,2,0.027846090699219228,FINITE
3167,399,2,0.03277075055539138,FINITE
3324,399,3,0.029717375991262708,FINITE
3439,399,4,0.0284147057827288,FINITE
4026,489,4,0.024693630461294705,FINITE
4107,489,5,,NAN
4178,489,6,,NAN
4253,489,7,,NAN
4321,489,8,,NAN
4365,489,9,,NAN
4442,583,0,,NAN
4555,553,3,0.025320577541255326,FINITE
4683,553,4,0.023699896620902567,FINITE
4850,553,5,,NAN
4892,555,5,,NAN
5033,555,6,,NAN
5202,562,7,0.0251398930205677,FINITE
5380,562,8,0.025197872287389362,FINITE
5507,562,9,,NAN
5669,737,0,0.030843277695480315,FINITE
6421,790,4,0.021106805555227898,FINITE
6501,790,5,0.021828462940766565,FINITE
6577,790,6,0.023289112373138236,FINITE
6659,790,7,0.022536661199855045,FINITE
6736,790,8,0.02237813253597198,FINITE
6807,790,9,0.022604402847322413,FINITE
6887,883,0,0.03410148273659012,FINITE
6970,883,1,,NAN
7024,883,2,,NAN
7099,883,3,,NAN
7191,930,2,0.02944036029795562,FINITE
7287,930,3,0.030804591871315706,FINITE
7362,930,4,0.028611426720207965,FINITE
7430,930,5,0.027618087945453024,FINITE
7510,930,6,0.02847768759494664,FINITE
7587,930,7,0.027290934199323328,FINITE
7651,930,8,0.02631006044760648,FINITE
7735,930,9,,NAN
7816,1042,0,,NAN
8080,1059,0,0.6898922869150468,FINITE
8410,1059,1,0.6882242387528805,FINITE
8682,1059,2,,NAN
9936,1276,4,,NAN
9991,1276,5,,NAN
10051,1276,6,,NAN
10108,1276,7,,NAN
10158,1276,8,,NAN
10192,1255,6,,NAN
10285,1255,7,,NAN
10377,1255,8,,NAN
10460,1255,9,,NAN
10537,1409,0,,NAN
10609,1421,0,,NAN
10671,1431,0,0.032095957643001036,FINITE
10735,1431,1,0.023912895921697645,FINITE
10802,1431,2,0.024016899197181835,FINITE
10874,1431,3,0.02643457828270869,FINITE
10954,1431,4,0.027995687833573403,FINITE
12213,1652,0,0.0010211211481455584,FINITE
12272,1671,0,,NAN
12316,1679,0,0.01586847750083618,FINITE
12379,1679,1,0.017261260641265597,FINITE
12418,1679,2,0.017520912991962848,FINITE
12473,1679,3,0.017410787701124447,FINITE
12526,1679,4,0.020532922041613708,FINITE
12574,1679,5,0.02294136834208756,FINITE
12621,1679,6,0.02183219045766374,FINITE
12671,1679,7,,NAN
12707,1679,8,,NAN
12746,1679,9,,NAN
12915,1741,0,1.091079220693127,FINITE
13076,1741,1,,NAN
13263,1741,2,,NAN
13429,1741,3,,NAN
13899,1899,4,0.02349800499818394,FINITE
13938,1899,5,0.022566420370503878,FINITE
13973,1899,6,0.02350355316194397,FINITE
14014,1899,7,0.022300465958604545,FINITE
14044,1899,8,0.024472786957549723,FINITE
14090,1899,9,0.023937548411770947,FINITE
14130,1943,0,0,FINITE
14166,1954,0,0.024088214798626773,FINITE
14204,1954,1,0.03248667133710319,FINITE
14297,1954,2,0.2639558398297307,FINITE
14379,1954,3,0.37896710859028204,FINITE
14480,1954,4,,NAN
14560,1954,5,,NAN
14649,1954,6,,NAN
14687,1954,7,,NAN
14725,1954,8,,NAN
14805,1954,9,,NAN
14845,2082,0,0.0010211211481455584,FINITE
14927,2089,0,,NAN
18233,2546,9,,NAN
21199,3223,0,0.03128447727769597,FINITE
21386,3223,1,0.3643627843202933,FINITE
21559,3223,2,0.4787745943876105,FINITE
21706,3205,4,,NAN
21914,3205,5,,NAN
22109,3205,6,,NAN
22298,3205,7,,NAN
22374,3205,8,,NAN
22424,3483,0,,NAN
22585,3524,0,,NAN
22750,3572,0,,NAN
22817,3602,0,0,FINITE
22893,3617,0,0.0020422322932905105,FINITE
22967,3634,0,0.03235556524914189,FINITE
23002,3544,7,,NAN
23038,3634,1,0.03372973077616959,FINITE
23062,3544,8,,NAN
23121,3634,2,0.03091307375955187,FINITE
23197,3634,3,0.028276375057427326,FINITE
23199,3544,9,,NAN
23252,3668,0,0.03909147849462303,FINITE
23264,3634,4,0.02653883233563571,FINITE
23298,3668,1,0.03819451281020542,FINITE
23349,3668,2,0.03461571588055826,FINITE
23357,3634,5,0.02702699404973106,FINITE
23399,3668,3,0.03308661241377897,FINITE
23423,3634,6,0.02705673174734018,FINITE
23508,3634,7,0.025757700519833063,FINITE
23545,3668,4,0.17426891077973072,FINITE
23574,3634,8,,NAN
23606,3668,5,0.14936806395394062,FINITE
23661,3634,9,,NAN
23665,3668,6,0.13192050595094837,FINITE
23716,3731,2,,NAN
23759,3731,3,,NAN
23792,3731,4,,NAN
23833,3731,5,,NAN
23873,3731,6,,NAN
23914,3731,7,,NAN
23950,3731,8,,NAN
23977,3731,9,,NAN
24083,3754,0,,NAN
24142,3834,0,0.01655982183252087,FINITE
24208,3834,1,0.018004919990274093,FINITE
24272,3862,0,0.0040844245705756645,FINITE
24513,3875,0,0.8402490327485457,FINITE
461,37,5,0,FINITE
462,107,0,0.8006153329508697,FINITE
1292,180,3,0.0005105605740727792,FINITE
1458,89,6,,NAN
1614,89,7,,NAN
1840,242,0,0.0029246901339921136,FINITE
1935,242,1,0.001972905641068836,FINITE
2024,242,2,0.0016556441434277434,FINITE
2123,286,2,0.001655640809094208,FINITE
2218,286,3,0.0024487853817781275,FINITE
2321,286,4,0.0025716949923093313,FINITE
2525,203,8,0.0011191653503339744,FINITE
2639,203,9,0.0011093609301151327,FINITE
2880,328,1,0.007311555240931772,FINITE
2978,328,2,0.0052147438766697,FINITE
3168,431,2,0.019131635687849858,FINITE
3250,431,3,0.022742219241215746,FINITE
3340,431,4,0.02281226379590115,FINITE
3422,431,5,0.02461043687762242,FINITE
3494,431,6,0.025403089694246556,FINITE
4027,480,5,,NAN
4088,480,6,,NAN
4157,480,7,,NAN
4211,480,8,,NAN
4275,480,9,,NAN
4337,579,0,,NAN
4417,580,0,0.03354897223884724,FINITE
4556,539,8,0.024048265288179174,FINITE
4636,539,9,0.024469038621184918,FINITE
4715,634,0,,NAN
4789,643,0,0.022355760629092822,FINITE
4893,638,2,0.02564359891842817,FINITE
4972,638,3,0.027537538086466622,FINITE
5064,638,4,0.02630746843433158,FINITE
5203,598,8,,NAN
5278,598,9,,NAN
5348,697,0,0.025884690569400518,FINITE
5427,697,1,0.026581631622677328,FINITE
5531,697,2,0.02502368102241148,FINITE
5605,697,3,,NAN
5673,697,4,,NAN
6422,835,1,,NAN
6500,835,2,,NAN
6566,835,3,,NAN
6615,835,4,,NAN
6683,835,5,,NAN
6756,835,6,,NAN
6829,835,7,,NAN
6904,835,8,,NAN
6995,835,9,,NAN
7073,937,0,,NAN
7143,960,0,0,FINITE
7192,848,9,,NAN
7249,986,0,0.024449862301652976,FINITE
7329,986,1,0.02172934043373227,FINITE
7408,986,2,0.02387612207754669,FINITE
7486,986,3,0.021584307358763405,FINITE
7566,986,4,0.024252315278588205,FINITE
7630,986,5,0.024207196457647785,FINITE
7717,986,6,0.023302527538901517,FINITE
7800,986,7,0.02356276407417365,FINITE
7890,986,8,0.022842293581382067,FINITE
7960,986,9,0.023809048714600083,FINITE
8083,1078,0,0.033767005953162205,FINITE
8197,1078,1,0.035811978149216925,FINITE
8344,1078,2,0.032134478416117405,FINITE
8490,1078,3,0.03242778918972172,FINITE
8637,1078,4,0.0313442716276758,FINITE
8781,1078,5,0.02823137488245869,FINITE
8921,1078,6,0.02870423339085502,FINITE
9937,1249,9,,NAN
9995,1333,0,,NAN
10053,1345,0,0.026127993964605155,FINITE
10112,1345,1,0.02800485697885612,FINITE
10162,1345,2,,NAN
10193,1279,8,,NAN
10262,1279,9,,NAN
10330,1368,0,0.056746864470248695,FINITE
10392,1368,1,,NAN
10459,1368,2,,NAN
10538,1368,3,,NAN
10612,1368,4,,NAN
10684,1368,5,,NAN
10768,1368,6,,NAN
10820,1368,7,,NAN
10888,1368,8,,NAN
10942,1368,9,,NAN
12214,1615,5,,NAN
12281,1615,6,,NAN
12358,1615,7,,NAN
12440,1615,8,,NAN
12523,1615,9,,NAN
12667,1705,0,0.6085152448707745,FINITE
12778,1705,1,,NAN
12855,1705,2,,NAN
12888,1705,3,,NAN
12989,1705,4,,NAN
13075,1705,5,,NAN
13164,1705,6,,NAN
13268,1705,7,,NAN
13342,1705,8,,NAN
13427,1705,9,,NAN
13471,1862,0,,NAN
13900,1910,2,0.030124079760628156,FINITE
13939,1910,3,,NAN
13983,1910,4,,NAN
14018,1910,5,,NAN
14052,1910,6,,NAN
14100,1910,7,,NAN
14134,1910,8,,NAN
14168,1910,9,,NAN
14407,1964,0,,NAN
14442,2005,0,,NAN
14484,2011,0,0.005105505700714063,FINITE
14554,2011,1,,NAN
14591,2011,2,,NAN
14622,2011,3,,NAN
14663,2011,4,,NAN
14699,2011,5,,NAN
14726,2011,6,,NAN
14796,2011,7,,NAN
14828,2011,8,,NAN
14869,2011,9,,NAN
18236,2604,3,0.031412894579039986,FINITE
18276,2604,4,0.028181245945731737,FINITE
18337,2604,5,0.025958956038585727,FINITE
18378,2604,6,0.025605006825855942,FINITE
18416,2604,7,0.026349601457446477,FINITE
21200,3237,0,,NAN
21256,3273,0,0,FINITE
21313,3299,0,0,FINITE
21480,3327,0,0.5562469112087326,FINITE
21618,3327,1,0.6072408101871685,FINITE
21707,3417,0,,NAN
21803,3426,0,0.0214918499205538,FINITE
21874,3426,1,0.023783756918888885,FINITE
21955,3426,2,0.025199518634170498,FINITE
22046,3426,3,0.02262459811318704,FINITE
22114,3426,4,0.022878736310526622,FINITE
22193,3426,5,0.024936764132049056,FINITE
22272,3426,6,0.025623667716198045,FINITE
22357,3426,7,0.026003584649679168,FINITE
22425,3501,0,,NAN
22586,3525,0,0.5753536819149268,FINITE
22765,3525,1,,NAN
22955,3525,2,,NAN
23050,3491,9,0.024657320526566794,FINITE
23131,3525,3,,NAN
23132,3657,0,0.01776985393166151,FINITE
23200,3657,1,0.023341541675050596,FINITE
23262,3657,2,0.024465883762335824,FINITE
23295,3525,4,,NAN
23347,3657,3,0.025108728258247774,FINITE
23420,3657,4,0.026378403363361745,FINITE
23470,3525,5,,NAN
23510,3657,5,,NAN
23553,3525,6,,NAN
23568,3657,6,,NAN
463,32,5,0,FINITE
1293,87,9,0,FINITE
1459,203,0,0.0040844245705756645,FINITE
1841,239,0,0.003945781270133631,FINITE
1942,239,1,0.002994006781712071,FINITE
2011,239,2,0.002676748618904884,FINITE
2124,224,3,0.15452934498513493,FINITE
2254,224,4,0.12438490358204624,FINITE
2526,199,8,0.0014595368436046703,FINITE
2636,199,9,0.001517806388573254,FINITE
2881,373,0,0.4103394006862162,FINITE
3169,397,2,0.03215506076693251,FINITE
3285,397,3,0.034322231074406497,FINITE
3434,397,4,,NAN
4028,394,9,,NAN
4149,560,0,0.02295379871420072,FINITE
4310,560,1,0.026625724304317006,FINITE
4461,560,2,0.02557758671937041,FINITE
4557,544,4,0.023972270920082257,FINITE
4708,544,5,0.021678685971120232,FINITE
4860,544,6,0.022085629452036893,FINITE
4894,646,0,,NAN
5019,651,0,0.029467802620208042,FINITE
5206,615,8,,NAN
5282,615,9,,NAN
5343,698,0,0.02138718982579163,FINITE
5424,698,1,0.017702344330731232,FINITE
5495,698,2,0.024223659912216488,FINITE
5576,698,3,0.025869560407701137,FINITE
5642,698,4,,NAN
6423,838,1,0.018957415237929997,FINITE
6498,838,2,0.019461923173891987,FINITE
6568,838,3,0.021763923886227835,FINITE
6671,838,4,0.020159181555939557,FINITE
6744,838,5,0.019475893104726198,FINITE
6831,838,6,0.020134796203854853,FINITE
6939,838,7,0.019943160895162237,FINITE
7014,838,8,0.019073270802258353,FINITE
7093,838,9,0.019899925524808244,FINITE
7193,933,2,,NAN
7283,933,3,,NAN
7355,933,4,,NAN
7418,933,5,,NAN
7490,933,6,,NAN
7570,933,7,,NAN
7636,933,8,,NAN
7709,933,9,,NAN
7790,1040,0,0.03382625883973141,FINITE
7875,1040,1,0.03934473348924634,FINITE
7958,1040,2,0.03778184097228357,FINITE
8084,1076,0,,NAN
8201,1095,0,0.03522482045834553,FINITE
8345,1095,1,0.028799463964569894,FINITE
8474,1095,2,,NAN
8612,1095,3,,NAN
8779,1095,4,,NAN
8916,1095,5,,NAN
9938,1311,0,0.029831402474152828,FINITE
10043,1311,1,,NAN
10146,1311,2,,NAN
10194,1350,2,,NAN
10257,1350,3,,NAN
10325,1350,4,,NAN
10385,1350,5,,NAN
10450,1350,6,,NAN
10517,1350,7,,NAN
10595,1350,8,,NAN
10667,1350,9,,NAN
10744,1441,0,,NAN
10893,1453,0,0.6790491570887742,FINITE
10937,1453,1,,NAN
12215,1647,0,0.0020422322932905105,FINITE
12378,1672,0,0.49654416752007935,FINITE
12553,1672,1,,NAN
12674,1672,2,,NAN
12784,1672,3,,NAN
12867,1672,4,,NAN
12952,1672,5,,NAN
13043,1672,6,,NAN
13127,1672,7,,NAN
13175,1672,8,,NAN
13260,1672,9,,NAN
13332,1827,0,0.6441178400269889,FINITE
13420,1827,1,,NAN
13456,1827,2,,NAN
13901,1891,5,,NAN
13947,1891,6,,NAN
13988,1891,7,,NAN
14033,1891,8,,NAN
14079,1891,9,,NAN
14129,1939,0,0,FINITE
14224,1953,0,,NAN
14252,1974,0,,NAN
14289,1978,0,0,FINITE
14322,1987,0,0.01827209708604856,FINITE
14356,1987,1,0.01669405259905258,FINITE
14387,1987,2,0.01717154538150786,FINITE
14423,1987,3,0.0211840111004993,FINITE
14462,1987,4,0.019899447530358386,FINITE
14495,1987,5,0.020836716795552074,FINITE
14529,1987,6,0.02031990798605196,FINITE
14569,1987,7,,NAN
14605,1987,8,,NAN
14646,1987,9,,NAN
14690,2046,0,0.03244392113296784,FINITE
14772,2046,1,0.3590536043726156,FINITE
14885,2046,2,0.4593525457775534,FINITE
18238,2568,9,,NAN
18363,2643,0,,NAN
18399,2673,0,0.2596432479486089,FINITE
21201,3204,0,,NAN
21233,3272,0,0.0020422322932905105,FINITE
21329,3286,0,0,FINITE
21462,3341,0,,NAN
21543,3389,0,,NAN
21634,3412,0,0.015122930951244822,FINITE
21708,3149,5,,NAN
21795,3149,6,,NAN
21994,3149,7,,NAN
22171,3149,8,,NAN
22248,3149,9,,NAN
22334,3467,0,0,FINITE
22410,3495,0,0.03351498903316781,FINITE
22426,3508,0,0.025928115342447263,FINITE
22482,3508,1,,NAN
22542,3508,2,,NAN
22607,3508,3,,NAN
22668,3508,4,,NAN
22736,3508,5,,NAN
22806,3508,6,,NAN
22872,3508,7,,NAN
22934,3508,8,,NAN
22999,3508,9,,NAN
23056,3540,7,,NAN
23063,3650,0,0.01925904480020387,FINITE
23116,3540,8,,NAN
23125,3650,1,0.02185445355092853,FINITE
23179,3540,9,,NAN
23194,3650,2,0.022893119799866215,FINITE
23245,3650,3,0.025915739811013864,FINITE
23293,3650,4,0.028044376531888005,FINITE
23311,3667,0,,NAN
23340,3650,5,0.027513131607540334,FINITE
23358,3681,0,,NAN
23386,3650,6,,NAN
23424,3688,0,0.011923176711203924,FINITE
23453,3650,7,,NAN
23468,3706,0,0.012857864504196462,FINITE
23502,3650,8,,NAN
23523,3715,0,0.02919051601932397,FINITE
23557,3650,9,,NAN
23583,3715,1,,NAN
23624,3730,0,0,FINITE
23641,3715,2,,NAN
23689,3715,3,,NAN
23717,3718,3,,NAN
23753,3718,4,,NAN
23788,3718,5,,NAN
23835,3718,6,,NAN
464,54,5,0.00017018685802425973,FINITE
1294,124,4,0,FINITE
1460,103,9,,NAN
1612,229,0,,NAN
1842,240,0,0,FINITE
1936,240,1,0.0010211161466452553,FINITE
2019,240,2,0.0006807440977635035,FINITE
2125,244,3,0.0012763989344317965,FINITE
2226,244,4,0.0019762969580351757,FINITE
2326,244,5,0.0018171009897202395,FINITE
2528,224,5,0.20539113096405223,FINITE
2882,331,1,0.018653963613355227,FINITE
2994,331,2,0.0220850466169433,FINITE
3170,433,2,,NAN
3257,433,3,,NAN
3348,433,4,,NAN
3428,433,5,,NAN
3501,433,6,,NAN
4029,425,8,,NAN
4156,425,9,,NAN
4326,573,0,0.026516671749894936,FINITE
4476,573,1,,NAN
4558,589,1,0.02269437024711346,FINITE
4632,589,2,0.0258511107985152,FINITE
4707,589,3,0.02664671456818144,FINITE
4775,589,4,,NAN
4848,589,5,,NAN
4895,608,5,0.02220192564448248,FINITE
4992,608,6,0.0223921707805362,FINITE
5067,608,7,0.0237111646400429,FINITE
5207,643,5,0.025035810420420797,FINITE
5291,643,6,0.023706385246131258,FINITE
5349,643,7,0.02459195554637724,FINITE
5429,643,8,,NAN
5522,643,9,,NAN
5578,739,0,0.0430377386829316,FINITE
5646,739,1,0.03135635669223079,FINITE
6424,766,6,0.027782840349838894,FINITE
6496,766,7,0.02664174077882091,FINITE
6564,766,8,0.02676249022372523,FINITE
6652,766,9,0.026610818853416374,FINITE
6722,861,0,0.022512750771236177,FINITE
6786,861,1,0.025401366297576156,FINITE
6867,861,2,0.025827772442126348,FINITE
6961,861,3,0.029180621227155926,FINITE
7046,861,4,0.02816213994145005,FINITE
7114,861,5,0.027243682296488114,FINITE
7194,966,0,0,FINITE
7289,987,0,0.027755747929083478,FINITE
7367,987,1,0.03280634913717761,FINITE
7442,987,2,0.03527953095113476,FINITE
7519,987,3,0.03432341601039411,FINITE
7592,987,4,,NAN
7662,987,5,,NAN
7744,987,6,,NAN
7824,987,7,,NAN
7915,987,8,,NAN
8094,1025,4,0.03156924526923336,FINITE
8206,1025,5,0.03782392640082754,FINITE
8348,1025,6,0.03544395913614163,FINITE
8494,1025,7,0.03678987693539889,FINITE
8659,1025,8,0.035516789472987614,FINITE
8815,1025,9,0.03378299662506881,FINITE
9939,1230,5,,NAN
10042,1230,6,,NAN
10150,1230,7,,NAN
10195,1325,4,,NAN
10263,1325,5,,NAN
10335,1325,6,,NAN
10388,1325,7,,NAN
10468,1325,8,,NAN
10546,1325,9,,NAN
12216,1628,4,0.03259403979230793,FINITE
12278,1628,5,0.03178426793061461,FINITE
12322,1628,6,0.03118148316642113,FINITE
12374,1628,7,0.028525482098796733,FINITE
12410,1628,8,0.029727755263576808,FINITE
12460,1628,9,0.030708459839702162,FINITE
12513,1697,0,0.012857864504196572,FINITE
12623,1697,1,,NAN
12735,1697,2,,NAN
12819,1697,3,,NAN
12890,1697,4,,NAN
12922,1697,5,,NAN
12965,1697,6,,NAN
13047,1697,7,,NAN
13141,1697,8,,NAN
13231,1697,9,,NAN
13269,1818,0,,NAN
13361,1830,0,0.7038814255145478,FINITE
13454,1830,1,0.6552566434526914,FINITE
13902,1856,5,,NAN
14010,1856,6,,NAN
14048,1856,7,,NAN
14091,1856,8,,NAN
14181,1856,9,,NAN
14395,1966,0,1.2810753896520461,FINITE
14635,1966,1,1.3056225282040925,FINITE
18241,2573,8,,NAN
18275,2573,9,,NAN
18362,2653,0,0.37814078383383376,FINITE
18401,2653,1,0.350664915539983,FINITE
21202,3199,0,,NAN
21253,3276,0,0,FINITE
21349,3298,0,0,FINITE
21475,3352,0,0.8017570113576753,FINITE
21586,3352,1,,NAN
21709,3333,2,,NAN
21835,3333,3,,NAN
21942,3333,4,,NAN
22039,3333,5,,NAN
22427,3449,3,0.019315706883005167,FINITE
22505,3449,4,0.02163307162281406,FINITE
22557,3449,5,,NAN
22639,3449,6,,NAN
22710,3582,0,0.01396331665282207,FINITE
22782,3594,0,0,FINITE
22850,3607,0,0.02301305160077003,FINITE
22930,3607,1,0.021508821475282738,FINITE
23000,3607,2,,NAN
23074,3607,3,,NAN
23077,3293,4,,NAN
23142,3607,4,,NAN
23222,3607,5,,NAN
23284,3607,6,,NAN
23377,3607,7,,NAN
23441,3607,8,,NAN
23483,3293,5,,NAN
23521,3607,9,,NAN
23590,3723,0,0.029968033246167924,FINITE
23667,3723,1,0.019578881693688634,FINITE
23718,3672,8,,NAN
23762,3672,9,,NAN
23798,3764,0,0,FINITE
23844,3773,0,0,FINITE
23922,3782,0,,NAN
24013,3797,0,,NAN
24052,3821,0,0.0275627821160261,FINITE
24089,3751,0,,NAN
24111,3821,1,0.02851529236811707,FINITE
24151,3837,0,0.1761084832651642,FINITE
24153,3821,2,0.028521289985118232,FINITE
24202,3821,3,,NAN
24224,3837,1,0.18279328147331655,FINITE
24249,3821,4,,NAN
24287,3837,2,,NAN
24289,3821,5,,NAN
24330,3821,6,,NAN
24350,3837,3,,NAN
24363,3821,7,,NAN
24406,3821,8,,NAN
24424,3837,4,,NAN
24438,3821,9,,NAN
24470,3895,0,0.02880164648448919,FINITE
24484,3837,5,,NAN
24514,3895,1,0.02685988436742484,FINITE
24535,3837,6,,NAN
465,117,2,0,FINITE
1295,84,9,0,FINITE
1461,214,0,0.0010211211481455584,FINITE
1611,214,1,0.0020422272912898522,FINITE
1843,228,2,0,FINITE
2001,228,3,0.0002552802870363896,FINITE
2126,196,5,0.0022495998978387956,FINITE
2242,196,6,0.0019282284838618247,FINITE
2371,196,7,0.0018148400668972914,FINITE
2529,289,4,0.02531472683025181,FINITE
2648,289,5,0.02667722558392285,FINITE
2883,387,0,0.017016376058737105,FINITE
3013,387,1,0.019985087386468914,FINITE
3173,335,3,0.0034221431852153785,FINITE
3311,335,4,0.003146161006830405,FINITE
3455,335,5,0.0026218008390253376,FINITE
4030,546,0,0.03401723218755463,FINITE
4176,546,1,0.031742517403881336,FINITE
4334,546,2,0.03021129316256557,FINITE
4484,546,3,,NAN
4559,609,0,0.03581545964710889,FINITE
4639,609,1,0.03076474805822642,FINITE
4716,609,2,0.026525545549666175,FINITE
4793,609,3,,NAN
4896,558,5,,NAN
5034,558,6,,NAN
5211,533,9,,NAN
5381,673,0,0.03332606835223624,FINITE
5514,673,1,,NAN
5666,673,2,,NAN
6425,797,2,0.022684589477852082,FINITE
6586,797,3,0.02087657900826658,FINITE
6705,797,4,0.02262214988505787,FINITE
6858,797,5,0.023569512599096634,FINITE
6979,797,6,0.02417112734641727,FINITE
7105,797,7,0.02474681000490572,FINITE
7195,864,3,0.02507001894353518,FINITE
7308,864,4,0.02538028152375963,FINITE
7437,864,5,0.02742223356842782,FINITE
7549,864,6,,NAN
7683,864,7,,NAN
7774,864,8,,NAN
7888,864,9,,NAN
8098,948,7,,NAN
8241,948,8,,NAN
8370,948,9,,NAN
8446,1126,0,0,FINITE
8512,1140,0,0.019865948049353307,FINITE
8572,1140,1,0.022928635559790668,FINITE
8639,1140,2,0.025385644514147154,FINITE
8695,1140,3,0.02789588091367895,FINITE
8762,1140,4,0.028023361774767268,FINITE
8829,1140,5,0.027851443901937816,FINITE
8884,1140,6,0.028148959064587895,FINITE
9940,1314,1,0.024171519388404287,FINITE
9998,1314,2,0.030618653415878522,FINITE
10062,1314,3,0.029863181392335382,FINITE
10117,1314,4,0.027288988391066017,FINITE
10196,1291,8,0.024295483964257673,FINITE
10258,1291,9,0.024421442959945434,FINITE
10314,1366,0,,NAN
10375,1377,0,0.038548063984844824,FINITE
10442,1377,1,,NAN
10513,1377,2,,NAN
10585,1377,3,,NAN
10649,1377,4,,NAN
10722,1377,5,,NAN
10797,1377,6,,NAN
10868,1377,7,,NAN
10919,1377,8,,NAN
10957,1377,9,,NAN
12217,1581,9,,NAN
12283,1673,0,0.02524577652063655,FINITE
12362,1673,1,0.0315764770253262,FINITE
12456,1673,2,0.026063811300443693,FINITE
12524,1673,3,0.02514988114445122,FINITE
12588,1673,4,0.027535807597855632,FINITE
12644,1673,5,0.027053312273125744,FINITE
12698,1673,6,0.02713842414397736,FINITE
12753,1673,7,0.027873803551426532,FINITE
12795,1673,8,0.02747214637391579,FINITE
12829,1673,9,0.028584971139746822,FINITE
12861,1770,0,0.0477744877412243,FINITE
12896,1770,1,0.03516061085907017,FINITE
12943,1770,2,0.031544146906450465,FINITE
12977,1770,3,0.029632420542538708,FINITE
13067,1770,4,0.16623583812983792,FINITE
13135,1770,5,,NAN
13181,1770,6,,NAN
13217,1770,7,,NAN
13310,1770,8,,NAN
13348,1770,9,,NAN
13386,1841,0,0.024554522396415583,FINITE
13424,1841,1,,NAN
13472,1841,2,,NAN
13903,1750,5,,NAN
14162,1750,6,,NAN
14333,1750,7,,NAN
14483,1750,8,,NAN
14694,1750,9,,NAN
14735,2058,0,0,FINITE
14824,2067,0,,NAN
14872,2085,0,0,FINITE
14914,2097,0,0.024970452297741683,FINITE
18242,2574,8,0.028035059114749968,FINITE
18279,2574,9,0.027723169190512098,FINITE
18339,2655,0,0.006731708037650182,FINITE
18382,2668,0,0.2394347804903073,FINITE
18414,2668,1,,NAN
21203,3225,0,,NAN
21244,3274,0,0,FINITE
21339,3291,0,0,FINITE
21433,3347,0,,NAN
21518,3384,0,0,FINITE
21608,3409,0,0.014761193249794627,FINITE
21710,3396,2,,NAN
21793,3396,3,,NAN
21866,3396,4,,NAN
21952,3396,5,,NAN
22022,3396,6,,NAN
22092,3396,7,,NAN
22178,3396,8,,NAN
22244,3396,9,,NAN
22340,3464,0,0.0020422322932905105,FINITE
22428,3509,0,,NAN
22493,3526,0,0.03730237714350362,FINITE
22560,3526,1,0.04102245316504686,FINITE
22721,3526,2,,NAN
22892,3526,3,,NAN
23031,3526,4,,NAN
23147,3649,1,0.018308371614848593,FINITE
23189,3526,5,,NAN
23219,3649,2,,NAN
23292,3671,0,0.02770142541646824,FINITE
23482,3671,1,0.3775397418159808,FINITE
23554,3671,2,,NAN
23635,3671,3,,NAN
23695,3671,4,,NAN
23719,3711,4,0.026852973183714362,FINITE
23760,3711,5,0.025251516537425814,FINITE
23799,3711,6,0.024971348203744127,FINITE
23842,3711,7,0.02685316285325811,FINITE
23882,3711,8,0.025328939325682823,FINITE
23926,3711,9,,NAN
24009,3798,0,,NAN
24046,3820,0,0,FINITE
24091,3752,0,,NAN
24100,3828,0,,NAN
24137,3842,0,0.030072693340930202,FINITE
24161,3838,0,,NAN
24187,3842,1,0.03250198156900286,FINITE
24231,3853,0,0,FINITE
466,15,5,0,FINITE
1296,104,9,0,FINITE
1462,166,5,0.0029939801012054414,FINITE
1553,166,6,0.0027121431079111724,FINITE
1844,214,3,0.0017869470042534627,FINITE
1999,214,4,0.0019763009606365476,FINITE
2127,190,5,0.003233216616566246,FINITE
2260,190,6,0.0031891414047699415,FINITE
2390,190,7,0.003173415408477967,FINITE
2533,233,6,0.0008554390836329587,FINITE
2642,233,7,0.0008761493416970336,FINITE
2884,395,0,0.03292372214799636,FINITE
2962,395,1,,NAN
3044,395,2,,NAN
3174,343,4,,NAN
3269,343,5,,NAN
3361,343,6,,NAN
3469,343,7,,NAN
4031,463,4,0.0012253413765744277,FINITE
4163,463,5,0.0013614898626937747,FINITE
4323,463,6,0.0011669913108803783,FINITE
4475,463,7,0.0013867036637693452,FINITE
4560,536,9,,NAN
4629,627,0,,NAN
4698,633,0,0.01680312522772529,FINITE
4774,633,1,,NAN
4852,633,2,,NAN
4897,591,5,,NAN
4975,591,6,,NAN
5060,591,7,,NAN
5212,575,6,,NAN
5369,575,7,,NAN
5509,575,8,,NAN
5683,575,9,,NAN
6426,817,3,0.02157128499125812,FINITE
6514,817,4,0.02057945836898693,FINITE
6578,817,5,0.022312863374201904,FINITE
6687,817,6,0.024540622539318182,FINITE
6761,817,7,0.02483623738249461,FINITE
6830,817,8,,NAN
6903,817,9,,NAN
6996,914,0,0,FINITE
7069,938,0,0.018429087228191924,FINITE
7150,938,1,0.02386894358891472,FINITE
7196,962,0,0,FINITE
7305,988,0,,NAN
7419,1004,0,0.0179103894417017,FINITE
7545,1004,1,0.020847047803818124,FINITE
7685,1004,2,,NAN
7788,1004,3,,NAN
7903,1004,4,,NAN
8100,959,4,,NAN
8416,959,5,,NAN
8742,959,6,,NAN
9944,1315,0,0.015504877646891273,FINITE
10050,1315,1,0.0222260451355053,FINITE
10140,1315,2,0.025129534686246655,FINITE
10197,1353,0,,NAN
10301,1359,0,,NAN
10393,1373,0,0.044085841514296675,FINITE
10478,1373,1,0.04348108632563209,FINITE
10552,1373,2,,NAN
10623,1373,3,,NAN
10691,1373,4,,NAN
10753,1373,5,,NAN
10834,1373,6,,NAN
10916,1373,7,,NAN
12218,1629,3,0.03151775676606271,FINITE
12282,1629,4,0.030782617649279004,FINITE
12359,1629,5,0.02917922025311395,FINITE
12459,1629,6,0.02910160919089133,FINITE
12534,1629,7,,NAN
12595,1629,8,,NAN
12649,1629,9,,NAN
12765,1718,0,0.6375096723931722,FINITE
12807,1718,1,0.32961323943361454,FINITE
12880,1718,2,,NAN
12913,1718,3,,NAN
13003,1718,4,,NAN
13080,1718,5,,NAN
13169,1718,6,,NAN
13266,1718,7,,NAN
13355,1718,8,,NAN
13390,1718,9,,NAN
13904,1820,8,,NAN
13999,1820,9,,NAN
14035,1931,0,,NAN
14080,1935,0,0.025937020616781825,FINITE
14122,1935,1,0.030089604678919718,FINITE
14161,1935,2,0.0277769680863505,FINITE
14197,1935,3,0.025625908951548634,FINITE
14233,1935,4,0.026124198224797817,FINITE
14265,1935,5,0.028241056951619683,FINITE
14306,1935,6,0.029669319821519498,FINITE
14343,1935,7,0.029833394968319868,FINITE
14380,1935,8,0.029292849962923504,FINITE
14418,1935,9,0.02853524561403682,FINITE
14459,2008,0,0,FINITE
14543,2014,0,,NAN
14576,2029,0,0.026541941430784595,FINITE
14609,2029,1,,NAN
14642,2029,2,,NAN
14681,2029,3,,NAN
14716,2029,4,,NAN
14754,2029,5,,NAN
14783,2029,6,,NAN
14811,2029,7,,NAN
14849,2029,8,,NAN
14878,2029,9,,NAN
14900,2100,0,0.15502970077860576,FINITE
14934,2100,1,,NAN
18245,2588,7,,NAN
18295,2588,8,,NAN
18353,2588,9,,NAN
18389,2670,0,0.026482688544215392,FINITE
21204,3206,0,0.01694176852816743,FINITE
21381,3206,1,0.3349175069508924,FINITE
21571,3206,2,,NAN
21711,3198,6,,NAN
21802,3198,7,,NAN
21873,3198,8,,NAN
21965,3198,9,,NAN
22054,3436,0,0.02157816317361475,FINITE
22137,3436,1,0.02937199491907437,FINITE
22222,3436,2,,NAN
22409,3436,3,,NAN
22429,3174,9,,NAN
22589,3527,0,0.6852900540433594,FINITE
22728,3527,1,,NAN
22899,3527,2,,NAN
23033,3527,3,,NAN
23183,3527,4,,NAN
23234,3527,5,,NAN
23240,3604,7,,NAN
23290,3604,8,,NAN
23348,3604,9,,NAN
23363,3527,6,,NAN
23396,3686,0,0.01939768810064624,FINITE
23451,3686,1,0.022088583525282347,FINITE
23501,3686,2,0.027278740402941704,FINITE
23640,3686,3,,NAN
23691,3686,4,,NAN
23720,3717,3,,NAN
23770,3717,4,,NAN
23809,3717,5,,NAN
23857,3717,6,,NAN
23895,3717,7,,NAN
23931,3717,8,,NAN
23970,3717,9,,NAN
24010,3809,0,0.017546789587756795,FINITE
24103,3809,1,0.3731987174332019,FINITE
24108,3723,7,,NAN
24138,3809,2,0.25592820823073176,FINITE
24255,3723,8,,NAN
24257,3809,3,,NAN
24325,3723,9,,NAN
24338,3809,4,,NAN
24383,3809,5,,NAN
24392,3884,0,0.0390707568435705,FINITE
24414,3809,6,,NAN
24456,3884,1,0.03239239665645723,FINITE
467,95,2,0,FINITE
1297,142,4,0.0018380080634612568,FINITE
1463,131,6,0,FINITE
1541,131,7,0,FINITE
1845,178,6,0.002022416103368776,FINITE
1973,178,7,0.0017696140904476792,FINITE
2128,287,2,0.028079226048736323,FINITE
2228,287,3,0.02966771005877248,FINITE
2331,287,4,0.027669162987324025,FINITE
2534,206,8,0.0016556207971987565,FINITE
2641,206,9,0.001694281946807932,FINITE
2885,398,0,0.03026164412722053,FINITE
2968,398,1,0.027061475010712863,FINITE
3052,398,2,0.025305088486512268,FINITE
3176,414,3,,NAN
3242,414,4,,NAN
3337,414,5,,NAN
3431,414,6,,NAN
3503,414,7,,NAN
4032,304,1,,NAN
4561,541,4,,NAN
4709,541,5,,NAN
4898,304,2,,NAN
5217,551,8,0.02299235055152529,FINITE
5390,551,9,0.022651981641219673,FINITE
5528,719,0,0.03589276727966604,FINITE
5685,719,1,0.03026680146457123,FINITE
6427,770,5,0.027530601534429055,FINITE
6494,770,6,0.02819774670633398,FINITE
6563,770,7,0.027566124875795225,FINITE
6664,770,8,,NAN
6743,770,9,,NAN
6813,871,0,0.026439263771168765,FINITE
6896,871,1,0.017649688632056425,FINITE
6994,871,2,,NAN
7072,871,3,,NAN
7134,871,4,,NAN
7197,842,6,,NAN
7303,842,7,,NAN
7417,842,8,,NAN
7543,842,9,,NAN
7678,1024,0,0.031177784587288104,FINITE
7766,1024,1,0.028323272627681313,FINITE
7880,1024,2,0.031141167461687352,FINITE
7962,1024,3,,NAN
8101,1062,0,,NAN
8210,1096,0,0.012191708368477718,FINITE
8349,1096,1,0.024927791251644578,FINITE
8487,1096,2,,NAN
8617,1096,3,,NAN
8787,1096,4,,NAN
8931,1096,5,,NAN
9946,1325,0,0.36626565531417987,FINITE
10012,1325,1,,NAN
10077,1325,2,,NAN
10136,1325,3,,NAN
10198,1234,7,,NAN
10292,1234,8,,NAN
10383,1234,9,,NAN
10473,1393,0,0.0010211211481455584,FINITE
10557,1411,0,0.03939615772438823,FINITE
10628,1411,1,,NAN
10697,1411,2,,NAN
10754,1411,3,,NAN
10839,1411,4,,NAN
10906,1411,5,,NAN
10962,1411,6,,NAN
12219,1483,9,,NAN
12279,1674,0,0.026352950518107925,FINITE
12325,1674,1,0.026846384272932594,FINITE
12376,1674,2,,NAN
12420,1674,3,,NAN
12477,1674,4,,NAN
12528,1674,5,,NAN
12580,1674,6,,NAN
12616,1674,7,,NAN
12668,1674,8,,NAN
12708,1674,9,,NAN
12859,1730,0,,NAN
12925,1776,0,0.517603123502862,FINITE
12991,1776,1,,NAN
13060,1776,2,,NAN
13145,1776,3,,NAN
13224,1776,4,,NAN
13291,1776,5,,NAN
13370,1776,6,,NAN
13435,1776,7,,NAN
13469,1776,8,,NAN
13905,1900,4,,NAN
13944,1900,5,,NAN
13975,1900,6,,NAN
14012,1900,7,,NAN
14050,1900,8,,NAN
14097,1900,9,,NAN
14139,1946,0,0,FINITE
14177,1955,0,0.01694176852816743,FINITE
14269,1955,1,0.3606230233922104,FINITE
14308,1955,2,0.24699111717777741,FINITE
14404,1955,3,,NAN
14508,1955,4,,NAN
14595,1955,5,,NAN
14686,1955,6,,NAN
14721,1955,7,,NAN
14752,1955,8,,NAN
14838,1955,9,,NAN
14874,2087,0,0.0020422322932905105,FINITE
14941,2099,0,0.4541350675595949,FINITE
18246,2592,6,,NAN
18286,2592,7,,NAN
18350,2592,8,,NAN
18388,2592,9,,NAN
21205,3253,0,,NAN
21251,3275,0,0,FINITE
21325,3297,0,0,FINITE
21407,3338,0,0,FINITE
21496,3375,0,0,FINITE
21575,3402,0,0.01953633140108794,FINITE
21712,3201,4,,NAN
21799,3201,5,,NAN
22007,3201,6,,NAN
22081,3201,7,,NAN
22255,3201,8,,NAN
22324,3201,9,,NAN
22430,3448,3,,NAN
22509,3448,4,,NAN
22571,3448,5,,NAN
22637,3448,6,,NAN
22713,3448,7,,NAN
22781,3448,8,,NAN
22860,3448,9,,NAN
22944,3623,0,0.020695895599318843,FINITE
23022,3623,1,0.028883196675065788,FINITE
23101,3623,2,,NAN
23172,3623,3,,NAN
23254,3623,4,,NAN
23301,3591,7,,NAN
23343,3623,5,,NAN
23391,3591,8,,NAN
23419,3623,6,,NAN
23467,3591,9,,NAN
23503,3623,7,,NAN
23580,3623,8,,NAN
23588,3714,0,0.3663947894745203,FINITE
23651,3623,9,,NAN
23692,3714,1,,NAN
23721,3662,5,,NAN
23765,3662,6,,NAN
23801,3662,7,,NAN
23846,3662,8,,NAN
23951,3662,9,,NAN
24055,3806,0,0.6734665308324047,FINITE
24112,3806,1,,NAN
24141,3684,8,,NAN
24207,3684,9,,NAN
24226,3806,2,,NAN
24269,3861,0,0.003063333434434146,FINITE
24280,3806,3,,NAN
24329,3806,4,,NAN
24371,3806,5,,NAN
24378,3874,0,,NAN
24416,3806,6,,NAN
24447,3887,0,,NAN
24483,3806,7,,NAN
24532,3806,8,,NAN
24539,3898,0,0.44465596267690843,FINITE
24580,3806,9,,NAN
24608,3925,0,,NAN
468,59,5,0,FINITE
469,96,2,,NAN
1298,133,4,0.0013358976096595552,FINITE
1464,163,5,0.0011913046718362826,FINITE
1548,163,6,0.0013128657606154579,FINITE
1846,190,3,0.0038633696033146215,FINITE
1989,190,4,0.003471413481221393,FINITE
2129,248,3,0.0010211186473954067,FINITE
2227,248,4,0.0012253413765744275,FINITE
2324,248,5,0.0011913046718362826,FINITE
2535,200,8,0.0019133651303355804,FINITE
2637,200,9,0.0018241407321165782,FINITE
2886,383,0,0.04221709784043677,FINITE
3018,383,1,,NAN
3177,301,4,0.0016060591751441231,FINITE
3323,301,5,0.0016787546948351876,FINITE
3459,301,6,0.001438932595573018,FINITE
4033,516,3,,NAN
4116,516,4,,NAN
4184,516,5,,NAN
4263,516,6,,NAN
4336,516,7,,NAN
4405,516,8,,NAN
4478,516,9,,NAN
4562,540,4,,NAN
4703,540,5,,NAN
4899,543,6,0.02833336417424356,FINITE
5018,543,7,0.02822650131848803,FINITE
5219,538,9,,NAN
5391,677,0,0.01791038944170159,FINITE
5521,677,1,0.014432442570107496,FINITE
5700,677,2,0.01944355841066536,FINITE
6428,829,2,0.025418704281777393,FINITE
6517,829,3,0.025106681542028,FINITE
6583,829,4,,NAN
6672,829,5,,NAN
6747,829,6,,NAN
6815,829,7,,NAN
6898,829,8,,NAN
6975,829,9,,NAN
7029,933,0,0.03501758305013635,FINITE
7108,933,1,,NAN
7198,928,1,,NAN
7280,928,2,,NAN
7398,928,3,,NAN
7505,928,4,,NAN
7637,928,5,,NAN
7725,928,6,,NAN
7847,928,7,,NAN
7933,928,8,,NAN
8112,1065,0,0.7659313641870407,FINITE
8701,1065,1,,NAN
8836,1065,2,,NAN
9949,1286,1,,NAN
10064,1286,2,,NAN
10164,1286,3,,NAN
10199,1197,3,,NAN
12220,1640,1,,NAN
12290,1640,2,,NAN
12366,1640,3,,NAN
12452,1640,4,,NAN
12520,1640,5,,NAN
12587,1640,6,,NAN
12643,1640,7,,NAN
12701,1640,8,,NAN
12750,1640,9,,NAN
12792,1743,0,0,FINITE
12860,1756,0,,NAN
12891,1777,0,0.027044184585171646,FINITE
12978,1777,1,,NAN
13053,1777,2,,NAN
13132,1777,3,,NAN
13220,1777,4,,NAN
13299,1777,5,,NAN
13391,1777,6,,NAN
13906,1739,6,,NAN
14138,1739,7,,NAN
14357,1739,8,,NAN
14540,1739,9,,NAN
14574,2028,0,,NAN
14608,2031,0,,NAN
18250,2611,2,,NAN
18290,2611,3,,NAN
18349,2611,4,,NAN
18384,2611,5,,NAN
18417,2611,6,,NAN
21206,3245,0,0.16831122610348023,FINITE
21257,3245,1,0.17104003442120885,FINITE
21350,3245,2,0.17132412872417127,FINITE
21444,3245,3,0.17236259339537188,FINITE
21522,3245,4,,NAN
21599,3245,5,,NAN
21713,3393,2,,NAN
21800,3427,0,0.025418403026758345,FINITE
21883,3427,1,0.029308674535806708,FINITE
21966,3427,2,0.023917500058898016,FINITE
22023,3427,3,0.0249407982258497,FINITE
22102,3427,4,0.023059026183356344,FINITE
22431,3426,8,0.025511871152338664,FINITE
22513,3426,9,0.025476630363862378,FINITE
22580,3552,0,0.03348765664825257,FINITE
22651,3552,1,0.024539423774102287,FINITE
22717,3552,2,0.023552336907273107,FINITE
22779,3552,3,0.02614239570365292,FINITE
22856,3552,4,0.024887106172792977,FINITE
22937,3552,5,,NAN
23017,3552,6,,NAN
23100,3552,7,,NAN
23221,3552,8,,NAN
23285,3552,9,,NAN
23306,3529,6,,NAN
23378,3676,0,,NAN
23394,3529,7,,NAN
23455,3694,0,0.03451048979872789,FINITE
23529,3694,1,0.03571650653402873,FINITE
23594,3529,8,,NAN
23599,3694,2,0.03913439814377411,FINITE
23678,3694,3,0.03602144039942388,FINITE
23722,3737,0,,NAN
23767,3758,0,,NAN
23832,3765,0,0.4826571110664146,FINITE
23896,3765,1,,NAN
23954,3765,2,,NAN
24012,3765,3,,NAN
24101,3765,4,,NAN
24170,3789,1,0.7129870846484573,FINITE
24172,3765,5,,NAN
24243,3765,6,,NAN
24313,3765,7,,NAN
24319,3789,2,,NAN
24385,3765,8,,NAN
24449,3765,9,,NAN
24473,3789,3,,NAN
24482,3899,0,0.039864417673095634,FINITE
24561,3789,4,,NAN
24568,3899,1,0.35654871445048203,FINITE
24601,3899,2,0.24820228757738763,FINITE
24643,3899,3,0.19483964579598215,FINITE
24680,3899,4,0.16125144032589403,FINITE
24769,3899,5,,NAN
24785,3872,5,,NAN
24873,3935,6,0.030538963040982536,FINITE
24895,3935,7,0.029715289098132813,FINITE
24924,3935,8,0.030621723012155416,FINITE
24957,3935,9,0.03213908787382727,FINITE
24988,3985,0,0.02778773866952908,FINITE
25009,3991,0,0.0010211211481455584,FINITE
25012,3985,1,0.021784951458652266,FINITE
25035,3999,0,0.028169685365175754,FINITE
25041,3985,2,0.025207637294890936,FINITE
25062,3999,1,0.021439274283794538,FINITE
25076,3985,3,0.02642390130640078,FINITE
25090,3999,2,0.024899073203235384,FINITE
25105,3985,4,0.028181246873145882,FINITE
25123,3999,3,0.027861779093228484,FINITE
25128,3985,5,0.02908990952560202,FINITE
25152,3999,4,,NAN
25155,3985,6,0.030502812139524913,FINITE
25181,3999,5,,NAN
25186,3985,7,0.029863013099719123,FINITE
470,28,5,,NAN
1299,122,9,0,FINITE
1465,209,0,0.0029246901339921136,FINITE
1847,193,3,0.0014623525697468663,FINITE
2002,193,4,0.0017548200825959158,FINITE
2130,212,5,0.0004874483556653523,FINITE
2240,212,6,0.00041781287628458763,FINITE
2367,212,7,0.000493226410267209,FINITE
2541,211,8,0.0015729936372872748,FINITE
2659,211,9,0.0016199175028875985,FINITE
2887,332,1,0.024156409874862922,FINITE
3014,332,2,,NAN
3178,296,6,0.001438928308286841,FINITE
3281,296,7,0.001983682291698846,FINITE
3386,296,8,0.0017632731481767522,FINITE
3508,296,9,0.0016890579481736328,FINITE
4034,430,8,,NAN
4146,430,9,,NAN
4297,571,0,0.026707645097718162,FINITE
4449,571,1,0.025544684647812368,FINITE
4566,92,7,,NAN
4900,581,6,0.029560982354646638,FINITE
4977,581,7,0.029717886726439394,FINITE
5031,581,8,0.030575243490696964,FINITE
5107,581,9,0.0307739366377216,FINITE
5220,535,9,,NAN
5408,678,0,0.024779478949918245,FINITE
5530,678,1,0.029389182147885717,FINITE
5701,678,2,0.024836066165388488,FINITE
6429,813,3,0.026445349154565603,FINITE
6506,813,4,,NAN
6565,813,5,,NAN
6639,813,6,,NAN
6695,813,7,,NAN
6764,813,8,,NAN
6839,813,9,,NAN
6917,890,0,0.03766387413481123,FINITE
6985,890,1,0.032449516033902996,FINITE
7060,890,2,0.034165680884631705,FINITE
7144,890,3,0.032900311355039506,FINITE
7199,901,3,,NAN
7292,901,4,,NAN
7369,901,5,,NAN
7435,901,6,,NAN
7503,901,7,,NAN
7584,901,8,,NAN
7648,901,9,,NAN
7740,1036,0,0.019206714752822793,FINITE
7814,1036,1,,NAN
7908,1036,2,,NAN
7985,1036,3,,NAN
8130,1061,0,0.7157089832116815,FINITE
8439,1061,1,,NAN
8666,1061,2,,NAN
9950,1294,1,0.024531672780684993,FINITE
10057,1294,2,0.025560150063337176,FINITE
10200,1340,1,0.45456936964967576,FINITE
10294,1340,2,,NAN
10396,1340,3,,NAN
10497,1340,4,,NAN
10583,1340,5,,NAN
10658,1340,6,,NAN
10737,1340,7,,NAN
10812,1340,8,,NAN
10904,1340,9,,NAN
12221,1641,1,0.027727409880467204,FINITE
12289,1641,2,0.02830686995090513,FINITE
12367,1641,3,0.02974244063548105,FINITE
12462,1641,4,,NAN
12541,1641,5,,NAN
12597,1641,6,,NAN
12659,1641,7,,NAN
12714,1641,8,,NAN
12767,1641,9,,NAN
12814,1749,0,0,FINITE
12863,1767,0,0.4001039241781052,FINITE
12904,1767,1,,NAN
12961,1767,2,,NAN
13021,1767,3,,NAN
13078,1767,4,,NAN
13907,1911,2,,NAN
13950,1911,3,,NAN
13985,1911,4,,NAN
14036,1911,5,,NAN
14087,1911,6,,NAN
14131,1911,7,,NAN
14171,1911,8,,NAN
14213,1911,9,,NAN
14290,1972,0,0.7224051616778933,FINITE
14368,1972,1,0.7101273627865984,FINITE
14447,1972,2,0.7064857579327409,FINITE
14640,1972,3,,NAN
14883,1972,4,,NAN
18251,2491,6,,NAN
18374,2491,7,,NAN
21207,3250,0,0.025661706421962763,FINITE
21240,3250,1,0.03290846205596449,FINITE
21446,3250,2,,NAN
21523,3250,3,,NAN
21621,3250,4,,NAN
21714,3197,5,,NAN
21905,3197,6,,NAN
21998,3197,7,,NAN
22076,3197,8,,NAN
22259,3197,9,,NAN
22397,3469,0,0.44105751142584426,FINITE
22432,3455,2,0.03137248906957204,FINITE
22494,3455,3,0.029957875919514994,FINITE
22554,3455,4,,NAN
22620,3455,5,,NAN
22673,3455,6,,NAN
22741,3455,7,,NAN
22811,3455,8,,NAN
22884,3455,9,,NAN
22929,3631,0,0.019536331401087938,FINITE
22984,3631,1,0.030348306442684984,FINITE
23040,3631,2,,NAN
23084,3631,3,,NAN
23139,3631,4,,NAN
23217,3631,5,,NAN
23272,3631,6,,NAN
23321,3631,7,,NAN
23369,3682,0,0.0329351461505099,FINITE
23384,3631,8,,NAN
23433,3682,1,,NAN
23445,3631,9,,NAN
23477,3682,2,,NAN
23493,3708,0,0.016525838626841108,FINITE
23544,3682,3,,NAN
23559,3708,1,,NAN
23607,3682,4,,NAN
23622,3731,0,0.026352950518107925,FINITE
23656,3682,5,,NAN
23672,3731,1,,NAN
23699,3682,6,,NAN
23723,3657,8,,NAN
23805,3657,9,,NAN
23863,3774,0,0,FINITE
23943,3784,0,0.0229286806725625,FINITE
24003,3784,1,,NAN
24069,3784,2,,NAN
24185,3712,5,,NAN
24346,3712,6,,NAN
24518,3712,7,,NAN
24606,3712,8,,NAN
24712,3712,9,,NAN
24754,3957,0,0.03961899132989952,FINITE
24795,3881,9,,NAN
24803,3957,1,,NAN
24874,3927,6,,NAN
24909,3927,7,,NAN
24937,3927,8,,NAN
24998,3927,9,,NAN
25020,3964,8,,NAN
25023,3994,0,0.018654043781695013,FINITE
25046,3964,9,,NAN
25048,3994,1,0.02630947296093423,FINITE
25077,4005,0,0.02709849706769918,FINITE
25079,3994,2,0.02779495192166968,FINITE
25108,4005,1,0.01988269411203615,FINITE
25110,3994,3,0.027469112395889776,FINITE
25131,4005,2,0.023086079560781608,FINITE
25137,3994,4,,NAN
471,53,5,0,FINITE
1300,141,4,0.0008168949179163254,FINITE
1466,211,0,0,FINITE
1608,211,1,0.0005105605740727792,FINITE
1848,182,9,0.0014518690514165062,FINITE
1943,286,0,0.003063333434434146,FINITE
2029,286,1,0.002483461213641312,FINITE
2131,245,3,0.001021118647395407,FINITE
2231,245,4,0.0012253413765744277,FINITE
2330,245,5,0.001531673386217714,FINITE
2544,204,8,0.0013979164872968523,FINITE
2657,204,9,0.0013602369533817229,FINITE
2888,233,9,0.0007009194733576269,FINITE
3021,425,0,0.018515400481252872,FINITE
3179,346,4,,NAN
3259,346,5,,NAN
3344,346,6,,NAN
4035,487,4,0.021217720201617257,FINITE
4124,487,5,0.021788239442927116,FINITE
4185,487,6,0.024673216009703996,FINITE
4265,487,7,0.02809370187462924,FINITE
4339,487,8,0.02738515794123229,FINITE
4413,487,9,0.027211923264780023,FINITE
4571,557,3,0.021667873945671247,FINITE
4720,557,4,0.02489522321611509,FINITE
4901,630,3,,NAN
4968,630,4,,NAN
5042,630,5,,NAN
5116,630,6,,NAN
5222,532,9,,NAN
5416,679,0,0.027287487980376064,FINITE
5534,679,1,0.02262510373472948,FINITE
5706,679,2,0.022276123547691234,FINITE
6430,732,6,,NAN
6580,732,7,,NAN
6701,732,8,,NAN
6841,732,9,,NAN
6967,892,0,0.015920807548217484,FINITE
7111,892,1,0.018100386623105116,FINITE
7200,931,1,0.024938617788588104,FINITE
7307,931,2,0.025236532033065213,FINITE
7425,931,3,0.023906490485810845,FINITE
7540,931,4,0.025482129955936204,FINITE
7680,931,5,0.023571358102558605,FINITE
7808,931,6,0.023250869364939107,FINITE
7910,931,7,,NAN
8183,1064,1,,NAN
8478,1064,2,,NAN
9952,1270,2,,NAN
10078,1270,3,,NAN
10201,1343,1,0.021768020003166716,FINITE
10289,1343,2,0.025359805309421928,FINITE
10384,1343,3,0.021979069846602216,FINITE
10464,1343,4,0.02456992438513019,FINITE
10550,1343,5,0.022949521404751108,FINITE
10613,1343,6,0.023356500820692332,FINITE
10677,1343,7,0.023268362477065596,FINITE
10746,1343,8,0.024318451657734646,FINITE
10814,1343,9,0.025378751118375613,FINITE
10895,1463,0,0.026596253913312343,FINITE
10968,1463,1,,NAN
12222,1642,1,0.0014623450669960568,FINITE
12296,1642,2,0.0016556408090942082,FINITE
12371,1642,3,0.0014970108938570457,FINITE
12451,1642,4,0.0011976087150856365,FINITE
12525,1642,5,0.0011681941205956236,FINITE
12583,1642,6,0.0011471836959599,FINITE
12641,1642,7,0.0013867024132691807,FINITE
12696,1642,8,0.001459539066604884,FINITE
12747,1642,9,0.0014156972747589515,FINITE
12912,1742,0,1.0781298120022722,FINITE
13100,1742,1,1.0940767848641357,FINITE
13306,1742,2,1.1085978127331675,FINITE
13480,1742,3,,NAN
13908,1892,5,0.024109844778023765,FINITE
13949,1892,6,0.024283180456655267,FINITE
13989,1892,7,,NAN
14047,1892,8,,NAN
14094,1892,9,,NAN
14140,1945,0,0,FINITE
14187,1956,0,0.026959853767257243,FINITE
14223,1956,1,,NAN
14249,1956,2,,NAN
14284,1956,3,,NAN
14319,1956,4,,NAN
14353,1956,5,,NAN
14383,1956,6,,NAN
14422,1956,7,,NAN
14467,1956,8,,NAN
14504,1956,9,,NAN
14537,2021,0,0.030245319847052095,FINITE
14577,2021,1,0.03101500384174476,FINITE
14616,2021,2,0.03448307630898465,FINITE
14657,2021,3,,NAN
14703,2021,4,,NAN
14739,2021,5,,NAN
14769,2021,6,,NAN
14804,2021,7,,NAN
14843,2021,8,,NAN
14884,2021,9,,NAN
18253,2554,9,,NAN
18302,2646,0,0.23241614792473436,FINITE
18366,2646,1,0.25540371399023726,FINITE
21208,3189,0,0.16977058839968429,FINITE
21301,3189,1,,NAN
21399,3189,2,,NAN
21484,3189,3,,NAN
21573,3189,4,,NAN
21715,3414,1,0.039855063474967714,FINITE
21801,3414,2,,NAN
21890,3414,3,,NAN
21972,3414,4,,NAN
22055,3414,5,,NAN
22139,3414,6,,NAN
22219,3414,7,,NAN
22297,3414,8,,NAN
22375,3414,9,,NAN
22433,3480,0,0.42173835006048555,FINITE
22544,3480,1,,NAN
22815,3480,2,,NAN
23070,3480,3,,NAN
23186,3480,4,,NAN
23279,3480,5,,NAN
23359,3480,6,,NAN
23456,3523,9,,NAN
23530,3712,0,0.0229267383477092,FINITE
23724,3656,8,,NAN
23815,3656,9,,NAN
23907,3777,0,0.022546733976916044,FINITE
23978,3777,1,,NAN
24067,3777,2,,NAN
24154,3777,3,,NAN
24192,3832,1,0.023134457659753027,FINITE
24220,3777,4,,NAN
24262,3832,2,,NAN
24278,3777,5,,NAN
24337,3832,3,,NAN
24348,3777,6,,NAN
24407,3832,4,,NAN
24426,3777,7,,NAN
24467,3832,5,,NAN
24491,3777,8,,NAN
24517,3832,6,,NAN
24554,3832,7,,NAN
24582,3908,0,0.4940436424577729,FINITE
24598,3832,8,,NAN
24641,3832,9,,NAN
24661,3908,1,,NAN
24694,3936,0,,NAN
24735,3954,0,0.03892789777568116,FINITE
24753,3908,2,,NAN
24778,3954,1,0.04208543971552811,FINITE
24802,3897,1,,NAN
24830,3954,2,0.03784467398550063,FINITE
24875,3949,5,0.02531456197099002,FINITE
24896,3949,6,,NAN
24926,3949,7,,NAN
24956,3949,8,,NAN
472,61,5,0.0011363652292917523,FINITE
1301,126,4,0,FINITE
1467,167,5,0.0025065517555447215,FINITE
1551,167,6,0.002294347383059127,FINITE
1849,199,3,0.00229750507757609,FINITE
2007,199,4,0.002042228291689984,FINITE
2132,256,3,0.0015316717189675535,FINITE
2229,256,4,0.0012253373751740428,FINITE
2316,256,5,0.0010211144793117024,FINITE
2409,256,6,0.001293053858551761,FINITE
2545,296,1,0.001531666717217073,FINITE
2661,296,2,0.0013614848608599014,FINITE
2889,289,7,0.02278120268605403,FINITE
3016,289,8,0.022960794860300462,FINITE
3180,430,1,0.02904267923383165,FINITE
3310,430,2,,NAN
3436,430,3,,NAN
4036,547,0,0.032746225469578345,FINITE
4119,547,1,0.02973957012409308,FINITE
4197,547,2,0.027065315574080945,FINITE
4273,547,3,0.02969337690099836,FINITE
4349,547,4,0.029615076942888546,FINITE
4424,547,5,0.02983300880396596,FINITE
4572,545,4,,NAN
4719,545,5,,NAN
4902,617,4,0.028110351785250044,FINITE
4969,617,5,0.026929545195639056,FINITE
5041,617,6,0.02543582567904202,FINITE
5112,617,7,0.024890837471565244,FINITE
5227,639,3,0.01931567432013829,FINITE
5383,639,4,0.02095502836288644,FINITE
5508,639,5,0.021126729958398687,FINITE
5692,639,6,0.021104794564370734,FINITE
6431,842,0,0.024449862301652976,FINITE
6582,842,1,,NAN
6693,842,2,,NAN
6838,842,3,,NAN
6952,842,4,,NAN
7091,842,5,,NAN
7201,861,6,0.026997879557207026,FINITE
7294,861,7,0.026599510637273983,FINITE
7375,861,8,0.026191424827322327,FINITE
7441,861,9,0.026406513531719838,FINITE
7522,1012,0,0,FINITE
7598,1019,0,0.033635285491908286,FINITE
7666,1019,1,0.027070103871701844,FINITE
7746,1019,2,0.029716955984783976,FINITE
7832,1019,3,,NAN
7909,1019,4,,NAN
7990,1019,5,,NAN
8192,327,6,,NAN
9953,1179,9,,NAN
10093,1335,0,,NAN
10202,1338,3,,NAN
10266,1338,4,,NAN
10341,1338,5,,NAN
10402,1338,6,,NAN
10474,1338,7,,NAN
10547,1338,8,,NAN
10634,1338,9,,NAN
10823,1436,0,,NAN
10927,1465,0,,NAN
10979,1479,0,0.017633102840817524,FINITE
12223,1526,6,,NAN
12415,1526,7,,NAN
12579,1526,8,,NAN
12712,1526,9,,NAN
12764,1731,0,0.02834231187129744,FINITE
12802,1731,1,0.03447507657299648,FINITE
12879,1731,2,0.2726449992979743,FINITE
12955,1731,3,0.3831569981070255,FINITE
12998,1731,4,,NAN
13032,1731,5,,NAN
13114,1731,6,,NAN
13205,1731,7,,NAN
13303,1731,8,,NAN
13382,1731,9,,NAN
13909,1894,2,,NAN
13952,1894,3,,NAN
14037,1894,4,,NAN
14084,1894,5,,NAN
14172,1894,6,,NAN
14206,1894,7,,NAN
14240,1894,8,,NAN
14277,1894,9,,NAN
14312,1982,0,0,FINITE
14378,1988,0,0.40009820185148404,FINITE
14430,1988,1,,NAN
14491,1988,2,,NAN
14542,1988,3,,NAN
14582,1988,4,,NAN
14629,1988,5,,NAN
14680,1988,6,,NAN
14717,1988,7,,NAN
14777,1988,8,,NAN
14819,1988,9,,NAN
14854,2084,0,0.0010211211481455584,FINITE
14886,2091,0,0.029190516019323754,FINITE
14920,2091,1,,NAN
18257,2636,0,0.024277235795531298,FINITE
18297,2636,1,0.0267851996905953,FINITE
18351,2636,2,0.02545347891777032,FINITE
18385,2636,3,0.023243147158303282,FINITE
18418,2636,4,0.02169549325602088,FINITE
21209,3251,0,0.01945001814802732,FINITE
21255,3251,1,0.018706368818555107,FINITE
21342,3251,2,,NAN
21439,3348,0,0.48865836696510856,FINITE
21531,3348,1,0.4833126438603459,FINITE
21628,3348,2,0.500296326656125,FINITE
21716,3226,5,,NAN
21806,3226,6,,NAN
21880,3226,7,,NAN
21968,3226,8,,NAN
22049,3226,9,,NAN
22129,3445,0,,NAN
22208,3448,0,0.038980227823062236,FINITE
22270,3448,1,0.03547692318827889,FINITE
22350,3448,2,,NAN
22434,3168,8,,NAN
22578,3168,9,,NAN
22671,3569,0,,NAN
22745,3587,0,,NAN
22809,3601,0,0.026430358496834203,FINITE
22874,3601,1,0.026487141181382734,FINITE
22933,3601,2,0.03186838902238265,FINITE
22981,3601,3,,NAN
23054,3601,4,,NAN
23110,3601,5,,NAN
23168,3601,6,,NAN
23220,3601,7,,NAN
23280,3601,8,,NAN
23325,3601,9,,NAN
23383,3683,0,,NAN
23443,3695,0,0.030436293194875102,FINITE
23490,3695,1,0.02625738361154193,FINITE
23498,3639,9,,NAN
23546,3695,2,0.026600751734486675,FINITE
23562,3718,0,0.02631896731242827,FINITE
23605,3695,3,0.029717199069895776,FINITE
23626,3718,1,,NAN
23658,3695,4,0.028843810234903806,FINITE
23675,3718,2,,NAN
23702,3695,5,0.031053737173937446,FINITE
23725,3522,8,,NAN
23811,3522,9,,NAN
23887,3776,0,0.018654043781695013,FINITE
23961,3776,1,0.03266680263030113,FINITE
24019,3776,2,0.03620319450472966,FINITE
24092,3776,3,0.037580573790714555,FINITE
24145,3776,4,0.03532825249505732,FINITE
24193,3833,0,,NAN
24209,3776,5,0.03454020612926042,FINITE
24245,3858,0,0,FINITE
24268,3776,6,0.031900098232031715,FINITE
24353,3776,7,,NAN
24423,3776,8,,NAN
473,16,5,0,FINITE
1302,145,4,0.003459454819240497,FINITE
1468,173,5,0.0027544916032984975,FINITE
1544,173,6,0.0026527402732973568,FINITE
1850,195,3,0.0014623500687465374,FINITE
1987,195,4,0.00116988005499723,FINITE
2133,197,5,0.0013383793114531155,FINITE
2261,197,6,0.001293056716694893,FINITE
2386,197,7,0.001259064770626226,FINITE
2548,208,8,0.0010211178137008328,FINITE
2662,208,9,0.0009190060323307495,FINITE
2890,400,0,0.03188934793119993,FINITE
2961,400,1,,NAN
3047,400,2,,NAN
3182,310,4,0.00183801006426152,FINITE
3304,310,5,0.0017018619115755265,FINITE
3425,310,6,0.001730680066043091,FINITE
4037,534,2,0.027264725127683447,FINITE
4112,534,3,0.030077064040553825,FINITE
4190,534,4,0.027626466470171206,FINITE
4264,534,5,0.026765458845785187,FINITE
4347,534,6,0.02465260854761375,FINITE
4427,534,7,0.02473075589419344,FINITE
4575,568,2,,NAN
4724,568,3,,NAN
4903,619,4,,NAN
4999,619,5,,NAN
5087,619,6,,NAN
5230,653,1,0.021716560884678604,FINITE
5396,653,2,0.02391314931288256,FINITE
5524,653,3,0.02374895073365553,FINITE
5690,653,4,0.02415883605019236,FINITE
6432,823,3,0.02535748837796354,FINITE
6511,823,4,,NAN
6573,823,5,,NAN
6660,823,6,,NAN
6738,823,7,,NAN
6810,823,8,,NAN
6879,823,9,,NAN
6937,905,0,0.022044490822528996,FINITE
7016,905,1,,NAN
7087,905,2,,NAN
7202,771,9,,NAN
7322,989,0,,NAN
7452,1005,0,0,FINITE
7576,1014,0,0.033082764957031705,FINITE
7705,1014,1,0.02487362344215748,FINITE
7827,1014,2,0.028364815527572224,FINITE
7912,1014,3,0.026827890977841835,FINITE
8227,916,6,,NAN
8368,916,7,,NAN
8741,916,8,,NAN
8870,916,9,,NAN
9954,1176,9,,NAN
10075,1336,0,,NAN
10203,1301,7,0.02565692514986389,FINITE
10253,1301,8,0.02446169308323864,FINITE
10315,1301,9,0.02471654391286399,FINITE
10366,1378,0,0.03211226185393747,FINITE
10436,1378,1,0.028069635707538117,FINITE
10510,1378,2,0.02576716822912163,FINITE
10588,1378,3,0.06906637433153308,FINITE
10659,1378,4,,NAN
10729,1378,5,,NAN
10807,1378,6,,NAN
10876,1378,7,,NAN
10935,1378,8,,NAN
12224,1623,4,,NAN
12297,1623,5,,NAN
12373,1623,6,,NAN
12448,1623,7,,NAN
12511,1623,8,,NAN
12562,1623,9,,NAN
12692,1708,0,,NAN
12787,1725,0,,NAN
12999,1754,0,,NAN
13034,1796,0,0.023619954849919467,FINITE
13073,1796,1,0.027286391441852346,FINITE
13105,1796,2,0.02724054252121291,FINITE
13140,1796,3,0.026058594583718724,FINITE
13178,1796,4,0.028484189065682404,FINITE
13209,1796,5,0.027223312534249356,FINITE
13251,1796,6,0.02763522167887233,FINITE
13289,1796,7,0.027736690464770754,FINITE
13323,1796,8,0.027573351220357013,FINITE
13368,1796,9,0.028040414329840464,FINITE
13464,1846,0,0.6380743822519774,FINITE
13910,1893,5,0.028477746112380187,FINITE
13953,1893,6,0.027803582117806074,FINITE
13993,1893,7,0.026335565709162755,FINITE
14041,1893,8,0.02715827458444141,FINITE
14092,1893,9,0.0258112353447378,FINITE
14144,1944,0,,NAN
14191,1958,0,0.023013051600769927,FINITE
14228,1958,1,0.024172570687233767,FINITE
14250,1958,2,,NAN
14285,1958,3,,NAN
14317,1958,4,,NAN
14354,1958,5,,NAN
14384,1958,6,,NAN
14420,1958,7,,NAN
14460,1958,8,,NAN
14499,1958,9,,NAN
14531,2020,0,0.019122303730402197,FINITE
14572,2020,1,0.017962714479063745,FINITE
14613,2020,2,,NAN
14653,2020,3,,NAN
14697,2020,4,,NAN
14743,2020,5,,NAN
14779,2020,6,,NAN
14812,2020,7,,NAN
14856,2020,8,,NAN
14893,2020,9,,NAN
14930,2105,0,0.022512750771236396,FINITE
18262,2562,9,,NAN
18315,2649,0,0.2410305336842613,FINITE
18386,2649,1,0.3716674240087545,FINITE
21210,3178,0,0.18084155764274495,FINITE
21314,3178,1,,NAN
21408,3178,2,,NAN
21494,3178,3,,NAN
21578,3178,4,,NAN
21717,3229,6,,NAN
21816,3229,7,,NAN
21900,3229,8,,NAN
22030,3229,9,,NAN
22185,3442,0,,NAN
22252,3453,0,0.003945781270133631,FINITE
22366,3468,0,0.3883137124269487,FINITE
22435,3505,0,0.16294569126274078,FINITE
22511,3505,1,0.17016274153699393,FINITE
22577,3505,2,0.17637054032604516,FINITE
22652,3505,3,,NAN
22727,3505,4,,NAN
22790,3505,5,,NAN
22859,3505,6,,NAN
22939,3505,7,,NAN
23013,3505,8,,NAN
23092,3505,9,,NAN
23155,3660,0,,NAN
23228,3664,0,0.021769136521437867,FINITE
23410,3664,1,0.3032686808954926,FINITE
23565,3703,1,0.03036239850819699,FINITE
23567,3664,2,,NAN
23646,3703,2,0.030092300120411895,FINITE
23703,3703,3,,NAN
23726,3755,0,0.03239159108558676,FINITE
23800,3755,1,0.03352485486398529,FINITE
23880,3755,2,0.02677450137783109,FINITE
23957,3755,3,0.029874204552297293,FINITE
24016,3755,4,,NAN
24085,3755,5,,NAN
24144,3755,6,,NAN
24210,3755,7,,NAN
24221,3840,1,0.029042453511570383,FINITE
24266,3755,8,,NAN
24291,3840,2,0.027851880032426734,FINITE
474,6,5,0.00017018685802425973,FINITE
1303,140,4,0.0019867689705127473,FINITE
1469,102,9,,NAN
1851,206,3,0.002704028146301795,FINITE
2000,206,4,0.002163222517041436,FINITE
2134,193,5,0.0016325369268541895,FINITE
2268,193,6,0.0021088691373424523,FINITE
2404,193,7,0.001845260495174646,FINITE
2552,193,8,0.0017536894566158585,FINITE
2667,193,9,0.001782543740283324,FINITE
2891,362,1,0.02410284795413843,FINITE
2974,362,2,0.02501963571520843,FINITE
3071,362,3,0.027104739675885267,FINITE
3188,314,3,,NAN
3350,314,4,,NAN
3482,314,5,,NAN
4038,522,3,,NAN
4108,522,4,,NAN
4181,522,5,,NAN
4258,522,6,,NAN
4324,522,7,,NAN
4385,522,8,,NAN
4459,522,9,,NAN
4583,556,3,0.026891834241742126,FINITE
4738,556,4,0.02384264541545767,FINITE
4904,582,6,0.024722602768027756,FINITE
4990,582,7,,NAN
5056,582,8,,NAN
5235,549,8,,NAN
5407,549,9,,NAN
5546,722,0,,NAN
5719,743,0,,NAN
6433,798,4,,NAN
6515,798,5,,NAN
6581,798,6,,NAN
6688,798,7,,NAN
6755,798,8,,NAN
6834,798,9,,NAN
6908,889,0,0,FINITE
7000,917,0,0,FINITE
7075,939,0,0.021716806474056785,FINITE
7156,939,1,,NAN
7203,874,5,,NAN
7296,874,6,,NAN
7372,874,7,,NAN
7454,874,8,,NAN
7535,874,9,,NAN
7608,1022,0,0.026405280565489228,FINITE
7676,1022,1,0.025384414807040734,FINITE
7769,1022,2,0.023711702855045053,FINITE
7842,1022,3,0.02617951600241554,FINITE
7921,1022,4,0.02680944466588563,FINITE
7992,1022,5,,NAN
8228,1054,1,,NAN
8357,1054,2,,NAN
9955,1316,0,0.04429953891877235,FINITE
10068,1316,1,0.04218076025824481,FINITE
10204,1298,7,0.02256020525006945,FINITE
10267,1298,8,0.023538933326185205,FINITE
10331,1298,9,0.02354703547855863,FINITE
10386,1382,0,0.002733716786168887,FINITE
10453,1382,1,0.0028985251103015165,FINITE
10527,1382,2,0.002272723789582864,FINITE
10607,1382,3,0.0028422759669236306,FINITE
10688,1382,4,0.002478045003168016,FINITE
10771,1382,5,0.0025755930750457046,FINITE
10844,1382,6,0.0029370091644268987,FINITE
10907,1382,7,0.00319074081890754,FINITE
10959,1382,8,0.003063128760505648,FINITE
12225,1632,2,0.019774734659744955,FINITE
12305,1632,3,0.019957281557682595,FINITE
12383,1632,4,0.021285076028808587,FINITE
12468,1632,5,0.020924296940634187,FINITE
12540,1632,6,0.021534175445294353,FINITE
12591,1632,7,0.021566686588149645,FINITE
12648,1632,8,0.02103158754283793,FINITE
12706,1632,9,0.021325896739929892,FINITE
12889,1728,0,,NAN
12934,1783,0,0.026516671749894936,FINITE
12969,1783,1,,NAN
13011,1783,2,,NAN
13048,1783,3,,NAN
13088,1783,4,,NAN
13121,1783,5,,NAN
13157,1783,6,,NAN
13197,1783,7,,NAN
13236,1783,8,,NAN
13279,1783,9,,NAN
13313,1831,0,0.026405280565489114,FINITE
13353,1831,1,0.03139474232663979,FINITE
13387,1831,2,0.035156848773818125,FINITE
13425,1831,3,0.032532389280061254,FINITE
13475,1831,4,0.029767186189864226,FINITE
13911,1918,1,0.0228753794627546,FINITE
13951,1918,2,,NAN
13979,1918,3,,NAN
14009,1918,4,,NAN
14045,1918,5,,NAN
14093,1918,6,,NAN
14132,1918,7,,NAN
14165,1918,8,,NAN
14202,1918,9,,NAN
14274,1970,0,,NAN
14310,1981,0,0.0203139489036724,FINITE
14348,1981,1,0.03341024064177206,FINITE
14389,1981,2,0.02951242925253356,FINITE
14421,1981,3,0.029522850907717335,FINITE
14468,1981,4,0.03262998844698832,FINITE
14512,1981,5,0.031785786136033646,FINITE
14547,1981,6,0.03296715826244582,FINITE
14578,1981,7,0.034605345758359836,FINITE
14611,1981,8,0.033740221566505274,FINITE
14643,1981,9,,NAN
14682,2043,0,0,FINITE
14720,2054,0,,NAN
14800,2063,0,0.6871543807117124,FINITE
14876,2063,1,0.698888129268562,FINITE
18307,2503,4,,NAN
21211,3191,0,,NAN
21267,3277,0,0,FINITE
21380,3305,0,0,FINITE
21472,3366,0,0,FINITE
21556,3393,0,0.016059450848659514,FINITE
21646,3393,1,0.01828218655007751,FINITE
21718,3140,5,,NAN
22436,3418,6,,NAN
22566,3418,7,,NAN
22644,3418,8,,NAN
22719,3418,9,,NAN
22777,3596,0,0,FINITE
22839,3605,0,0.03294412165658977,FINITE
22908,3605,1,0.024336977928492015,FINITE
22962,3605,2,0.03261111349300582,FINITE
23029,3605,3,0.028991698566155973,FINITE
23086,3605,4,0.026758174090652946,FINITE
23136,3605,5,0.024781784500583565,FINITE
23208,3605,6,0.026034533129891454,FINITE
23265,3605,7,0.02561588864832477,FINITE
23319,3605,8,0.026089869908856138,FINITE
23375,3605,9,0.025291019196923004,FINITE
23434,3693,0,,NAN
23476,3707,0,0.05856066252287956,FINITE
23536,3707,1,0.03721457001185787,FINITE
23586,3665,2,,NAN
23600,3707,2,0.03254438832410297,FINITE
23649,3707,3,,NAN
23666,3665,3,,NAN
23700,3707,4,,NAN
23727,3644,9,,NAN
23904,3759,0,,NAN
24051,3795,0,0.7390535697142836,FINITE
24195,3795,1,0.7193700767068025,FINITE
24229,3845,1,0.026974541972120937,FINITE
24259,3795,2,0.4864324685708272,FINITE
475,40,5,0,FINITE
1304,138,4,0.0012253413765744275,FINITE
1470,210,0,0,FINITE
1852,196,3,0.002132674242188396,FINITE
1996,196,4,0.0019103636233798282,FINITE
2135,214,5,0.0016469174671971231,FINITE
2264,214,6,0.0018492626053738406,FINITE
2376,214,7,0.0018733838163634245,FINITE
2553,222,8,0.001995972280464853,FINITE
2669,222,9,0.001796375052418368,FINITE
2892,314,1,,NAN
3028,314,2,,NAN
3190,317,3,,NAN
3353,317,4,,NAN
3484,317,5,,NAN
4039,532,1,0.0356456967282813,FINITE
4175,532,2,0.03582959993310595,FINITE
4319,532,3,0.029735929140453594,FINITE
4477,532,4,0.028749658700046993,FINITE
4584,570,2,,NAN
4739,570,3,,NAN
4905,602,5,0.020633686094823134,FINITE
4997,602,6,0.021111959845983498,FINITE
5068,602,7,0.02191856168789308,FINITE
5236,569,7,,NAN
5413,569,8,,NAN
5545,569,9,,NAN
5713,742,0,0.02246042072385499,FINITE
6434,737,6,0.024552685385161015,FINITE
6593,737,7,,NAN
6685,737,8,,NAN
6852,737,9,,NAN
6964,898,0,0,FINITE
7085,932,0,,NAN
7204,929,2,0.02831651408766758,FINITE
7291,929,3,0.026459102802536175,FINITE
7365,929,4,,NAN
7440,929,5,,NAN
7521,929,6,,NAN
7597,929,7,,NAN
7669,929,8,,NAN
7757,929,9,,NAN
7843,1045,0,0.03343738930489706,FINITE
7934,1045,1,,NAN
8253,949,4,,NAN
8391,949,5,,NAN
8729,949,6,,NAN
8857,949,7,,NAN
9959,1059,5,,NAN
10205,1328,4,,NAN
10269,1328,5,,NAN
10339,1328,6,,NAN
10411,1328,7,,NAN
10481,1328,8,,NAN
10566,1328,9,,NAN
10654,1425,0,,NAN
10731,1438,0,0.030072693340930528,FINITE
10804,1438,1,0.02541045949381523,FINITE
10867,1438,2,,NAN
10922,1438,3,,NAN
12226,1653,0,0.0010211211481455584,FINITE
12285,1675,0,0.24513040164424102,FINITE
12339,1675,1,,NAN
12393,1675,2,,NAN
12453,1675,3,,NAN
12503,1675,4,,NAN
12555,1675,5,,NAN
12606,1675,6,,NAN
12656,1675,7,,NAN
12705,1675,8,,NAN
12745,1675,9,,NAN
12806,1740,0,,NAN
12856,1764,0,0.5423976392659209,FINITE
12920,1764,1,,NAN
12987,1764,2,,NAN
13065,1764,3,,NAN
13147,1764,4,,NAN
13225,1764,5,,NAN
13288,1764,6,,NAN
13358,1764,7,,NAN
13428,1764,8,,NAN
13918,1919,0,,NAN
13963,1924,0,0.030131714351568594,FINITE
14008,1924,1,0.023977895270104726,FINITE
14062,1924,2,,NAN
14106,1924,3,,NAN
14156,1924,4,,NAN
14203,1924,5,,NAN
14236,1924,6,,NAN
14262,1924,7,,NAN
14304,1924,8,,NAN
14320,1924,9,,NAN
14370,1989,0,,NAN
14398,1998,0,0.015814275282929512,FINITE
14446,1998,1,0.022960475914769733,FINITE
14478,1998,2,0.027326571623950927,FINITE
14517,1998,3,0.02835869651500621,FINITE
14553,1998,4,0.02565645851257608,FINITE
14589,1998,5,0.024590222893847418,FINITE
14625,1998,6,0.02322568817339474,FINITE
14674,1998,7,0.023268430252037654,FINITE
14710,1998,8,,NAN
14748,1998,9,,NAN
14834,2070,0,0.5188963058136051,FINITE
14916,2070,1,0.5007455106774921,FINITE
18342,2506,2,,NAN
21212,3234,0,0.029881719993107195,FINITE
21247,3234,1,0.027261277821291757,FINITE
21438,3234,2,,NAN
21511,3234,3,,NAN
21580,3234,4,,NAN
21719,3148,6,,NAN
21798,3148,7,,NAN
21885,3148,8,,NAN
21960,3148,9,,NAN
22037,3435,0,0.02190584752208697,FINITE
22120,3435,1,0.030944219352965808,FINITE
22310,3435,2,,NAN
22386,3435,3,,NAN
22437,3429,8,0.02309725828902361,FINITE
22503,3429,9,0.024296358454043168,FINITE
22572,3550,0,,NAN
22653,3566,0,,NAN
22794,3584,0,0.5548619376839323,FINITE
22928,3584,1,,NAN
23612,3729,0,0,FINITE
23728,3742,0,0.684198301715203,FINITE
23768,3742,1,0.36986336031208755,FINITE
24042,3742,2,,NAN
24168,3742,3,,NAN
24235,3842,2,0.030203789035507387,FINITE
24276,3842,3,0.0268882839086724,FINITE
24277,3742,4,,NAN
24312,3842,4,0.028452304324085763,FINITE
24345,3842,5,0.02890688980056044,FINITE
24376,3742,5,,NAN
24386,3842,6,0.02858137049817258,FINITE
24419,3842,7,0.028826318347105695,FINITE
24455,3842,8,0.027911095556184946,FINITE
24476,3742,6,,NAN
24485,3842,9,0.028919545365137835,FINITE
24572,3742,7,,NAN
24654,3742,8,,NAN
24684,3905,0,1.1948360227706156,FINITE
24751,3742,9,,NAN
24789,3963,0,0.02102551224758411,FINITE
24818,3963,1,0.019494115868333446,FINITE
24837,3939,3,0.027213258160660076,FINITE
24876,3907,9,,NAN
24908,3977,0,0.040832797828198285,FINITE
24933,3977,1,0.03271065171514659,FINITE
24968,3977,2,0.037210868320164424,FINITE
24995,3977,3,0.03876480329456483,FINITE
25027,3977,4,0.0417433732018537,FINITE
25028,3981,3,,NAN
25050,3977,5,0.03852954778885392,FINITE
25052,3981,4,,NAN
25078,3977,6,0.036867986454094996,FINITE
25083,3981,5,,NAN
25111,3977,7,0.0355081569803535,FINITE
476,52,5,0,FINITE
1305,134,4,0.0021632425300493184,FINITE
1471,179,5,0.001531673386217714,FINITE
1546,179,6,0.0017306757787569139,FINITE
1853,197,3,0.0017522886801432836,FINITE
2003,197,4,0.0016060551737437385,FINITE
2136,206,5,0.001972872288892123,FINITE
2273,206,6,0.0019827808609490355,FINITE
2407,206,7,0.0017349332533304063,FINITE
2570,116,8,,NAN
2893,346,1,,NAN
2989,346,2,,NAN
3080,346,3,,NAN
3191,434,1,0,FINITE
3317,450,0,0.0010211211481455584,FINITE
3443,450,1,0.0010211211481455584,FINITE
4040,488,4,,NAN
4113,488,5,,NAN
4186,488,6,,NAN
4266,488,7,,NAN
4342,488,8,,NAN
4414,488,9,,NAN
4585,559,3,,NAN
4726,559,4,,NAN
4906,611,2,0.029128220425401436,FINITE
5048,611,3,0.03015151738341954,FINITE
5239,648,2,,NAN
5394,648,3,,NAN
5537,648,4,,NAN
5704,648,5,,NAN
6435,840,1,0.025245771506598645,FINITE
6509,840,2,0.02429987789655703,FINITE
6574,840,3,0.02601303714901733,FINITE
6658,840,4,0.02513652836341303,FINITE
6735,840,5,0.02517784360635729,FINITE
6805,840,6,,NAN
6877,840,7,,NAN
6990,840,8,,NAN
7056,840,9,,NAN
7142,954,0,0,FINITE
7205,856,7,0.023493811817287893,FINITE
7281,856,8,0.024595647052967604,FINITE
7360,856,9,,NAN
7432,1007,0,0.021248546525349493,FINITE
7511,1007,1,0.017537536006598495,FINITE
7583,1007,2,,NAN
7664,1007,3,,NAN
7754,1007,4,,NAN
7831,1007,5,,NAN
7913,1007,6,,NAN
8600,303,7,,NAN
9966,1264,3,,NAN
10092,1264,4,,NAN
10206,1344,3,,NAN
10264,1344,4,,NAN
10332,1344,5,,NAN
10390,1344,6,,NAN
10456,1344,7,,NAN
10519,1344,8,,NAN
10596,1344,9,,NAN
10765,1429,0,0.5097528651311506,FINITE
10881,1429,1,0.4747581930083276,FINITE
10974,1429,2,,NAN
12227,1608,3,,NAN
12446,1608,4,,NAN
12602,1608,5,,NAN
12738,1608,6,,NAN
12820,1608,7,,NAN
12851,1608,8,,NAN
12941,1608,9,,NAN
13015,1789,0,,NAN
13051,1799,0,0.012666891156373126,FINITE
13092,1799,1,,NAN
13128,1799,2,,NAN
13165,1799,3,,NAN
13208,1799,4,,NAN
13246,1799,5,,NAN
13287,1799,6,,NAN
13317,1799,7,,NAN
13362,1799,8,,NAN
13398,1799,9,,NAN
13443,1855,0,0.04247624264197523,FINITE
13478,1855,1,,NAN
13920,1757,6,,NAN
14180,1757,7,,NAN
14338,1757,8,,NAN
14581,1757,9,,NAN
14645,2032,0,,NAN
14684,2045,0,0,FINITE
14761,2056,0,0.4528412130162037,FINITE
14826,2056,1,,NAN
14910,2056,2,,NAN
18347,2339,6,,NAN
21213,3247,0,0.02441587909597344,FINITE
21241,3247,1,0.02920392080131915,FINITE
21443,3247,2,,NAN
21517,3247,3,,NAN
21602,3247,4,,NAN
21720,3422,0,0.01846307043387179,FINITE
21807,3422,1,0.023082247925170017,FINITE
21879,3422,2,0.02570645215992365,FINITE
21967,3422,3,0.028653176742774445,FINITE
22053,3422,4,,NAN
22135,3422,5,,NAN
22216,3422,6,,NAN
22295,3422,7,,NAN
22382,3422,8,,NAN
22438,3432,5,,NAN
22506,3432,6,,NAN
22664,3432,7,,NAN
22722,3432,8,,NAN
22887,3432,9,,NAN
22943,3633,0,,NAN
22998,3640,0,0.030245319847052102,FINITE
23061,3640,1,0.03494914719131569,FINITE
23119,3640,2,0.029177132407816303,FINITE
23187,3640,3,0.027497954486826,FINITE
23242,3640,4,0.026843344739090842,FINITE
23289,3640,5,,NAN
23342,3640,6,,NAN
23405,3640,7,,NAN
23464,3640,8,,NAN
23520,3640,9,,NAN
23585,3722,0,,NAN
23630,3525,7,,NAN
23642,3736,0,,NAN
23729,3568,8,,NAN
23872,3568,9,,NAN
23946,3785,0,0.02226944737603176,FINITE
24002,3785,1,,NAN
24063,3785,2,,NAN
24121,3785,3,,NAN
24182,3785,4,,NAN
24239,3785,5,,NAN
24246,3671,8,,NAN
24301,3785,6,,NAN
24320,3671,9,,NAN
24384,3785,7,,NAN
24452,3883,0,,NAN
24506,3888,0,,NAN
24512,3901,0,0,FINITE
24544,3911,0,0,FINITE
24549,3912,0,,NAN
24593,3921,0,,NAN
24626,3919,0,0.5039340507328198,FINITE
24655,3928,0,,NAN
24713,3941,0,0.022130804075589847,FINITE
24726,3919,1,,NAN
24756,3941,1,0.02192283912492674,FINITE
24806,3941,2,,NAN
24825,3919,2,,NAN
24845,3960,2,0.03843893121899127,FINITE
24879,3905,1,,NAN
24899,3960,3,,NAN
24960,3960,4,,NAN
25013,3960,5,,NAN
25049,3376,8,,NAN
25061,3960,6,,NAN
25114,3960,7,,NAN
25176,3960,8,,NAN
25206,3999,6,,NAN
25227,3960,9,,NAN
25228,3999,7,,NAN
25255,3999,8,,NAN
25277,3999,9,,NAN
25279,4027,0,0.021525833126233556,FINITE
25292,4007,6,,NAN
477,47,5,0.002930310641589839,FINITE
1306,66,9,0,FINITE
1472,174,5,0.0008278237390474244,FINITE
1549,174,6,0.0007095632048977923,FINITE
1854,241,0,0.00496686240027203,FINITE
1946,241,1,0.002483431200136015,FINITE
2031,241,2,0.0022901504643735022,FINITE
2137,246,3,0.0022975050775760905,FINITE
2239,246,4,0.002042228291689984,FINITE
2332,246,5,0.001872043767765913,FINITE
2585,106,9,,NAN
2894,390,0,0.026161977170284692,FINITE
2999,390,1,0.0372334392202644,FINITE
3192,403,2,,NAN
3319,403,3,,NAN
3438,403,4,,NAN
4041,482,0,,NAN
4128,561,0,0.03702718336409197,FINITE
4208,561,1,0.02906854329449966,FINITE
4281,561,2,0.025164300942977665,FINITE
4353,561,3,0.02495103045753601,FINITE
4434,561,4,,NAN
4586,543,4,0.029646335597504986,FINITE
4734,543,5,0.027528907752615354,FINITE
4907,556,5,0.02358916741678357,FINITE
5036,556,6,0.021949879222818353,FINITE
5240,584,5,,NAN
5411,584,6,,NAN
5542,584,7,,NAN
5715,584,8,,NAN
6436,846,0,,NAN
6524,849,0,0.014483906648910668,FINITE
6597,849,1,0.01807419153779313,FINITE
6678,849,2,0.020170644041392835,FINITE
6763,849,3,0.021169396246439855,FINITE
6837,849,4,0.021223420971786384,FINITE
6923,849,5,0.02238113170401791,FINITE
7010,849,6,0.02279493964919409,FINITE
7084,849,7,0.022770455196081958,FINITE
7206,967,0,0,FINITE
7293,990,0,0.01586847750083629,FINITE
7376,990,1,0.015799155850615275,FINITE
7463,990,2,0.02292068184809741,FINITE
7532,990,3,0.02241222862285855,FINITE
7606,990,4,0.023051263691990127,FINITE
7684,990,5,0.023076723901423967,FINITE
7770,990,6,0.02364612497648816,FINITE
7837,990,7,0.02280153916452543,FINITE
7930,990,8,0.023159516354005136,FINITE
8947,1181,1,0.032649682352330206,FINITE
9003,1181,2,0.030421148562644593,FINITE
9074,1181,3,0.02613431002336411,FINITE
9131,1181,4,0.0303774549249169,FINITE
9201,1181,5,,NAN
9273,1181,6,,NAN
9330,1181,7,,NAN
9396,1181,8,,NAN
9456,1181,9,,NAN
9601,1261,0,0.7175025542273651,FINITE
9741,1261,1,0.732503416104056,FINITE
9794,1261,2,0.5004589550189964,FINITE
9967,1274,2,0.029253929675401802,FINITE
10082,1274,3,0.03120348498382912,FINITE
10207,1274,4,0.02941667746226967,FINITE
10296,1274,5,0.02936120511791381,FINITE
10391,1274,6,0.027413866415411017,FINITE
10475,1274,7,0.027711558955990433,FINITE
10561,1274,8,0.027278155538407328,FINITE
10620,1274,9,0.028156216288797924,FINITE
10693,1432,0,,NAN
10755,1445,0,0.035176645934446506,FINITE
10827,1445,1,,NAN
10902,1445,2,,NAN
12228,1606,6,,NAN
12304,1606,7,,NAN
12368,1606,8,,NAN
12449,1606,9,,NAN
12596,1696,0,0.601418238809349,FINITE
12724,1696,1,0.617088048062403,FINITE
12762,1696,2,0.416110746086973,FINITE
12847,1696,3,0.48867468417401355,FINITE
12935,1696,4,0.5181520458713466,FINITE
13024,1696,5,,NAN
13066,1696,6,,NAN
13163,1696,7,,NAN
13204,1696,8,,NAN
13238,1696,9,,NAN
13325,1820,0,0.6443088133785291,FINITE
13418,1820,1,0.637774875609749,FINITE
13922,1758,4,,NAN
14218,1758,5,,NAN
14444,1758,6,,NAN
14693,1758,7,,NAN
18368,2633,8,,NAN
18393,2633,9,,NAN
21214,3252,0,0.02408626244770807,FINITE
21231,3252,1,0.02691567583439998,FINITE
21440,3252,2,,NAN
21661,3252,3,,NAN
21721,3352,2,,NAN
21851,3352,3,,NAN
21975,3352,4,,NAN
22106,3352,5,,NAN
22214,3352,6,,NAN
22341,3352,7,,NAN
22439,3372,9,,NAN
22590,3528,0,,NAN
22747,3574,0,0.6279438687946493,FINITE
22898,3574,1,0.6155351706179123,FINITE
23035,3574,2,0.607555813638509,FINITE
23188,3574,3,0.6038892376456214,FINITE
23310,3574,4,0.6090522212464605,FINITE
23444,3574,5,,NAN
23577,3574,6,,NAN
23652,3734,0,0,FINITE
23730,3679,4,,NAN
23772,3679,5,,NAN
23810,3679,6,,NAN
23851,3679,7,,NAN
23892,3679,8,,NAN
23929,3679,9,,NAN
23996,3800,0,0.6865220977182909,FINITE
24098,3800,1,,NAN
24194,3800,2,,NAN
24288,3845,2,0.02358406972398898,FINITE
24306,3800,3,,NAN
24365,3845,3,0.021365268093595118,FINITE
24382,3800,4,,NAN
24451,3845,4,0.02305670789618363,FINITE
24459,3800,5,,NAN
24508,3845,5,,NAN
24542,3845,6,,NAN
24551,3800,6,,NAN
24579,3845,7,,NAN
24615,3845,8,,NAN
24623,3800,7,,NAN
24658,3845,9,,NAN
24717,3942,0,,NAN
24820,3958,0,,NAN
24846,3956,3,0.02028936501302367,FINITE
24880,3956,4,,NAN
24882,3930,5,0.030277084002895166,FINITE
24905,3956,5,,NAN
24929,3930,6,0.02863645587135826,FINITE
24935,3980,0,0.026768880419434246,FINITE
24964,3980,1,0.02853326515693377,FINITE
24979,3930,7,,NAN
24994,3980,2,0.0333815374601476,FINITE
25025,3980,3,0.035521105904998934,FINITE
25030,3930,8,,NAN
25044,3980,4,0.03772368379185457,FINITE
25060,4002,0,0.03757274090519967,FINITE
25080,3980,5,0.03440708252465228,FINITE
25086,3930,9,,NAN
25097,4002,1,,NAN
478,56,5,0,FINITE
1307,136,4,0.0018380060628611355,FINITE
1473,216,0,0.0029246901339921136,FINITE
1855,252,0,0.003063333434434146,FINITE
1934,252,1,0.001531666717217073,FINITE
2018,252,2,0.0038532823578110702,FINITE
2138,216,5,0.0021661847083300763,FINITE
2277,216,6,0.0020026041997322883,FINITE
2389,216,7,0.0023211452371339936,FINITE
2716,105,4,,NAN
2895,365,1,0.021175743407423318,FINITE
2984,365,2,0.02154031139695946,FINITE
3065,365,3,0.02323231571412402,FINITE
3195,226,9,,NAN
3321,451,0,0,FINITE
3441,451,1,0,FINITE
4042,515,3,0.028153325127090116,FINITE
4122,515,4,0.027423098571478947,FINITE
4198,515,5,0.02785597602515733,FINITE
4276,515,6,0.026541414276091285,FINITE
4345,515,7,0.02582805485405,FINITE
4421,515,8,0.025799762177248546,FINITE
4587,555,3,,NAN
4740,555,4,,NAN
4908,572,9,0.02559913402011609,FINITE
5003,652,0,,NAN
5072,654,0,,NAN
5241,585,5,0.02584496826115355,FINITE
5389,585,6,0.025877924783449323,FINITE
5518,585,7,0.025554476460724906,FINITE
5663,585,8,,NAN
6437,771,3,0.02293611507696295,FINITE
6587,771,4,,NAN
6694,771,5,,NAN
6850,771,6,,NAN
6965,771,7,,NAN
7097,771,8,,NAN
7207,854,4,,NAN
7314,854,5,,NAN
7436,854,6,,NAN
7556,854,7,,NAN
7681,854,8,,NAN
7783,854,9,,NAN
7883,1050,0,0.04213078458737614,FINITE
7963,1050,1,,NAN
8948,1180,1,0.036775629580436724,FINITE
9000,1180,2,0.033318846575454225,FINITE
9084,1180,3,,NAN
9148,1180,4,,NAN
9208,1180,5,,NAN
9285,1180,6,,NAN
9343,1180,7,,NAN
9408,1180,8,,NAN
9465,1180,9,,NAN
9615,1262,0,,NAN
9669,1275,0,0.02737380123343691,FINITE
9723,1275,1,0.02883572556393505,FINITE
9782,1275,2,0.026571980650133036,FINITE
9839,1275,3,0.030480455207669566,FINITE
9969,1185,9,,NAN
10085,1340,0,0.4594353777217408,FINITE
10208,1276,9,,NAN
10270,1360,0,0.03396490214017344,FINITE
10337,1360,1,0.035798447965971106,FINITE
10394,1360,2,0.034241461022498275,FINITE
10454,1360,3,0.03446165655309839,FINITE
10522,1360,4,,NAN
10605,1360,5,,NAN
10676,1360,6,,NAN
10751,1360,7,,NAN
10815,1360,8,,NAN
10883,1360,9,,NAN
12229,1596,8,,NAN
12299,1596,9,,NAN
12380,1681,0,0.026682567166373183,FINITE
12454,1681,1,0.02702372654769402,FINITE
12517,1681,2,,NAN
12581,1681,3,,NAN
12632,1681,4,,NAN
12682,1681,5,,NAN
12741,1681,6,,NAN
12777,1681,7,,NAN
12817,1681,8,,NAN
12849,1681,9,,NAN
12928,1775,0,0.7211481467492922,FINITE
12964,1775,1,0.37150179826189544,FINITE
13007,1775,2,0.2537016531044386,FINITE
13041,1775,3,0.19511084863184816,FINITE
13077,1775,4,0.1612760830288349,FINITE
13161,1775,5,0.2556366649459652,FINITE
13201,1775,6,,NAN
13235,1775,7,,NAN
13285,1775,8,,NAN
13363,1775,9,,NAN
13406,1844,0,0.39274463408452387,FINITE
13925,1870,4,,NAN
14011,1870,5,,NAN
14095,1870,6,,NAN
14175,1870,7,,NAN
14243,1870,8,,NAN
14279,1870,9,,NAN
14313,1983,0,0.028862901867385812,FINITE
14360,1983,1,0.029037782515515642,FINITE
14397,1983,2,0.03106662697269887,FINITE
14434,1983,3,0.028555867722485754,FINITE
14474,1983,4,0.029644471247159222,FINITE
14513,1983,5,0.02936118084124481,FINITE
14549,1983,6,0.028580339163907686,FINITE
14583,1983,7,0.02917126195723605,FINITE
14618,1983,8,,NAN
14647,1983,9,,NAN
14689,2047,0,,NAN
14718,2057,0,0,FINITE
14753,2062,0,,NAN
14782,2072,0,0.030375017746772915,FINITE
14808,2072,1,0.032117629896091925,FINITE
14839,2072,2,0.03007487015211562,FINITE
14877,2072,3,0.02784719150109325,FINITE
14904,2072,4,0.02667657181586277,FINITE
14933,2072,5,0.025538091339046495,FINITE
18370,2338,7,,NAN
21215,3148,0,0.16767937493403362,FINITE
21293,3148,1,,NAN
21403,3148,2,,NAN
21491,3148,3,,NAN
21574,3148,4,,NAN
21653,3148,5,,NAN
21722,3401,2,,NAN
21804,3401,3,,NAN
21881,3401,4,,NAN
21956,3401,5,,NAN
22031,3401,6,,NAN
22111,3401,7,,NAN
22196,3401,8,,NAN
22269,3401,9,,NAN
22415,3470,0,0.40241542201428093,FINITE
22440,3433,5,0.14247074108385427,FINITE
22593,3433,6,0.22708346847963617,FINITE
22669,3433,7,0.20272965339282473,FINITE
22738,3433,8,0.18289579254341642,FINITE
22810,3433,9,,NAN
22877,3615,0,0.0037548079223104045,FINITE
23019,3628,0,,NAN
23104,3652,0,0.021630493220995833,FINITE
23170,3652,1,0.021189359433847886,FINITE
23248,3652,2,0.02269758511234658,FINITE
23320,3652,3,0.023665439283578966,FINITE
23411,3652,4,0.023932846051949598,FINITE
23494,3652,5,0.02262061351806792,FINITE
23558,3652,6,0.02220728369390267,FINITE
23639,3652,7,,NAN
23655,3657,7,,NAN
23693,3652,8,,NAN
23731,3537,7,,NAN
23932,3537,8,,NAN
24073,3537,9,,NAN
24134,3832,0,0.016612151879901955,FINITE
479,5,5,0,FINITE
1308,120,9,0,FINITE
1474,169,5,0.0014536233920989393,FINITE
1556,169,6,0.0016835819695753974,FINITE
1856,244,0,0.0010211211481455584,FINITE
1948,244,1,0.0010211211481455584,FINITE
2032,244,2,0.0010211211481455584,FINITE
2139,209,5,0.0014854522837363954,FINITE
2270,209,6,0.001564992285101269,FINITE
2385,209,7,0.0014970083929818053,FINITE
2737,316,0,,NAN
2896,406,0,0.040555511227314336,FINITE
2985,406,1,0.03375669127971262,FINITE
3059,406,2,0.02768408113733205,FINITE
3198,432,1,0.030929556382359003,FINITE
3341,432,2,,NAN
3461,432,3,,NAN
4043,536,2,,NAN
4130,536,3,,NAN
4204,536,4,,NAN
4262,536,5,,NAN
4333,536,6,,NAN
4408,536,7,,NAN
4486,536,8,,NAN
4591,558,3,,NAN
4743,558,4,,NAN
4909,650,0,0.01813345378560653,FINITE
5001,650,1,0.019967320606465555,FINITE
5070,650,2,0.025278804704366952,FINITE
5246,548,8,,NAN
5402,548,9,,NAN
5527,720,0,0.02519344647325536,FINITE
5697,720,1,0.01950998598055143,FINITE
6438,792,4,0.026451938711067,FINITE
6516,792,5,0.028384602874738363,FINITE
6584,792,6,,NAN
6682,792,7,,NAN
6766,792,8,,NAN
6845,792,9,,NAN
6943,895,0,0,FINITE
7013,925,0,0,FINITE
7094,945,0,,NAN
7208,892,2,0.02082180935870366,FINITE
7297,892,3,0.02270652169727741,FINITE
7411,892,4,0.02213840696769259,FINITE
7536,892,5,,NAN
7671,892,6,,NAN
7761,892,7,,NAN
7860,892,8,,NAN
7941,892,9,,NAN
8949,1149,6,,NAN
9019,1149,7,,NAN
9091,1149,8,,NAN
9159,1149,9,,NAN
9225,1218,0,0.040546455395944384,FINITE
9295,1218,1,0.03671912350257643,FINITE
9353,1218,2,0.03318874698991934,FINITE
9416,1218,3,0.03513838589903483,FINITE
9474,1218,4,0.033509079626785954,FINITE
9525,1218,5,0.030955196994486265,FINITE
9586,1218,6,,NAN
9644,1218,7,,NAN
9697,1218,8,,NAN
9743,1218,9,,NAN
9795,1297,0,0,FINITE
9849,1308,0,0.042353598103498306,FINITE
9970,1178,9,0.02272656498986294,FINITE
10073,1341,0,,NAN
10209,1228,8,,NAN
10299,1228,9,,NAN
10381,1372,0,0.03509033268138578,FINITE
10470,1372,1,,NAN
10541,1372,2,,NAN
10621,1372,3,,NAN
10681,1372,4,,NAN
10747,1372,5,,NAN
10822,1372,6,,NAN
10900,1372,7,,NAN
10964,1372,8,,NAN
12230,1654,0,0.025661706421962763,FINITE
12301,1654,1,0.027257841476916518,FINITE
12381,1654,2,0.025116740617864636,FINITE
12472,1654,3,0.024314500418868425,FINITE
12538,1654,4,0.023711775649640852,FINITE
12598,1654,5,0.02578249148717912,FINITE
12663,1654,6,,NAN
12723,1654,7,,NAN
12768,1654,8,,NAN
12805,1654,9,,NAN
12862,1762,0,,NAN
12895,1778,0,0.02935420715783048,FINITE
12936,1778,1,0.027662605490145972,FINITE
12973,1778,2,0.027831632115155863,FINITE
13013,1778,3,0.025329743133527084,FINITE
13049,1778,4,0.02406555821998398,FINITE
13089,1778,5,0.02253793794169276,FINITE
13125,1778,6,0.022618141786283904,FINITE
13166,1778,7,0.022163831616743436,FINITE
13210,1778,8,,NAN
13250,1778,9,,NAN
13341,1824,0,,NAN
13395,1838,0,0.45365145301327436,FINITE
13431,1838,1,0.2561503713747651,FINITE
13476,1838,2,0.18106843196437095,FINITE
13934,1709,5,1.2737545984186391,FINITE
14235,1709,6,,NAN
14431,1709,7,,NAN
14664,1709,8,,NAN
14913,1709,9,,NAN
18421,2661,4,0.0210592205258589,FINITE
18440,2661,5,0.024782546339227468,FINITE
18460,2661,6,0.02434458350134594,FINITE
18485,2661,7,0.025129666061323393,FINITE
18509,2661,8,0.025265586556521676,FINITE
18525,2661,9,,NAN
18546,2692,0,0.037770637092210804,FINITE
18564,2692,1,0.027840513266956197,FINITE
18590,2692,2,0.030303334171913405,FINITE
18614,2692,3,0.030625929251088604,FINITE
18633,2692,4,0.03139784182812327,FINITE
18654,2692,5,0.03228985098397071,FINITE
18673,2692,6,0.031276078911011376,FINITE
18694,2692,7,0.032185077045240554,FINITE
18711,2692,8,0.031227582351606942,FINITE
18731,2692,9,0.0317468521279405,FINITE
18745,2721,0,0.0020422322932905105,FINITE
18768,2727,0,0,FINITE
18787,2736,0,0.029688724083750853,FINITE
18813,2736,1,0.019811099354588402,FINITE
18836,2736,2,0.019489071946231607,FINITE
18859,2736,3,0.019583290972012033,FINITE
18880,2736,4,,NAN
18902,2736,5,,NAN
18927,2736,6,,NAN
18951,2736,7,,NAN
18991,2736,8,,NAN
19027,2736,9,,NAN
19053,2775,0,,NAN
19096,2780,0,,NAN
19136,2788,0,0.013826525487847496,FINITE
19177,2790,0,0.021248546525349608,FINITE
19217,2790,1,0.024061043519773007,FINITE
19245,2790,2,0.025044096139679336,FINITE
19280,2790,3,0.02677698740082464,FINITE
19310,2790,4,,NAN
19327,2790,5,,NAN
19349,2790,6,,NAN
19377,2790,7,,NAN
19396,2790,8,,NAN
19417,2790,9,,NAN
19445,2830,0,,NAN
19456,2839,0,0,FINITE
19469,2840,0,,NAN
19484,2844,0,0.15294193258727667,FINITE
19499,2844,1,0.15485444672675508,FINITE
480,93,2,,NAN
1309,175,2,0.0013152604233778772,FINITE
1475,26,9,,NAN
1555,231,0,0,FINITE
1857,175,6,0.0011471794085307512,FINITE
2015,175,7,0.0011314221259826022,FINITE
2140,249,3,0.0007658383603590172,FINITE
2234,249,4,0.0008168949179163254,FINITE
2341,249,5,0.0011681941205956233,FINITE
2738,264,9,0.0009190060324308207,FINITE
2817,371,0,0.030572913933784356,FINITE
2897,401,0,0.028360658712998872,FINITE
2991,401,1,,NAN
3074,401,2,,NAN
3199,436,1,0,FINITE
3326,452,0,0,FINITE
3429,452,1,0,FINITE
4044,476,5,0.0010439280258293846,FINITE
4137,476,6,0.0010406699004459807,FINITE
4212,476,7,0.001038226306408428,FINITE
4283,476,8,0.0009228678279186028,FINITE
4356,476,9,0.0010348042744557934,FINITE
4437,581,0,0.038079804036137435,FINITE
4592,468,6,0.09249871914912682,FINITE
4746,468,7,0.08106401939900416,FINITE
4910,571,4,,NAN
5029,571,5,,NAN
5375,305,3,,NAN
6439,793,4,0.026581096865143657,FINITE
6525,793,5,,NAN
6591,793,6,,NAN
6667,793,7,,NAN
6733,793,8,,NAN
6799,793,9,,NAN
6856,881,0,0.026155054331096585,FINITE
6946,881,1,0.02247387070661676,FINITE
7025,881,2,,NAN
7100,881,3,,NAN
7209,956,1,0.028901535636578546,FINITE
7288,956,2,0.03240044730078518,FINITE
7366,956,3,0.028791015347859585,FINITE
7447,956,4,0.029196055744085424,FINITE
7517,956,5,0.02726889692687411,FINITE
7596,956,6,0.026547214127127905,FINITE
7668,956,7,,NAN
7753,956,8,,NAN
7813,956,9,,NAN
8950,1107,4,0.02526725398699896,FINITE
9051,1107,5,0.024643683843538045,FINITE
9149,1107,6,,NAN
9251,1107,7,,NAN
9369,1107,8,,NAN
9498,1107,9,,NAN
9971,1319,0,0.02152583312623345,FINITE
10080,1319,1,0.019414659659392857,FINITE
10210,1264,5,,NAN
10361,1264,6,,NAN
10422,1264,7,,NAN
10604,1264,8,,NAN
10680,1264,9,,NAN
10761,1442,0,,NAN
10828,1456,0,0,FINITE
10891,1466,0,0.022651394071678328,FINITE
10938,1466,1,0.029476584206741117,FINITE
12231,1620,5,0.02293651355261049,FINITE
12291,1620,6,,NAN
12334,1620,7,,NAN
12391,1620,8,,NAN
12439,1620,9,,NAN
12572,1693,0,0.6932804449637766,FINITE
12683,1693,1,,NAN
12726,1693,2,,NAN
12759,1693,3,,NAN
12836,1693,4,,NAN
12869,1693,5,,NAN
12951,1693,6,,NAN
13028,1693,7,,NAN
13138,1693,8,,NAN
13230,1693,9,,NAN
13267,1817,0,0.029579163711333352,FINITE
13301,1817,1,0.02119234908407431,FINITE
13336,1817,2,0.0201158058857438,FINITE
13373,1817,3,0.02189564389755657,FINITE
13410,1817,4,0.02252067911147197,FINITE
13460,1817,5,,NAN
13936,1869,4,0.49837787791639726,FINITE
14017,1869,5,0.49182808274964346,FINITE
14128,1869,6,0.49892701800672773,FINITE
14209,1869,7,0.5036567276740469,FINITE
14278,1869,8,0.5051242583608931,FINITE
14349,1869,9,0.5046726896804488,FINITE
18422,2640,7,,NAN
18441,2640,8,,NAN
18469,2640,9,,NAN
18496,2686,0,0.021387189825791415,FINITE
18518,2686,1,0.02716565574119054,FINITE
18535,2686,2,,NAN
18555,2686,3,,NAN
18575,2686,4,,NAN
18601,2686,5,,NAN
18620,2686,6,,NAN
18640,2686,7,,NAN
18660,2686,8,,NAN
18683,2686,9,,NAN
18729,2712,0,0.5155189704207312,FINITE
18762,2712,1,0.47974394381584756,FINITE
18806,2712,2,,NAN
18849,2712,3,,NAN
18890,2712,4,,NAN
18935,2712,5,,NAN
19016,2712,6,,NAN
19058,2712,7,,NAN
19127,2712,8,,NAN
19225,2712,9,,NAN
19261,2802,0,0.3811927715280079,FINITE
19297,2802,1,0.3693536482138422,FINITE
19321,2802,2,,NAN
19347,2802,3,,NAN
19376,2802,4,,NAN
19406,2802,5,,NAN
19429,2802,6,,NAN
19447,2802,7,,NAN
19464,2802,8,,NAN
19487,2802,9,,NAN
19502,2847,0,,NAN
19522,2850,0,0,FINITE
19536,2854,0,0,FINITE
19552,2856,0,0.0020422322932905105,FINITE
19572,2859,0,0.04488591209795072,FINITE
19592,2859,1,0.032695417174723115,FINITE
19608,2859,2,0.029384553238607985,FINITE
19628,2859,3,0.02768818093503027,FINITE
19646,2859,4,0.027708092481930034,FINITE
19670,2859,5,,NAN
19689,2859,6,,NAN
19711,2859,7,,NAN
19731,2859,8,,NAN
19746,2859,9,,NAN
19764,2880,0,0.02732147118605572,FINITE
19775,2880,1,0.025743562023818313,FINITE
19791,2880,2,0.027832256145858946,FINITE
19801,2880,3,0.025806018296621974,FINITE
19812,2880,4,,NAN
19829,2880,5,,NAN
19846,2880,6,,NAN
19855,2880,7,,NAN
19873,2880,8,,NAN
19882,2880,9,,NAN
19898,2914,0,0,FINITE
19908,2915,0,0.019259044800204093,FINITE
19924,2915,1,0.0263346868693047,FINITE
19934,2915,2,0.027379058786272406,FINITE
19950,2915,3,0.028294587560327246,FINITE
19961,2915,4,0.024622364973346987,FINITE
19974,2915,5,0.02781134162212771,FINITE
19989,2915,6,,NAN
20003,2915,7,,NAN
20019,2915,8,,NAN
481,44,5,0,FINITE
1310,117,9,0,FINITE
1476,208,0,0,FINITE
1858,107,3,,NAN
2141,231,4,,NAN
2360,231,5,,NAN
2739,294,7,0.0011487537891631209,FINITE
2825,294,8,0.0012480291785106087,FINITE
2898,363,1,0.021064146081117174,FINITE
2992,363,2,0.024156361597761262,FINITE
3081,363,3,0.029118247567367632,FINITE
3201,298,6,0.001564989426672207,FINITE
3334,298,7,0.0013693657483381811,FINITE
3454,298,8,0.0012172139985228278,FINITE
4045,314,9,,NAN
4193,562,0,0.027978712017352417,FINITE
4346,562,1,0.02004643103818973,FINITE
4487,562,2,0.02290117840434851,FINITE
4593,571,2,,NAN
4751,571,3,,NAN
4911,612,5,0.024861498814088705,FINITE
4966,612,6,,NAN
5007,612,7,,NAN
5079,612,8,,NAN
5647,105,9,,NAN
6440,815,3,,NAN
6526,815,4,,NAN
6607,815,5,,NAN
6686,815,6,,NAN
6758,815,7,,NAN
6821,815,8,,NAN
6918,815,9,,NAN
6992,920,0,0,FINITE
7079,936,0,0.027426131280818212,FINITE
7210,899,2,0.025135292561229653,FINITE
7318,899,3,0.024038525832597253,FINITE
7448,899,4,0.026774482075043748,FINITE
7573,899,5,0.03098797669100437,FINITE
7697,899,6,0.02939163973542835,FINITE
7818,899,7,0.028135854525157922,FINITE
7917,899,8,,NAN
8951,1129,8,,NAN
9015,1129,9,,NAN
9118,1198,0,,NAN
9189,1215,0,,NAN
9262,1222,0,0.026905541284729613,FINITE
9333,1222,1,0.024033887278509136,FINITE
9394,1222,2,0.023077310035014804,FINITE
9440,1222,3,0.02798555130582485,FINITE
9508,1222,4,0.02678725965964805,FINITE
9562,1222,5,0.026719054457948876,FINITE
9625,1222,6,0.026560529017467832,FINITE
9676,1222,7,,NAN
9728,1222,8,,NAN
9784,1222,9,,NAN
9846,1304,0,0.02519344647325536,FINITE
9973,1246,4,,NAN
10107,1246,5,,NAN
10211,1304,7,,NAN
10272,1304,8,,NAN
10345,1304,9,,NAN
10403,1386,0,0,FINITE
10471,1394,0,0,FINITE
10540,1410,0,,NAN
10617,1422,0,0.01846307043387179,FINITE
10690,1422,1,,NAN
10769,1422,2,,NAN
10825,1422,3,,NAN
10885,1422,4,,NAN
10939,1422,5,,NAN
12232,1633,2,0.018625179175642794,FINITE
12312,1633,3,0.0200597716438801,FINITE
12389,1633,4,0.022476090285342924,FINITE
12474,1633,5,0.022188112845569093,FINITE
12544,1633,6,0.02183656883176085,FINITE
12600,1633,7,0.02420030829968295,FINITE
12661,1633,8,0.024610761958554342,FINITE
12718,1633,9,0.025634388691317057,FINITE
12780,1733,0,0.3611010743768272,FINITE
12828,1733,1,0.3538383565967885,FINITE
12877,1733,2,0.3627228927752066,FINITE
12930,1733,3,,NAN
12975,1733,4,,NAN
13038,1733,5,,NAN
13096,1733,6,,NAN
13142,1733,7,,NAN
13195,1733,8,,NAN
13241,1733,9,,NAN
13327,1821,0,0.6495134761116019,FINITE
13413,1821,1,,NAN
13937,1846,6,,NAN
13977,1846,7,,NAN
14013,1846,8,,NAN
14113,1846,9,,NAN
14153,1947,0,0.25672195246601864,FINITE
14192,1947,1,,NAN
14234,1947,2,,NAN
14280,1947,3,,NAN
14327,1947,4,,NAN
14364,1947,5,,NAN
14405,1947,6,,NAN
14445,1947,7,,NAN
14488,1947,8,,NAN
14533,1947,9,,NAN
14566,2027,0,0.026957871332110805,FINITE
14603,2027,1,,NAN
14637,2027,2,,NAN
14672,2027,3,,NAN
14708,2027,4,,NAN
14741,2027,5,,NAN
14773,2027,6,,NAN
14803,2027,7,,NAN
14832,2027,8,,NAN
14859,2027,9,,NAN
14931,2092,0,0.6283796933953207,FINITE
18423,2677,0,0.025877767730212515,FINITE
18442,2677,1,0.023559695708186834,FINITE
18461,2677,2,0.024571220964846485,FINITE
18488,2677,3,0.023230094411840534,FINITE
18511,2677,4,0.025090122406678163,FINITE
18527,2677,5,,NAN
18550,2677,6,,NAN
18571,2677,7,,NAN
18596,2677,8,,NAN
18618,2677,9,,NAN
18646,2702,0,,NAN
18666,2706,0,0.027703417881702275,FINITE
18689,2706,1,,NAN
18709,2706,2,,NAN
18727,2706,3,,NAN
18744,2706,4,,NAN
18767,2706,5,,NAN
18784,2706,6,,NAN
18812,2706,7,,NAN
18835,2706,8,,NAN
18860,2706,9,,NAN
18881,2758,0,0.04645460492540427,FINITE
18904,2758,1,0.030581734063908905,FINITE
18931,2758,2,0.028849295982965466,FINITE
18967,2758,3,0.03369772255020462,FINITE
19008,2758,4,,NAN
19041,2758,5,,NAN
19073,2758,6,,NAN
19114,2758,7,,NAN
19155,2758,8,,NAN
19200,2758,9,,NAN
19237,2799,0,0.020609582346257906,FINITE
19273,2799,1,0.023550588082403987,FINITE
19302,2799,2,0.021439449701433095,FINITE
19319,2799,3,0.020721519908233364,FINITE
19335,2799,4,0.022591754594772775,FINITE
19364,2799,5,0.02135598268749747,FINITE
19389,2799,6,0.022983855966694246,FINITE
19409,2799,7,0.022842805192669832,FINITE
19428,2799,8,0.022263949375797357,FINITE
19441,2799,9,0.024680960918736318,FINITE
19477,2838,0,,NAN
19486,2845,0,0.02519344647325547,FINITE
19501,2845,1,0.02396557689899732,FINITE
482,31,5,0,FINITE
1311,26,8,,NAN
1477,207,0,0.003063333434434146,FINITE
1859,245,0,0.0010211211481455584,FINITE
1949,245,1,0.0010211211481455584,FINITE
2037,245,2,0.0013614915298605426,FINITE
2142,243,3,0.000986452820534418,FINITE
2246,243,4,0.000993386486056646,FINITE
2342,243,5,0.0009980089297381314,FINITE
2740,312,0,,NAN
2899,391,0,0.01647350857946003,FINITE
3031,391,1,0.018004919990273982,FINITE
3202,295,7,0.0018733850667385,FINITE
3343,295,8,0.0017786890757837289,FINITE
3460,295,9,0.0016008201682053559,FINITE
4046,513,3,0.025958771130558504,FINITE
4134,513,4,,NAN
4213,513,5,,NAN
4282,513,6,,NAN
4344,513,7,,NAN
4422,513,8,,NAN
4601,463,8,0.0014595401781605857,FINITE
4750,463,9,0.001415698275159083,FINITE
4912,105,8,,NAN
5687,92,9,,NAN
6441,738,6,0.027398874863238408,FINITE
6589,738,7,0.027105865901935287,FINITE
6703,738,8,0.027000989376196334,FINITE
6854,738,9,0.028122735172234646,FINITE
6974,899,0,0.023704315752061843,FINITE
7102,899,1,0.031135363289304163,FINITE
7211,843,6,0.031484538005865266,FINITE
7324,843,7,0.02981478712343441,FINITE
7453,843,8,0.028816981765248478,FINITE
7574,843,9,0.027930509718965046,FINITE
7701,1030,0,0.02464083564947632,FINITE
7825,1030,1,0.022408070626353284,FINITE
7914,1030,2,0.01954755558018469,FINITE
8952,1120,9,,NAN
9066,1190,0,,NAN
9133,1204,0,0.027753755463849436,FINITE
9202,1204,1,0.02493881835012563,FINITE
9272,1204,2,0.02516168022292257,FINITE
9331,1204,3,0.022734397067069447,FINITE
9399,1204,4,,NAN
9458,1204,5,,NAN
9518,1204,6,,NAN
9578,1204,7,,NAN
9637,1204,8,,NAN
9699,1204,9,,NAN
9750,1284,0,0,FINITE
9807,1298,0,0.038823237680918776,FINITE
9869,1298,1,0.03210382875099868,FINITE
9977,1318,0,0.03362836265272018,FINITE
10066,1318,1,,NAN
10212,1354,0,0.024725186524548172,FINITE
10302,1354,1,,NAN
10395,1354,2,,NAN
10480,1354,3,,NAN
10564,1354,4,,NAN
10629,1354,5,,NAN
10701,1354,6,,NAN
10757,1354,7,,NAN
10831,1354,8,,NAN
10910,1354,9,,NAN
12233,1619,5,0.029362502289157915,FINITE
12288,1619,6,0.02813189134023536,FINITE
12337,1619,7,0.027898734580836852,FINITE
12382,1619,8,0.027315696746485915,FINITE
12427,1619,9,0.029392771557786586,FINITE
12570,1690,0,,NAN
12798,1711,0,,NAN
12824,1759,0,0.033828311506623174,FINITE
12897,1759,1,0.36080742740824967,FINITE
12980,1759,2,,NAN
13004,1759,3,,NAN
13097,1759,4,,NAN
13193,1759,5,,NAN
13239,1759,6,,NAN
13278,1759,7,,NAN
13305,1759,8,,NAN
13343,1759,9,,NAN
13381,1839,0,0,FINITE
13419,1849,0,0.013496908839582128,FINITE
13463,1849,1,0.0156343274904209,FINITE
13943,1903,1,,NAN
14054,1903,2,,NAN
14103,1903,3,,NAN
14217,1903,4,,NAN
14302,1903,5,,NAN
14324,1903,6,,NAN
14358,1903,7,,NAN
14443,1903,8,,NAN
14532,1903,9,,NAN
14571,2026,0,0.02483180899729954,FINITE
14610,2026,1,0.022503557300264897,FINITE
14650,2026,2,0.023527502589810498,FINITE
14691,2026,3,0.022309137887781626,FINITE
14730,2026,4,0.020816811610796394,FINITE
14771,2026,5,0.025224997110303526,FINITE
14806,2026,6,0.026777532701402033,FINITE
14850,2026,7,0.025413900801331327,FINITE
14891,2026,8,0.025131734967886517,FINITE
14923,2026,9,0.02493896396595719,FINITE
18424,2647,1,,NAN
18464,2647,2,,NAN
18498,2647,3,,NAN
18539,2647,4,,NAN
18587,2647,5,,NAN
18617,2647,6,,NAN
18663,2647,7,,NAN
18724,2647,8,,NAN
18750,2647,9,,NAN
18773,2731,0,,NAN
18798,2738,0,0.016803125227725285,FINITE
18819,2738,1,0.025825077256953273,FINITE
18851,2738,2,0.029974344920168206,FINITE
18874,2738,3,0.03361188255819493,FINITE
18900,2738,4,0.03250890724250906,FINITE
18921,2738,5,0.029510404344522585,FINITE
18937,2738,6,0.030700762444575553,FINITE
18955,2738,7,0.02881860725742026,FINITE
18972,2738,8,0.02920979101084083,FINITE
18994,2738,9,0.028269982484685298,FINITE
19013,2766,0,0.030565991094596248,FINITE
19031,2766,1,,NAN
19056,2766,2,,NAN
19077,2766,3,,NAN
19091,2766,4,,NAN
19108,2766,5,,NAN
19128,2766,6,,NAN
19144,2766,7,,NAN
19166,2766,8,,NAN
19181,2766,9,,NAN
19195,2796,0,0.02226252453684365,FINITE
19213,2796,1,0.024913649559051895,FINITE
19240,2796,2,0.02250424400210087,FINITE
19257,2796,3,0.022941174530236093,FINITE
19279,2796,4,0.02410825734705387,FINITE
19299,2796,5,0.025595286940819976,FINITE
19329,2796,6,0.026029666351782214,FINITE
19350,2796,7,0.025752080038662462,FINITE
19366,2796,8,0.024865376272284374,FINITE
19380,2796,9,0.027040429843460962,FINITE
19489,2824,0,,NAN
19504,2848,0,0,FINITE
19520,2851,0,0,FINITE
19538,2853,0,0,FINITE
19558,2857,0,0.0020422322932905105,FINITE
19577,2860,0,0.020279965697992865,FINITE
19589,2860,1,0.020998386086024824,FINITE
19602,2860,2,0.02111054398348666,FINITE
19614,2860,3,0.02097222106233417,FINITE
483,18,5,,NAN
1312,139,4,0.0008168929173162042,FINITE
1478,201,0,0,FINITE
1860,247,0,0.0029246901339921136,FINITE
1945,247,1,0.0014623450669960568,FINITE
2046,247,2,0.0009748967113307046,FINITE
2143,199,5,0.0017018569097416532,FINITE
2286,199,6,0.001458734494064274,FINITE
2412,199,7,0.0012763926823062398,FINITE
2741,315,0,0.025746047268958593,FINITE
2900,393,0,,NAN
3034,426,0,0.021985237935959696,FINITE
3203,442,0,0,FINITE
3332,442,1,0,FINITE
3457,459,0,0,FINITE
4047,519,3,0.029728170667807263,FINITE
4140,519,4,0.028236426009452188,FINITE
4214,519,5,,NAN
4284,519,6,,NAN
4361,519,7,,NAN
4447,519,8,,NAN
4602,560,3,0.026143705335063855,FINITE
4758,560,4,0.026919036926760908,FINITE
4913,645,0,0.01926094703084434,FINITE
5051,645,1,0.02041955510222949,FINITE
5689,303,3,,NAN
6442,803,2,0.023757129481646173,FINITE
6598,803,3,0.022053289243276486,FINITE
6728,803,4,,NAN
6886,803,5,,NAN
7003,803,6,,NAN
7138,803,7,,NAN
7212,865,3,0.022053912678125155,FINITE
7319,865,4,0.024518884009994985,FINITE
7461,865,5,0.023426189923176285,FINITE
7568,865,6,0.02571246863844653,FINITE
7682,865,7,0.025044194927522426,FINITE
7784,865,8,0.024857156982844405,FINITE
7898,865,9,0.025409837599309364,FINITE
8953,1186,0,0.01912230373040231,FINITE
9010,1186,1,0.019839778014639507,FINITE
9069,1186,2,0.02348114777029557,FINITE
9119,1186,3,0.026508486601123156,FINITE
9193,1186,4,0.025269579061633008,FINITE
9258,1186,5,0.02645057675955112,FINITE
9312,1186,6,0.026904993473717324,FINITE
9372,1186,7,,NAN
9425,1186,8,,NAN
9487,1186,9,,NAN
9635,1264,0,0.7057090581001779,FINITE
9689,1264,1,0.36429270436267963,FINITE
9821,1264,2,,NAN
9979,1197,2,,NAN
10213,1289,8,,NAN
10277,1289,9,,NAN
10336,1370,0,0.02908585592456137,FINITE
10389,1370,1,0.0260494537626657,FINITE
10455,1370,2,,NAN
10524,1370,3,,NAN
10600,1370,4,,NAN
10683,1370,5,,NAN
10750,1370,6,,NAN
10821,1370,7,,NAN
10894,1370,8,,NAN
10948,1370,9,,NAN
12234,1655,0,0.044583748358844336,FINITE
12319,1655,1,,NAN
12399,1655,2,,NAN
12471,1655,3,,NAN
12532,1655,4,,NAN
12592,1655,5,,NAN
12650,1655,6,,NAN
12710,1655,7,,NAN
12756,1655,8,,NAN
12799,1655,9,,NAN
12834,1760,0,0.03200964438994042,FINITE
12871,1760,1,,NAN
12901,1760,2,,NAN
12946,1760,3,,NAN
12974,1760,4,,NAN
13014,1760,5,,NAN
13050,1760,6,,NAN
13091,1760,7,,NAN
13173,1760,8,,NAN
13265,1760,9,,NAN
13351,1828,0,,NAN
13388,1842,0,0,FINITE
13426,1852,0,0.02179426458813647,FINITE
13474,1852,1,0.030249659357562384,FINITE
13946,1853,5,,NAN
14038,1853,6,,NAN
14143,1853,7,,NAN
14239,1853,8,,NAN
14328,1853,9,,NAN
14411,1990,0,,NAN
14438,2006,0,0.023151694901211953,FINITE
14485,2006,1,,NAN
14523,2006,2,,NAN
14563,2006,3,,NAN
14600,2006,4,,NAN
14634,2006,5,,NAN
14668,2006,6,,NAN
14704,2006,7,,NAN
14734,2006,8,,NAN
14762,2006,9,,NAN
14791,2076,0,0.018601713734313713,FINITE
14823,2076,1,0.025936699686138546,FINITE
14855,2076,2,0.02486972145738765,FINITE
14887,2076,3,0.02357103476842323,FINITE
14919,2076,4,0.026230447894833798,FINITE
18425,2678,0,,NAN
18447,2681,0,,NAN
18468,2684,0,0.031179817182933795,FINITE
18495,2684,1,0.028117310177873615,FINITE
18517,2684,2,0.03086521586137352,FINITE
18534,2684,3,0.025852874995547954,FINITE
18554,2684,4,0.02724978177542551,FINITE
18572,2684,5,0.02764106990502707,FINITE
18600,2684,6,0.02708643108293198,FINITE
18619,2684,7,0.028082635624958142,FINITE
18639,2684,8,0.027807829041582965,FINITE
18661,2684,9,0.027954729064663154,FINITE
18736,2708,0,,NAN
18749,2725,0,0,FINITE
18772,2730,0,0.022201329325421366,FINITE
18793,2730,1,0.020825673736724344,FINITE
18817,2730,2,0.023373788260415262,FINITE
18834,2730,3,0.025316799689624928,FINITE
18856,2730,4,0.02397378249856273,FINITE
18878,2730,5,0.023142095487128967,FINITE
18897,2730,6,0.024132180894814892,FINITE
18923,2730,7,0.02621862603256657,FINITE
18950,2730,8,0.026946722601222307,FINITE
18989,2730,9,0.027595583001187203,FINITE
19028,2765,0,0.03649967052881537,FINITE
19060,2765,1,0.036154103668368076,FINITE
19101,2765,2,0.03100136764535163,FINITE
19141,2765,3,0.030596398075800495,FINITE
19182,2765,4,0.030889513348104674,FINITE
19223,2765,5,,NAN
19249,2765,6,,NAN
19283,2765,7,,NAN
19313,2765,8,,NAN
19328,2765,9,,NAN
19382,2817,0,0.6733459010986813,FINITE
19415,2817,1,0.6603937208427237,FINITE
19491,2817,2,0.9082245320627967,FINITE
19541,2817,3,0.9822253122675658,FINITE
19566,2817,4,0.9134720845466958,FINITE
19600,2817,5,,NAN
19632,2817,6,,NAN
19681,2817,7,,NAN
19751,2817,8,,NAN
19767,2817,9,,NAN
19777,2886,0,0.01545254759951019,FINITE
484,13,5,0,FINITE
1313,184,1,0,FINITE
1479,213,0,0.0010211211481455584,FINITE
1861,243,0,0.0010211211481455584,FINITE
1950,243,1,0.001972905641068836,FINITE
2053,243,2,0.0013152704273792241,FINITE
2144,254,3,0.002738726493925053,FINITE
2232,254,4,0.0025994276537981446,FINITE
2328,254,5,0.002506561760380206,FINITE
2742,225,4,0.4806496033264868,FINITE
2901,410,0,0.034512552502753674,FINITE
2966,410,1,0.0313672839576552,FINITE
3049,410,2,0.02842710063074215,FINITE
3216,325,3,,NAN
3394,325,4,,NAN
3536,325,5,,NAN
4048,308,7,,NAN
4252,308,8,,NAN
4485,308,9,,NAN
4608,455,9,0.0014156972748590225,FINITE
4759,632,0,,NAN
4914,546,6,,NAN
5032,546,7,,NAN
5732,698,5,,NAN
5815,698,6,,NAN
5892,698,7,,NAN
5969,698,8,,NAN
6055,698,9,,NAN
6119,801,0,0.036558923415384664,FINITE
6229,801,1,,NAN
6303,801,2,,NAN
6383,801,3,,NAN
6443,677,8,,NAN
6600,677,9,,NAN
6716,854,0,0.03583380648881023,FINITE
6863,854,1,0.02842869823032848,FINITE
6973,854,2,,NAN
7110,854,3,,NAN
7213,944,1,0.03504202645213021,FINITE
7312,944,2,0.031004244525607603,FINITE
7444,944,3,0.030468908861052184,FINITE
7567,944,4,,NAN
7696,944,5,,NAN
7796,944,6,,NAN
7904,944,7,,NAN
8954,1098,5,0.02803999672983193,FINITE
9068,1098,6,0.027235438722209338,FINITE
9173,1098,7,0.026069571035946114,FINITE
9294,1098,8,0.027207251718728995,FINITE
9422,1098,9,0.027071597283228194,FINITE
9535,1257,0,0.028385716583163082,FINITE
9646,1257,1,0.03172677344968252,FINITE
9776,1257,2,0.028222703406344963,FINITE
9886,1257,3,0.027534710823293607,FINITE
9980,1220,6,,NAN
10089,1220,7,,NAN
10214,1257,6,0.026515060481714897,FINITE
10318,1257,7,0.02672077292520806,FINITE
10408,1257,8,0.026422235089110152,FINITE
10492,1257,9,0.025896234907428012,FINITE
10565,1413,0,0.1833857728089106,FINITE
10641,1413,1,0.17677956989629565,FINITE
10720,1413,2,,NAN
10795,1413,3,,NAN
10872,1413,4,,NAN
10955,1413,5,,NAN
12235,1598,9,,NAN
12286,1676,0,0.02207847402820876,FINITE
12332,1676,1,0.02104153268900205,FINITE
12386,1676,2,0.02006147605584301,FINITE
12433,1676,3,0.02082094825533995,FINITE
12482,1676,4,0.020944276118947894,FINITE
12533,1676,5,0.02025408430374409,FINITE
12582,1676,6,0.01907143036872138,FINITE
12629,1676,7,0.019274488522546047,FINITE
12676,1676,8,0.020024360227801238,FINITE
12720,1676,9,0.020954840136997693,FINITE
12772,1734,0,0.35071845210487695,FINITE
12826,1734,1,,NAN
12872,1734,2,,NAN
12907,1734,3,,NAN
12958,1734,4,,NAN
12996,1734,5,,NAN
13036,1734,6,,NAN
13079,1734,7,,NAN
13143,1734,8,,NAN
13190,1734,9,,NAN
13234,1813,0,0.01837675718081095,FINITE
13273,1813,1,0.018610887155164596,FINITE
13304,1813,2,0.023278759772884534,FINITE
13340,1813,3,0.030218348271275074,FINITE
13375,1813,4,,NAN
13412,1813,5,,NAN
13459,1813,6,,NAN
13948,1861,8,,NAN
14051,1861,9,,NAN
14096,1936,0,0.019952261302414148,FINITE
14141,1936,1,0.02666866027996495,FINITE
14178,1936,2,,NAN
14219,1936,3,,NAN
14242,1936,4,,NAN
14273,1936,5,,NAN
14311,1936,6,,NAN
14345,1936,7,,NAN
14376,1936,8,,NAN
14406,1936,9,,NAN
14448,2004,0,,NAN
14479,2012,0,0,FINITE
14520,2017,0,0.037770637092210804,FINITE
14557,2017,1,0.03247082448982968,FINITE
14599,2017,2,0.0320548629433257,FINITE
14633,2017,3,0.03062938483702131,FINITE
14677,2017,4,0.03122376832686278,FINITE
14715,2017,5,0.029607445793424555,FINITE
14760,2017,6,0.028692671387020068,FINITE
14792,2017,7,,NAN
14835,2017,8,,NAN
14873,2017,9,,NAN
14926,2098,0,0.37836522920799476,FINITE
18426,2674,1,,NAN
18444,2674,2,,NAN
18463,2674,3,,NAN
18489,2674,4,,NAN
18514,2674,5,,NAN
18530,2674,6,,NAN
18549,2674,7,,NAN
18568,2674,8,,NAN
18593,2674,9,,NAN
18625,2700,0,,NAN
18644,2703,0,0.023949571498184732,FINITE
18665,2703,1,0.027054289046087886,FINITE
18688,2703,2,0.027468360242844977,FINITE
18708,2703,3,0.02638919390743675,FINITE
18723,2703,4,0.027385513232100755,FINITE
18740,2703,5,0.026247469743230098,FINITE
18761,2703,6,0.026651677002332414,FINITE
18780,2703,7,0.025548226900620953,FINITE
18799,2703,8,,NAN
18828,2703,9,,NAN
18847,2750,0,0.1261948982806634,FINITE
18870,2750,1,,NAN
18889,2750,2,,NAN
18910,2750,3,,NAN
18954,2750,4,,NAN
19006,2750,5,,NAN
19034,2750,6,,NAN
19068,2750,7,,NAN
19113,2750,8,,NAN
19152,2750,9,,NAN
19194,2793,0,0.021387189825791415,FINITE
19234,2793,1,0.028117109555986338,FINITE
19264,2793,2,0.026571843553816633,FINITE
19296,2793,3,0.02646937695793365,FINITE
19317,2793,4,0.02332820603648495,FINITE
19339,2793,5,0.023146082392129497,FINITE
19362,2793,6,0.023883546145484984,FINITE
19388,2793,7,0.022777912858634196,FINITE
485,102,2,,NAN
1314,102,8,,NAN
1480,80,8,,NAN
1862,212,3,0.0007311725334980284,FINITE
1998,212,4,0.0005849380267984228,FINITE
2145,235,4,0.002969657432487187,FINITE
2235,235,5,0.0024747145270726557,FINITE
2338,235,6,0.0021211838803479907,FINITE
2743,243,9,0.0016942899527118405,FINITE
2824,374,0,0.04097144112864032,FINITE
2902,361,1,0,FINITE
2986,427,0,0.01387885553522858,FINITE
3073,427,1,0.016638271817937242,FINITE
3220,303,0,1.4032607006117814,FINITE
4049,399,9,,NAN
4182,563,0,0.018376757180810728,FINITE
4350,563,1,0.019838816876770703,FINITE
4470,563,2,0.02312279346627505,FINITE
4611,563,3,0.02272355338126465,FINITE
4767,563,4,0.025276011304780445,FINITE
4915,622,4,0.02448975074703296,FINITE
5000,622,5,0.02454676045541074,FINITE
5075,622,6,0.023433051130401235,FINITE
5733,749,0,0.024336316989713502,FINITE
5849,749,1,0.03148082924181046,FINITE
5990,749,2,0.03435865670957313,FINITE
6091,749,3,0.03278524884978316,FINITE
6217,749,4,,NAN
6334,749,5,,NAN
6444,776,5,0.027119642958871357,FINITE
6522,776,6,0.028399813955282033,FINITE
6579,776,7,0.028342928312330887,FINITE
6689,776,8,,NAN
6751,776,9,,NAN
6827,873,0,0.02949977329746064,FINITE
6912,873,1,0.02540032493509566,FINITE
6983,873,2,0.023197778984109418,FINITE
7059,873,3,0.02540074533556711,FINITE
7135,873,4,0.02353248643818559,FINITE
7214,852,4,0.025001223488417778,FINITE
7313,852,5,0.023603044886998475,FINITE
7460,852,6,0.024420773730475683,FINITE
7557,852,7,0.02408277782342332,FINITE
7692,852,8,0.02477331916464665,FINITE
7793,852,9,0.023753009238379134,FINITE
7889,1052,0,0.04040994508768408,FINITE
7974,1052,1,0.03793193881150739,FINITE
8955,1158,1,0.022045176284780317,FINITE
9067,1158,2,0.022339677747374376,FINITE
9162,1158,3,0.021292708467357802,FINITE
9276,1158,4,0.022806346648097938,FINITE
9389,1158,5,0.02174215196209474,FINITE
9517,1158,6,,NAN
9618,1158,7,,NAN
9721,1158,8,,NAN
9834,1158,9,,NAN
9983,1234,5,,NAN
10095,1234,6,,NAN
10215,1290,8,,NAN
10278,1290,9,,NAN
10342,1371,0,0.025514167876267493,FINITE
10399,1371,1,,NAN
10457,1371,2,,NAN
10521,1371,3,,NAN
10602,1371,4,,NAN
10675,1371,5,,NAN
10748,1371,6,,NAN
10811,1371,7,,NAN
10880,1371,8,,NAN
10940,1371,9,,NAN
12236,1657,0,0.03424012603703215,FINITE
12295,1657,1,0.034111551500241824,FINITE
12372,1657,2,0.033739851568151465,FINITE
12457,1657,3,0.031118977425107185,FINITE
12530,1657,4,0.030313100298758715,FINITE
12590,1657,5,,NAN
12645,1657,6,,NAN
12695,1657,7,,NAN
12749,1657,8,,NAN
12789,1657,9,,NAN
13009,1755,0,1.3321587907188999,FINITE
13247,1755,1,,NAN
13954,1830,6,,NAN
14056,1830,7,,NAN
14173,1830,8,,NAN
14255,1830,9,,NAN
14295,1980,0,0.036060835784480126,FINITE
14321,1980,1,0.034736608694888545,FINITE
14355,1980,2,0.03426642858067111,FINITE
14386,1980,3,,NAN
14416,1980,4,,NAN
14461,1980,5,,NAN
14496,1980,6,,NAN
14524,1980,7,,NAN
14559,1980,8,,NAN
14596,1980,9,,NAN
14685,2036,0,0.6912970667612129,FINITE
14784,2036,1,0.6834872579760713,FINITE
14821,2036,2,0.4698661592724456,FINITE
14848,2036,3,0.36010417942696465,FINITE
14889,2036,4,0.2936412897685243,FINITE
18427,2664,4,0.026925158238944518,FINITE
18443,2664,5,0.026111713669541892,FINITE
18466,2664,6,,NAN
18491,2664,7,,NAN
18512,2664,8,,NAN
18557,2664,9,,NAN
18584,2695,0,0.03264848821400417,FINITE
18611,2695,1,0.028091064905431402,FINITE
18629,2695,2,0.026920583398593573,FINITE
18651,2695,3,0.02819284864643023,FINITE
18669,2695,4,,NAN
18696,2695,5,,NAN
18713,2695,6,,NAN
18732,2695,7,,NAN
18743,2695,8,,NAN
18764,2695,9,,NAN
18788,2735,0,0.03308276495703171,FINITE
18810,2735,1,0.028143394952812432,FINITE
18832,2735,2,,NAN
18846,2735,3,,NAN
18869,2735,4,,NAN
18891,2735,5,,NAN
18911,2735,6,,NAN
18946,2735,7,,NAN
18983,2735,8,,NAN
19025,2735,9,,NAN
19055,2774,0,0.03706116656977151,FINITE
19100,2774,1,,NAN
19138,2774,2,,NAN
19178,2774,3,,NAN
19220,2774,4,,NAN
19247,2774,5,,NAN
19278,2774,6,,NAN
19306,2774,7,,NAN
19325,2774,8,,NAN
19344,2774,9,,NAN
19398,2819,0,0.9851175289448507,FINITE
19419,2819,1,0.5095843721690425,FINITE
19452,2819,2,,NAN
19472,2819,3,,NAN
19497,2819,4,,NAN
19510,2819,5,,NAN
19534,2819,6,,NAN
21216,3210,0,0.04576357165146343,FINITE
21262,3210,1,0.03376635408645065,FINITE
21344,3210,2,0.0339075222888592,FINITE
21430,3210,3,0.035742290400980065,FINITE
21604,3210,4,,NAN
21723,3169,5,,NAN
21792,3169,6,,NAN
22009,3169,7,,NAN
22080,3169,8,,NAN
22284,3169,9,,NAN
22441,3248,9,,NAN
22520,3529,0,0.026821210466815328,FINITE
22679,3529,1,,NAN
22836,3529,2,,NAN
486,62,5,0,FINITE
1315,150,4,0.0011976107156857576,FINITE
1482,217,0,0.0020422322932905105,FINITE
1863,232,1,0.0010211161466452553,FINITE
2025,232,2,0.001021117813812023,FINITE
2146,236,4,0.0036205147871379755,FINITE
2249,236,5,0.003527651228354004,FINITE
2335,236,6,0.0037530590101197267,FINITE
2744,299,2,0.0010211211481455584,FINITE
2903,294,9,0.001327449489988599,FINITE
2969,428,0,,NAN
3058,438,0,0,FINITE
3221,435,1,0.5256375383524471,FINITE
3395,435,2,,NAN
4050,494,4,0.03609233558025805,FINITE
4138,494,5,0.03631746519445137,FINITE
4207,494,6,,NAN
4280,494,7,,NAN
4348,494,8,,NAN
4426,494,9,,NAN
4615,611,0,0.034496993054047645,FINITE
4764,611,1,0.03273844072716215,FINITE
4916,597,5,,NAN
5004,597,6,,NAN
5080,597,7,,NAN
5734,682,6,0.027932623737205457,FINITE
5833,682,7,0.02869718985620589,FINITE
5902,682,8,0.028586770747927696,FINITE
5976,682,9,0.02847070680121676,FINITE
6054,780,0,,NAN
6149,800,0,0.020088992350169633,FINITE
6213,800,1,0.016983923942699104,FINITE
6296,800,2,0.020989130185632948,FINITE
6358,800,3,0.020881160713943858,FINITE
6445,755,5,,NAN
6605,755,6,,NAN
6726,755,7,,NAN
6882,755,8,,NAN
7004,755,9,,NAN
7136,941,0,,NAN
7215,797,8,0.02461201351512271,FINITE
7327,797,9,0.024967780700128013,FINITE
7451,1006,0,,NAN
7565,1013,0,0,FINITE
7699,1029,0,0.024224905748150206,FINITE
7828,1029,1,0.023592813650769526,FINITE
7920,1029,2,0.02534884222419918,FINITE
8956,1150,6,,NAN
9020,1150,7,,NAN
9094,1150,8,,NAN
9161,1150,9,,NAN
9229,1219,0,0.0179103894417017,FINITE
9296,1219,1,0.023550452730512726,FINITE
9359,1219,2,0.025199401659379714,FINITE
9415,1219,3,0.02763747358977075,FINITE
9475,1219,4,0.031118995965489366,FINITE
9527,1219,5,,NAN
9590,1219,6,,NAN
9649,1219,7,,NAN
9711,1219,8,,NAN
9771,1219,9,,NAN
9831,1302,0,,NAN
9888,1313,0,,NAN
9984,1255,4,,NAN
10104,1255,5,,NAN
10216,1357,0,,NAN
10281,1361,0,0.0363360496431975,FINITE
10344,1361,1,0.04018478055505638,FINITE
10400,1361,2,0.04129343981671115,FINITE
10469,1361,3,0.03391621321522383,FINITE
10542,1361,4,0.03528226748720657,FINITE
10618,1361,5,0.032340740046141736,FINITE
10704,1361,6,0.03277800610925713,FINITE
10789,1361,7,,NAN
10849,1361,8,,NAN
10911,1361,9,,NAN
12237,1600,7,,NAN
12306,1600,8,,NAN
12384,1600,9,,NAN
12478,1686,0,0.021716806474056567,FINITE
12547,1686,1,0.019909084631790745,FINITE
12603,1686,2,,NAN
12664,1686,3,,NAN
12716,1686,4,,NAN
12760,1686,5,,NAN
12801,1686,6,,NAN
12839,1686,7,,NAN
12878,1686,8,,NAN
12916,1686,9,,NAN
12954,1787,0,0,FINITE
13016,1792,0,,NAN
13055,1800,0,0.023342668249035296,FINITE
13095,1800,1,,NAN
13139,1800,2,,NAN
13170,1800,3,,NAN
13211,1800,4,,NAN
13255,1800,5,,NAN
13296,1800,6,,NAN
13329,1800,7,,NAN
13372,1800,8,,NAN
13408,1800,9,,NAN
13453,1858,0,0.03130950504854181,FINITE
13960,1706,5,,NAN
14241,1706,6,,NAN
14463,1706,7,,NAN
14722,1706,8,,NAN
18428,2662,2,0.028272599572487563,FINITE
18471,2662,3,,NAN
18500,2662,4,,NAN
18542,2662,5,,NAN
18588,2662,6,,NAN
18615,2662,7,,NAN
18658,2662,8,,NAN
18692,2662,9,,NAN
21217,3233,0,,NAN
21243,3278,0,0,FINITE
21633,3293,0,1.0791736525461777,FINITE
21724,3395,2,0.03891150144491124,FINITE
21805,3395,3,0.039309421378666685,FINITE
21889,3395,4,,NAN
21979,3395,5,,NAN
22062,3395,6,,NAN
22143,3395,7,,NAN
22231,3395,8,,NAN
22304,3395,9,,NAN
22442,3147,9,,NAN
22510,3530,0,,NAN
22576,3551,0,0.049600584204248885,FINITE
22680,3551,1,0.372515300855897,FINITE
22755,3551,2,0.25675879274414354,FINITE
22818,3551,3,,NAN
22885,3551,4,,NAN
22926,3551,5,,NAN
22990,3551,6,,NAN
23059,3551,7,,NAN
23112,3551,8,,NAN
23173,3551,9,,NAN
23236,3666,0,0.020504922251495507,FINITE
23283,3666,1,0.024116704017227694,FINITE
23339,3666,2,0.023951120961458284,FINITE
23389,3666,3,,NAN
23440,3666,4,,NAN
23487,3666,5,,NAN
23549,3666,6,,NAN
23609,3666,7,,NAN
23668,3666,8,,NAN
23690,3520,8,,NAN
23732,3702,5,0.024909099862729114,FINITE
23777,3702,6,,NAN
23812,3702,7,,NAN
23858,3702,8,,NAN
23901,3702,9,,NAN
23983,3792,0,0.7072256652502116,FINITE
24090,3792,1,0.7185803913577162,FINITE
24181,3792,2,0.718119545242196,FINITE
24300,3792,3,0.7139683305221629,FINITE
24302,3850,1,0.28174703966190107,FINITE
24390,3792,4,0.7243427635754546,FINITE
24393,3850,2,,NAN
24466,3792,5,0.7207157970863141,FINITE
24681,3792,6,0.8223688371784673,FINITE
487,19,5,,NAN
1316,154,4,0.0014295616048031548,FINITE
1483,218,0,0,FINITE
1864,253,0,0,FINITE
1941,253,1,0.0005105605740727792,FINITE
2028,253,2,0.002042208949619874,FINITE
2147,233,3,0.0012417381093212882,FINITE
2271,233,4,0.0009933904874570305,FINITE
2405,233,5,0.0009980122642384518,FINITE
2745,313,0,,NAN
2904,224,7,0.2255083310295376,FINITE
3030,224,8,0.2004518498040334,FINITE
3229,329,3,,NAN
3347,329,4,,NAN
3468,329,5,,NAN
4051,462,4,0.001986758966711533,FINITE
4192,462,5,0.002336369900688888,FINITE
4368,462,6,0.0024402218340810675,FINITE
4617,573,2,,NAN
4771,573,3,,NAN
4917,532,7,,NAN
5057,532,8,,NAN
5735,715,2,0.024899300448684925,FINITE
5853,715,3,,NAN
5995,715,4,,NAN
6110,715,5,,NAN
6271,715,6,,NAN
6387,715,7,,NAN
6446,753,5,,NAN
6603,753,6,,NAN
6706,753,7,,NAN
6846,753,8,,NAN
6954,753,9,,NAN
7086,928,0,0.02885397653187049,FINITE
7216,873,5,,NAN
7295,873,6,,NAN
7370,873,7,,NAN
7445,873,8,,NAN
7523,873,9,,NAN
7599,1020,0,0.018515400481252876,FINITE
7673,1020,1,0.03521376885682118,FINITE
7772,1020,2,,NAN
7845,1020,3,,NAN
7939,1020,4,,NAN
8957,1157,1,0.026417538702771536,FINITE
9073,1157,2,,NAN
9167,1157,3,,NAN
9275,1157,4,,NAN
9407,1157,5,,NAN
9522,1157,6,,NAN
9624,1157,7,,NAN
9737,1157,8,,NAN
9856,1157,9,,NAN
9987,1182,9,,NAN
10090,1343,0,0.01652583862684133,FINITE
10217,1322,2,,NAN
10308,1322,3,,NAN
10387,1322,4,,NAN
10472,1322,5,,NAN
10559,1322,6,,NAN
10638,1322,7,,NAN
10706,1322,8,,NAN
10773,1322,9,,NAN
10847,1460,0,0,FINITE
12238,1659,0,0.0481434743107458,FINITE
12294,1659,1,0.032265334818572494,FINITE
12341,1659,2,0.03183454506607788,FINITE
12394,1659,3,0.03131844306434758,FINITE
12436,1659,4,0.030229331371742642,FINITE
12487,1659,5,0.027665693893594797,FINITE
12543,1659,6,0.02653163830149715,FINITE
12589,1659,7,0.024763884083246153,FINITE
12636,1659,8,0.023578456642227248,FINITE
12685,1659,9,,NAN
12786,1722,0,0.7338507448926501,FINITE
12854,1722,1,0.7355699764597345,FINITE
12927,1722,2,,NAN
13070,1722,3,,NAN
13153,1722,4,,NAN
13248,1722,5,,NAN
13328,1722,6,,NAN
13452,1722,7,,NAN
13978,1822,8,,NAN
14023,1822,9,,NAN
14068,1932,0,0.03308276495703171,FINITE
14102,1932,1,0.03399002577421378,FINITE
14145,1932,2,0.03531318637527487,FINITE
14189,1932,3,0.030858504666550053,FINITE
14229,1932,4,,NAN
14256,1932,5,,NAN
14293,1932,6,,NAN
14325,1932,7,,NAN
14361,1932,8,,NAN
14392,1932,9,,NAN
14428,2002,0,,NAN
14470,2010,0,0.0020422322932905105,FINITE
14511,2016,0,,NAN
14546,2022,0,0.019813618001972004,FINITE
14580,2022,1,0.02338574466704146,FINITE
14619,2022,2,,NAN
14658,2022,3,,NAN
14700,2022,4,,NAN
14736,2022,5,,NAN
14775,2022,6,,NAN
14807,2022,7,,NAN
14863,2022,8,,NAN
14903,2022,9,,NAN
14937,2106,0,,NAN
18429,2645,7,,NAN
18448,2645,8,,NAN
18474,2645,9,,NAN
18502,2687,0,0.034458159751346806,FINITE
18521,2687,1,0.027577027675332884,FINITE
18540,2687,2,0.025871492024840254,FINITE
18562,2687,3,0.025632658986723015,FINITE
18581,2687,4,0.03032615353647124,FINITE
18610,2687,5,0.029378600555305417,FINITE
18628,2687,6,,NAN
18648,2687,7,,NAN
18668,2687,8,,NAN
18693,2687,9,,NAN
18763,2715,0,0.8553068930934099,FINITE
18862,2715,1,0.9131760752543978,FINITE
18901,2715,2,0.7533384094230152,FINITE
19033,2715,3,0.7724869821316749,FINITE
19191,2715,4,,NAN
21218,3219,0,,NAN
21236,3279,0,0,FINITE
21321,3287,0,0.002924690133992113,FINITE
21416,3334,0,0,FINITE
21502,3378,0,0,FINITE
21591,3405,0,0.022599064024297136,FINITE
21725,3196,4,,NAN
21820,3196,5,,NAN
21894,3196,6,,NAN
22091,3196,7,,NAN
22273,3196,8,,NAN
22443,3428,8,0.024039855379424505,FINITE
22517,3428,9,0.024373249964825743,FINITE
22581,3554,0,,NAN
22698,3570,0,,NAN
22768,3590,0,0.020643565551937547,FINITE
22843,3590,1,0.01821286489985644,FINITE
22922,3590,2,0.01647407920145046,FINITE
23004,3590,3,0.020295413939974763,FINITE
23088,3651,0,0.013462925633902481,FINITE
23150,3659,0,,NAN
23332,3663,0,,NAN
23412,3684,0,0.04918909112027761,FINITE
23479,3684,1,0.041974903576699016,FINITE
23563,3684,2,,NAN
23647,3684,3,,NAN
23733,3719,2,,NAN
23794,3719,3,,NAN
23852,3719,4,,NAN
23909,3719,5,,NAN
23967,3719,6,,NAN
24027,3719,7,,NAN
24102,3719,8,,NAN
24164,3719,9,,NAN
24212,3855,0,0.0029246901339921136,FINITE
24279,3864,0,,NAN
488,12,5,0,FINITE
1317,113,9,0.0015921868420989888,FINITE
1485,176,3,0.0017869495052537918,FINITE
1865,250,0,0,FINITE
1944,250,1,0.0005105605740727792,FINITE
2148,247,3,0.0014970058921065649,FINITE
2256,247,4,0.0011976047136852519,FINITE
2343,247,5,0.0009980039280710433,FINITE
2746,283,9,,NAN
2839,376,0,0.02955411587326865,FINITE
2905,397,0,0.03465811864238382,FINITE
3038,397,1,0.03196747395738432,FINITE
3240,338,3,,NAN
3378,338,4,,NAN
3521,338,5,,NAN
4052,518,3,0.021655649823347917,FINITE
4142,518,4,0.020480952708233403,FINITE
4217,518,5,,NAN
4285,518,6,,NAN
4358,518,7,,NAN
4439,518,8,,NAN
4618,546,4,,NAN
4769,546,5,,NAN
4918,610,2,0.03426617263335347,FINITE
5065,610,3,0.03332127964519601,FINITE
5736,577,9,,NAN
5865,760,0,,NAN
6009,767,0,0.016007120801278325,FINITE
6134,767,1,0.019329257436478328,FINITE
6286,767,2,0.02194711425285678,FINITE
6447,716,7,,NAN
6604,716,8,,NAN
6727,716,9,,NAN
6885,868,0,0.027373801233436912,FINITE
6998,868,1,0.023359579643350812,FINITE
7129,868,2,0.02269078863560446,FINITE
7217,875,5,,NAN
7304,875,6,,NAN
7380,875,7,,NAN
7456,875,8,,NAN
7530,875,9,,NAN
7603,1021,0,0.022953798714200727,FINITE
7688,1021,1,,NAN
7777,1021,2,,NAN
7863,1021,3,,NAN
7949,1021,4,,NAN
8958,1139,7,0.025766513825304697,FINITE
9032,1139,8,,NAN
9095,1139,9,,NAN
9165,1211,0,0.011231782299397577,FINITE
9236,1211,1,,NAN
9300,1211,2,,NAN
9362,1211,3,,NAN
9419,1211,4,,NAN
9481,1211,5,,NAN
9538,1211,6,,NAN
9589,1211,7,,NAN
9647,1211,8,,NAN
9703,1211,9,,NAN
9755,1285,0,,NAN
9808,1299,0,0.02518652363406725,FINITE
9868,1299,1,0.017533834106056002,FINITE
9993,1322,0,0.029467802620208042,FINITE
10113,1322,1,0.03222673760341566,FINITE
10218,1345,3,,NAN
10279,1345,4,,NAN
10350,1345,5,,NAN
10409,1345,6,,NAN
10476,1345,7,,NAN
10548,1345,8,,NAN
10625,1345,9,,NAN
10700,1434,0,,NAN
10779,1447,0,0,FINITE
10846,1461,0,0.02204642312232205,FINITE
10905,1461,1,,NAN
10947,1461,2,,NAN
12239,1656,0,0.025800349722404903,FINITE
12320,1656,1,0.02872319712920015,FINITE
12400,1656,2,0.030279458785034685,FINITE
12480,1656,3,0.02707012646202456,FINITE
12546,1656,4,0.02768110584728197,FINITE
12601,1656,5,0.027502572846425644,FINITE
12652,1656,6,0.02807954593139814,FINITE
12713,1656,7,,NAN
12758,1656,8,,NAN
12800,1656,9,,NAN
12848,1761,0,,NAN
12886,1774,0,0.03617697671973822,FINITE
12924,1774,1,0.03381602395395519,FINITE
12962,1774,2,,NAN
13006,1774,3,,NAN
13044,1774,4,,NAN
13082,1774,5,,NAN
13117,1774,6,,NAN
13150,1774,7,,NAN
13191,1774,8,,NAN
13228,1774,9,,NAN
13283,1816,0,0.015591190899952007,FINITE
13312,1816,1,0.024725716472681476,FINITE
13356,1816,2,0.025037713122441834,FINITE
13393,1816,3,0.024358729197684614,FINITE
13440,1816,4,0.025341946706939244,FINITE
13482,1816,5,0.024351236939223687,FINITE
13980,1821,7,,NAN
14074,1821,8,,NAN
14116,1821,9,,NAN
14154,1948,0,0,FINITE
14193,1961,0,0.022071551189020423,FINITE
14222,1961,1,0.03269220667101494,FINITE
14259,1961,2,0.03168941238270858,FINITE
14296,1961,3,0.02745735759948009,FINITE
14332,1961,4,0.025789966379536483,FINITE
14365,1961,5,0.026751593863436146,FINITE
14402,1961,6,0.02436881158664071,FINITE
14439,1961,7,0.02404785856672621,FINITE
14486,1961,8,,NAN
14519,1961,9,,NAN
14558,2023,0,0.04046919797425348,FINITE
14590,2023,1,,NAN
14627,2023,2,,NAN
14665,2023,3,,NAN
14698,2023,4,,NAN
14731,2023,5,,NAN
14763,2023,6,,NAN
14793,2023,7,,NAN
14831,2023,8,,NAN
14870,2023,9,,NAN
14897,2096,0,0.01763310284081752,FINITE
14929,2096,1,0.020487885544926407,FINITE
18430,2614,6,0.026659245488214262,FINITE
18470,2614,7,0.029415801670980384,FINITE
18497,2614,8,0.029338741048717736,FINITE
18543,2614,9,0.02858178059598976,FINITE
18591,2694,0,,NAN
18622,2698,0,0.015538860852571033,FINITE
18664,2698,1,,NAN
18790,2709,0,,NAN
18815,2744,0,0.039173314075695694,FINITE
18837,2744,1,0.04539837035234384,FINITE
18865,2744,2,,NAN
18885,2744,3,,NAN
18917,2744,4,,NAN
18942,2744,5,,NAN
18960,2744,6,,NAN
18977,2744,7,,NAN
18997,2744,8,,NAN
19014,2744,9,,NAN
19038,2771,0,0.030988843835110465,FINITE
19061,2771,1,0.02001996533793883,FINITE
19080,2771,2,0.048000402957868504,FINITE
19093,2771,3,0.042484557372596835,FINITE
19107,2771,4,0.0400180626490381,FINITE
19129,2771,5,0.060518932132108384,FINITE
19146,2771,6,0.05663132309089907,FINITE
19165,2771,7,0.054249865672585135,FINITE
19183,2771,8,0.049681564053973525,FINITE
19201,2771,9,0.06725030597009105,FINITE
19218,2800,0,0,FINITE
489,34,5,0,FINITE
1318,94,9,0,FINITE
1486,215,0,0.0010211211481455584,FINITE
1866,248,0,0,FINITE
1960,248,1,0.0005105605740727792,FINITE
2034,248,2,0.001021117813812023,FINITE
2149,257,3,0.0005105580733226276,FINITE
2237,257,4,0.0004084464586581021,FINITE
2333,257,5,0.0005105589069060115,FINITE
2747,307,0,0.7052997161519099,FINITE
2906,394,0,0.024502192349034273,FINITE
3024,394,1,0.025401406409880558,FINITE
3253,105,5,,NAN
4053,432,8,,NAN
4189,432,9,,NAN
4355,575,0,0.029690746645283962,FINITE
4482,575,1,0.02083312670193454,FINITE
4619,532,5,,NAN
4787,532,6,,NAN
4919,573,4,,NAN
5063,573,5,,NAN
5737,739,2,0.026606101130000906,FINITE
5829,739,3,0.025535020203353947,FINITE
5908,739,4,0.02472638614679392,FINITE
6000,739,5,0.024596591646872622,FINITE
6089,739,6,0.026296732512654113,FINITE
6179,739,7,0.027358978353422384,FINITE
6267,739,8,0.02738162321593393,FINITE
6360,739,9,0.02757434088930429,FINITE
6448,801,4,,NAN
6523,801,5,,NAN
6599,801,6,,NAN
6696,801,7,,NAN
6772,801,8,,NAN
6842,801,9,,NAN
6934,893,0,0.02510713322019452,FINITE
7012,893,1,0.02364513367158283,FINITE
7082,893,2,0.021099129381481327,FINITE
7218,968,0,0,FINITE
7547,991,0,,NAN
7679,1025,0,0.02654392386593104,FINITE
7804,1025,1,0.027521612939685976,FINITE
7899,1025,2,0.02747234237093629,FINITE
7988,1025,3,0.03161885895385245,FINITE
8959,1151,6,,NAN
9029,1151,7,,NAN
9104,1151,8,,NAN
9172,1151,9,,NAN
9239,1221,0,0.031041173882491762,FINITE
9302,1221,1,0.025330953141976996,FINITE
9363,1221,2,,NAN
9420,1221,3,,NAN
9482,1221,4,,NAN
9533,1221,5,,NAN
9597,1221,6,,NAN
9655,1221,7,,NAN
9707,1221,8,,NAN
9768,1221,9,,NAN
9824,1301,0,0.007839072396832169,FINITE
9881,1301,1,0.018073700531224923,FINITE
9999,1247,3,,NAN
10135,1247,4,,NAN
10219,1303,7,,NAN
10280,1303,8,,NAN
10340,1303,9,,NAN
10405,1384,0,0.003063333434434146,FINITE
10458,1384,1,0.002552782863862328,FINITE
10532,1384,2,0.0017018552425748853,FINITE
10610,1384,3,0.001276391431931164,FINITE
10678,1384,4,0.0010211131455449313,FINITE
10760,1384,5,0.0008509276212874426,FINITE
10824,1384,6,0.0007293665325320937,FINITE
10886,1384,7,0.000638195715965582,FINITE
10941,1384,8,0.0006807429862078015,FINITE
12240,1658,0,0.024665933637978865,FINITE
12293,1658,1,0.025051341753219433,FINITE
12336,1658,2,0.02489706303617799,FINITE
12388,1658,3,0.02506664556935892,FINITE
12435,1658,4,,NAN
12489,1658,5,,NAN
12542,1658,6,,NAN
12593,1658,7,,NAN
12638,1658,8,,NAN
12691,1658,9,,NAN
12885,1724,0,1.342537264591798,FINITE
13087,1724,1,,NAN
13314,1724,2,,NAN
13987,1755,4,,NAN
14210,1755,5,,NAN
14436,1755,6,,NAN
14678,1755,7,,NAN
14899,1755,8,,NAN
18431,2675,0,0.033912572092792234,FINITE
18472,2675,1,0.03553919937866317,FINITE
18505,2675,2,,NAN
18547,2675,3,,NAN
18585,2675,4,,NAN
18613,2675,5,,NAN
18652,2675,6,,NAN
18686,2675,7,,NAN
18712,2675,8,,NAN
18737,2675,9,,NAN
18755,2726,0,0,FINITE
18776,2732,0,0.026266637265047084,FINITE
18800,2732,1,0.022156888898796332,FINITE
18821,2732,2,0.02275444976525906,FINITE
18854,2732,3,0.025466162895501486,FINITE
18876,2732,4,0.0252351741166434,FINITE
18894,2732,5,,NAN
18918,2732,6,,NAN
18938,2732,7,,NAN
18957,2732,8,,NAN
18976,2732,9,,NAN
18996,2764,0,,NAN
19017,2768,0,0.03842565462129422,FINITE
19040,2768,1,0.032043680521628495,FINITE
19062,2768,2,0.029870141388259237,FINITE
19081,2768,3,0.026590304836280425,FINITE
19094,2768,4,,NAN
19110,2768,5,,NAN
19131,2768,6,,NAN
19145,2768,7,,NAN
19163,2768,8,,NAN
19179,2768,9,,NAN
19193,2795,0,0.01884501712951813,FINITE
19212,2795,1,,NAN
19235,2795,2,,NAN
19256,2795,3,,NAN
19276,2808,0,0.021716806474056785,FINITE
19331,2808,1,,NAN
19363,2808,2,,NAN
19401,2808,3,,NAN
19437,2808,4,,NAN
19453,2808,5,,NAN
19482,2808,6,,NAN
19526,2808,7,,NAN
19562,2808,8,,NAN
19590,2808,9,,NAN
19604,2865,0,0.01953633140108816,FINITE
19618,2865,1,0.01912135261508213,FINITE
19634,2865,2,0.021777432341176326,FINITE
19651,2865,3,0.024091637016708186,FINITE
19660,2865,4,0.02281039619100627,FINITE
19672,2865,5,0.024361047573289007,FINITE
19690,2865,6,0.02461346848633417,FINITE
19702,2865,7,0.02473116916568432,FINITE
19715,2865,8,0.024754730396037476,FINITE
19729,2865,9,0.02488342542758816,FINITE
19745,2876,0,0,FINITE
19768,2879,0,0.026621331844657425,FINITE
19798,2879,1,0.028709601165972383,FINITE
19826,2879,2,0.028835019418835414,FINITE
19847,2879,3,0.02570998088388106,FINITE
19869,2879,4,0.02582771231422088,FINITE
19892,2879,5,0.024361107225388742,FINITE
19916,2879,6,,NAN
490,43,5,0.0019959928486387286,FINITE
1319,149,4,0.001429563605603418,FINITE
1488,221,0,0.0010211211481455584,FINITE
1867,249,0,0.0020422322932905105,FINITE
1954,249,1,0.0015316767207180343,FINITE
2048,249,2,0.001021117813812023,FINITE
2151,232,3,0.0022974825663210803,FINITE
2305,232,4,0.0022464325117149664,FINITE
2748,259,9,0.001429560604503094,FINITE
2907,325,1,,NAN
3069,325,2,,NAN
3291,448,0,0,FINITE
3416,448,1,0,FINITE
3537,461,0,0.0019035889928484776,FINITE
4054,523,3,,NAN
4127,523,4,,NAN
4194,523,5,,NAN
4272,523,6,,NAN
4343,523,7,,NAN
4406,523,8,,NAN
4471,523,9,,NAN
4620,610,0,0.0203662789510537,FINITE
4776,610,1,0.037038130914721926,FINITE
4920,580,7,,NAN
5006,580,8,,NAN
5086,580,9,,NAN
5738,727,1,0.030923066390980865,FINITE
5846,727,2,,NAN
6008,727,3,,NAN
6125,727,4,,NAN
6257,727,5,,NAN
6372,727,6,,NAN
6449,762,4,,NAN
6594,762,5,,NAN
6710,762,6,,NAN
6862,762,7,,NAN
6981,762,8,,NAN
7115,762,9,,NAN
7219,871,5,,NAN
7301,871,6,,NAN
7378,871,7,,NAN
7459,871,8,,NAN
7538,871,9,,NAN
7616,1023,0,0.021853517474705774,FINITE
7694,1023,1,,NAN
7779,1023,2,,NAN
7850,1023,3,,NAN
7945,1023,4,,NAN
8960,1043,9,,NAN
9168,1193,0,0.5214826388165014,FINITE
9340,1193,1,0.4756779160690512,FINITE
10002,1257,4,0.030144282977396096,FINITE
10111,1257,5,0.027231384340558936,FINITE
10220,1277,9,,NAN
10311,1362,0,0.03225294778514482,FINITE
10373,1362,1,0.031483263790452055,FINITE
10432,1362,2,,NAN
10488,1362,3,,NAN
10549,1362,4,,NAN
10627,1362,5,,NAN
10679,1362,6,,NAN
10762,1362,7,,NAN
10832,1362,8,,NAN
10887,1362,9,,NAN
12241,1626,4,0.02410941985236373,FINITE
12287,1626,5,0.02529654108202224,FINITE
12340,1626,6,0.02589991130853179,FINITE
12398,1626,7,0.026738007579389468,FINITE
12444,1626,8,0.026278124962156986,FINITE
12498,1626,9,,NAN
12550,1703,0,,NAN
12808,1706,0,1.242659342853093,FINITE
12981,1706,1,,NAN
13221,1706,2,,NAN
13457,1706,3,,NAN
13996,1707,7,,NAN
14184,1707,8,,NAN
14334,1707,9,,NAN
14388,1992,0,0.3854464231010528,FINITE
14441,1992,1,0.38178988645820466,FINITE
14505,1992,2,,NAN
14545,1992,3,,NAN
14586,1992,4,,NAN
14636,1992,5,,NAN
14679,1992,6,,NAN
14719,1992,7,,NAN
14766,1992,8,,NAN
14795,1992,9,,NAN
14833,2080,0,0.024502192349034058,FINITE
14865,2080,1,0.02584251011732387,FINITE
14890,2080,2,0.023077269940801514,FINITE
14921,2080,3,,NAN
18432,2679,0,,NAN
18492,2682,0,,NAN
18516,2689,0,0.02543674986845978,FINITE
18533,2689,1,0.023783776972024863,FINITE
18553,2689,2,0.02543895679371928,FINITE
18577,2689,3,,NAN
18604,2689,4,,NAN
18623,2689,5,,NAN
18645,2689,6,,NAN
18667,2689,7,,NAN
18690,2689,8,,NAN
18710,2689,9,,NAN
18785,2717,0,,NAN
18808,2743,0,0.02718282788561368,FINITE
18833,2743,1,,NAN
18855,2743,2,,NAN
18877,2743,3,,NAN
18899,2743,4,,NAN
18928,2743,5,,NAN
18963,2743,6,,NAN
19003,2743,7,,NAN
19037,2743,8,,NAN
19067,2743,9,,NAN
19119,2784,0,0.15939161366100296,FINITE
19159,2784,1,,NAN
19209,2784,2,,NAN
19242,2784,3,,NAN
19277,2784,4,,NAN
19308,2784,5,,NAN
19326,2784,6,,NAN
19348,2784,7,,NAN
19372,2784,8,,NAN
19395,2784,9,,NAN
19414,2827,0,,NAN
19430,2829,0,0.026214307217665996,FINITE
19443,2829,1,0.028143500279298263,FINITE
19455,2829,2,,NAN
19466,2829,3,,NAN
19481,2829,4,,NAN
19498,2829,5,,NAN
19516,2829,6,,NAN
19532,2829,7,,NAN
19548,2829,8,,NAN
19564,2829,9,,NAN
19581,2861,0,0.029638416597902666,FINITE
19598,2861,1,0.02131746220127058,FINITE
19621,2861,2,,NAN
19640,2861,3,,NAN
19658,2861,4,,NAN
19679,2861,5,,NAN
19700,2861,6,,NAN
19724,2861,7,,NAN
19738,2861,8,,NAN
19757,2861,9,,NAN
19771,2883,0,,NAN
19786,2887,0,0.013687882187405465,FINITE
19799,2890,0,0.0020422322932905105,FINITE
19811,2895,0,,NAN
19830,2901,0,0.01578216424777545,FINITE
19845,2901,1,,NAN
19864,2907,0,,NAN
19889,2908,0,0.5976799071550303,FINITE
19906,2908,1,0.5740318734132049,FINITE
19923,2908,2,0.39285079002288875,FINITE
19944,2908,3,0.43343415170849886,FINITE
19968,2908,4,0.46366804130262995,FINITE
19979,2908,5,0.39044190425239345,FINITE
20011,2908,6,,NAN
20032,2908,7,,NAN
20055,2908,8,,NAN
20078,2908,9,,NAN
20096,2941,0,0.033912572092792345,FINITE
20114,2941,1,0.03409760232213718,FINITE
20130,2941,2,0.03462400699698037,FINITE
492,46,5,0,FINITE
1320,108,9,,NAN
1489,220,0,0.0020422322932905105,FINITE
1868,246,0,0.0010211211481455584,FINITE
1956,246,1,0.0020422272912898522,FINITE
2050,246,2,0.0023825960056712836,FINITE
2152,211,5,0.001508566169477375,FINITE
2282,211,6,0.001876545941062845,FINITE
2417,211,7,0.0017696178419481842,FINITE
2749,282,9,,NAN
2842,377,0,,NAN
2908,335,1,0.003945781270133631,FINITE
3045,335,2,0.0029708945628042736,FINITE
3299,225,7,,NAN
3427,225,8,,NAN
4055,510,4,,NAN
4120,510,5,,NAN
4191,510,6,,NAN
4260,510,7,,NAN
4320,510,8,,NAN
4392,510,9,,NAN
4464,588,0,0.020002679097108574,FINITE
4628,575,2,0.022782279378365272,FINITE
4786,575,3,0.025402900233467772,FINITE
4921,563,5,0.02592242946818658,FINITE
5059,563,6,0.024977993093814953,FINITE
5739,700,2,0.027664754831954668,FINITE
5858,700,3,,NAN
6013,700,4,,NAN
6130,700,5,,NAN
6279,700,6,,NAN
6450,800,4,,NAN
6529,800,5,,NAN
6592,800,6,,NAN
6670,800,7,,NAN
6739,800,8,,NAN
6826,800,9,,NAN
6890,888,0,,NAN
6955,910,0,0,FINITE
7026,927,0,0.04160805155390683,FINITE
7101,927,1,0.04115110304083154,FINITE
7220,858,4,0.028466104207080328,FINITE
7320,858,5,0.03033850428786095,FINITE
7443,858,6,0.030087805499620018,FINITE
7554,858,7,0.030802636565493167,FINITE
7693,858,8,0.02887018756782964,FINITE
7794,858,9,0.03007757265660358,FINITE
7891,1051,0,,NAN
7970,1066,0,0.011975506758585117,FINITE
8961,1117,9,,NAN
10005,1326,0,0,FINITE
10121,1347,0,0.034958330163567045,FINITE
10221,1330,4,,NAN
10286,1330,5,,NAN
10353,1330,6,,NAN
10419,1330,7,,NAN
10494,1330,8,,NAN
10584,1330,9,,NAN
10781,1428,0,0.6155751805166292,FINITE
10934,1428,1,,NAN
12242,1631,4,0.028539566943001193,FINITE
12284,1631,5,0.028560139649842203,FINITE
12331,1631,6,,NAN
12385,1631,7,,NAN
12430,1631,8,,NAN
12483,1631,9,,NAN
12537,1700,0,0.025800349722404907,FINITE
12653,1700,1,,NAN
12743,1700,2,,NAN
12823,1700,3,,NAN
12893,1700,4,,NAN
12988,1700,5,,NAN
13081,1700,6,,NAN
13176,1700,7,,NAN
13282,1700,8,,NAN
13360,1700,9,,NAN
13396,1843,0,0,FINITE
13441,1854,0,0.0366975667158266,FINITE
13473,1854,1,0.03407631895199939,FINITE
14049,1746,6,,NAN
14247,1746,7,,NAN
14437,1746,8,,NAN
14631,1746,9,,NAN
14709,2041,0,,NAN
14740,2060,0,0.03984607083139431,FINITE
14829,2060,1,,NAN
14864,2060,2,,NAN
18433,2646,2,,NAN
18475,2646,3,,NAN
18507,2646,4,,NAN
18599,2646,5,,NAN
18637,2646,6,,NAN
18679,2646,7,,NAN
18707,2646,8,,NAN
18735,2646,9,,NAN
18759,2724,0,0,FINITE
18781,2734,0,0,FINITE
18807,2742,0,0.0304362931948751,FINITE
18825,2742,1,,NAN
18852,2742,2,,NAN
18882,2742,3,,NAN
18907,2742,4,,NAN
18930,2742,5,,NAN
18949,2742,6,,NAN
18968,2742,7,,NAN
18984,2742,8,,NAN
19001,2742,9,,NAN
19022,2770,0,0.04303773868293148,FINITE
19044,2770,1,0.027480457697067702,FINITE
19064,2770,2,0.028621148658728376,FINITE
19082,2770,3,0.026652917905721267,FINITE
19098,2770,4,0.028004810645636407,FINITE
19117,2770,5,0.027637400491764472,FINITE
19134,2770,6,0.028730335680345626,FINITE
19150,2770,7,,NAN
19167,2770,8,,NAN
19184,2770,9,,NAN
19203,2797,0,0.02246042072385499,FINITE
19227,2797,1,0.02246042072385499,FINITE
19248,2797,2,0.02123784284328231,FINITE
19265,2797,3,0.022577445610789816,FINITE
19287,2797,4,0.024965851557020188,FINITE
19309,2797,5,0.025514209400556237,FINITE
19342,2797,6,0.02692639802130289,FINITE
19354,2797,7,0.02578206653629749,FINITE
19371,2797,8,0.02533597072355834,FINITE
19385,2797,9,0.02743824994224945,FINITE
19432,2825,0,0.6453839765730474,FINITE
19468,2825,1,,NAN
19578,2825,2,,NAN
19610,2825,3,,NAN
19709,2825,4,,NAN
19748,2825,5,,NAN
19928,2825,6,,NAN
21219,3198,0,0.1665444228903965,FINITE
21264,3198,1,,NAN
21358,3198,2,,NAN
21448,3198,3,,NAN
21527,3198,4,,NAN
21611,3198,5,,NAN
21726,3390,2,,NAN
21819,3390,3,,NAN
21884,3390,4,,NAN
21971,3390,5,,NAN
22058,3390,6,,NAN
22141,3390,7,,NAN
22215,3390,8,,NAN
22290,3390,9,,NAN
22379,3476,0,0.028585615266501864,FINITE
22444,3200,7,,NAN
22612,3200,8,,NAN
22674,3200,9,,NAN
22827,3588,0,0.5401753493180185,FINITE
23008,3588,1,,NAN
23191,3588,2,,NAN
23362,3588,3,,NAN
23526,3588,4,,NAN
23734,3723,2,0.032050682347706326,FINITE
23825,3723,3,0.032591725849815366,FINITE
23911,3723,4,0.03346654821106236,FINITE
23974,3723,5,,NAN
24041,3723,6,,NAN
493,17,5,0,FINITE
1321,75,9,,NAN
1492,20,2,,NAN
1869,251,0,0.0020422322932905105,FINITE
1952,251,1,0.0010211161466452553,FINITE
2044,251,2,0.001021117813812023,FINITE
2153,201,5,0.0006807440977635035,FINITE
2272,201,6,0.0005834949409401458,FINITE
2387,201,7,0.0006381982168408224,FINITE
2750,223,7,,NAN
2909,374,1,,NAN
3006,374,2,,NAN
3084,374,3,,NAN
3315,304,0,1.4270560358215985,FINITE
4056,535,1,0.028627740550078773,FINITE
4196,535,2,0.030028655718635056,FINITE
4362,535,3,0.03153107514380028,FINITE
4634,562,3,0.022894971459556712,FINITE
4797,562,4,0.02504344479940538,FINITE
4922,606,5,0.024140842274149654,FINITE
5013,606,6,0.02465725736771161,FINITE
5083,606,7,0.024410772356417407,FINITE
5740,706,5,,NAN
5841,706,6,,NAN
5916,706,7,,NAN
5992,706,8,,NAN
6045,706,9,,NAN
6124,795,0,0.030790947648099122,FINITE
6191,795,1,0.03901144452512933,FINITE
6272,795,2,0.03591066084574798,FINITE
6335,795,3,,NAN
6451,834,1,,NAN
6527,834,2,,NAN
6612,834,3,,NAN
6680,834,4,,NAN
6759,834,5,,NAN
6833,834,6,,NAN
6950,834,7,,NAN
7027,834,8,,NAN
7112,834,9,,NAN
7221,942,2,,NAN
7279,942,3,,NAN
7356,942,4,,NAN
7429,942,5,,NAN
7509,942,6,,NAN
7594,942,7,,NAN
7667,942,8,,NAN
7751,942,9,,NAN
7830,1044,0,0.02361995484991936,FINITE
7916,1044,1,0.030530487646932503,FINITE
7989,1044,2,0.030074736367957457,FINITE
8962,1115,9,,NAN
9092,1192,0,,NAN
9166,1210,0,0.028342311871297217,FINITE
9233,1210,1,0.028462962320735873,FINITE
9297,1210,2,0.026196800356049075,FINITE
9358,1210,3,0.026235837896563786,FINITE
9413,1210,4,0.02454301954550296,FINITE
9477,1210,5,0.025447188495613792,FINITE
9536,1210,6,,NAN
9594,1210,7,,NAN
9653,1210,8,,NAN
9713,1210,9,,NAN
9769,1289,0,0.01967497470152997,FINITE
9826,1289,1,,NAN
9880,1289,2,,NAN
10006,1228,6,,NAN
10114,1228,7,,NAN
10224,1064,8,,NAN
10423,1064,9,,NAN
10508,1402,0,0.02806502527041315,FINITE
10582,1402,1,,NAN
10650,1402,2,,NAN
10719,1402,3,,NAN
10793,1402,4,,NAN
10866,1402,5,,NAN
10931,1402,6,,NAN
12243,1607,6,,NAN
12321,1607,7,,NAN
12390,1607,8,,NAN
12479,1607,9,,NAN
12549,1699,0,0.022546733976916044,FINITE
12686,1699,1,0.31675783696625476,FINITE
12797,1699,2,,NAN
12832,1699,3,,NAN
12917,1699,4,,NAN
12993,1699,5,,NAN
13083,1699,6,,NAN
13179,1699,7,,NAN
13276,1699,8,,NAN
13366,1699,9,,NAN
13407,1845,0,0,FINITE
13448,1857,0,0.014483906648910668,FINITE
14053,1712,6,,NAN
14307,1712,7,,NAN
14509,1712,8,,NAN
14683,1712,9,,NAN
14756,2055,0,,NAN
14786,2073,0,0.01749445954037549,FINITE
14815,2073,1,0.016612146870384877,FINITE
14862,2073,2,0.01949002342046877,FINITE
14906,2073,3,0.0225614481569726,FINITE
14940,2073,4,0.021845890611570114,FINITE
18434,2667,3,,NAN
18452,2667,4,,NAN
18478,2667,5,,NAN
18504,2667,6,,NAN
18523,2667,7,,NAN
18541,2667,8,,NAN
18567,2667,9,,NAN
18592,2697,0,,NAN
18624,2699,0,0.3412323612463243,FINITE
18649,2699,1,0.3362821555988905,FINITE
18678,2699,2,0.354982301324181,FINITE
18701,2699,3,,NAN
18720,2699,4,,NAN
18739,2699,5,,NAN
18765,2699,6,,NAN
18791,2699,7,,NAN
18863,2699,8,,NAN
18888,2699,9,,NAN
18909,2760,0,0.02863794531388283,FINITE
18947,2760,1,0.033836146934964124,FINITE
18986,2760,2,0.03228081683970791,FINITE
19023,2760,3,,NAN
19050,2760,4,,NAN
19090,2760,5,,NAN
19132,2760,6,,NAN
19171,2760,7,,NAN
19214,2760,8,,NAN
19246,2760,9,,NAN
19282,2806,0,,NAN
19312,2812,0,0,FINITE
19360,2816,0,0.5194508790202771,FINITE
19416,2816,1,0.5363451936466017,FINITE
19450,2816,2,0.5286819113325443,FINITE
19485,2816,3,0.5340727325923383,FINITE
19565,2816,4,0.6468201439877743,FINITE
19613,2816,5,,NAN
19652,2816,6,,NAN
21220,3221,0,,NAN
21265,3280,0,0,FINITE
21347,3303,0,0,FINITE
21727,3203,6,,NAN
21825,3203,7,,NAN
21916,3203,8,,NAN
22012,3203,9,,NAN
22074,3441,0,0.024033932400326873,FINITE
22150,3441,1,0.030681684955161014,FINITE
22229,3441,2,0.029550285963566028,FINITE
22414,3441,3,0.19955856192770793,FINITE
22445,3346,9,,NAN
22583,3531,0,,NAN
22706,3571,0,,NAN
22778,3593,0,0.02204642312232205,FINITE
22844,3593,1,0.01810128262921746,FINITE
22912,3593,2,0.02230470749755377,FINITE
22972,3593,3,,NAN
23020,3593,4,,NAN
23079,3593,5,,NAN
23135,3593,6,,NAN
23204,3593,7,,NAN
23316,3669,0,,NAN
494,25,5,0,FINITE
1322,78,9,0.001972892635066345,FINITE
1497,222,0,0.008168689045097429,FINITE
1870,211,3,0.0014970108938570455,FINITE
2013,211,4,0.0016060551737437385,FINITE
2154,175,8,0.0015363628955899458,FINITE
2281,175,9,0.001484838720845507,FINITE
2400,296,0,0.003063333434434146,FINITE
2751,337,0,0.0035298513688074204,FINITE
2844,337,1,0.003296592401620783,FINITE
2910,409,0,0.025332089773697504,FINITE
3005,409,1,0.023247161522993026,FINITE
3082,409,2,0.02468636587574873,FINITE
3401,92,5,,NAN
4057,391,9,,NAN
4201,564,0,0.015920807548217484,FINITE
4372,564,1,,NAN
4710,20,9,,NAN
4788,642,0,0.030711557234226503,FINITE
4864,642,1,0.025304788118286344,FINITE
4923,633,3,,NAN
5008,633,4,,NAN
5091,633,5,,NAN
5741,736,2,,NAN
5845,736,3,,NAN
5915,736,4,,NAN
5986,736,5,,NAN
6084,736,6,,NAN
6157,736,7,,NAN
6236,736,8,,NAN
6327,736,9,,NAN
6452,841,1,0.021897540005551108,FINITE
6530,841,2,0.02168120884548383,FINITE
6585,841,3,0.021772029339745123,FINITE
6674,841,4,0.021042929661079783,FINITE
6749,841,5,0.02338076023381941,FINITE
6820,841,6,0.02324928316096735,FINITE
6900,841,7,,NAN
6988,841,8,,NAN
7066,841,9,,NAN
7147,957,0,0,FINITE
7222,859,4,0.028397422012850053,FINITE
7323,859,5,,NAN
7455,859,6,,NAN
7561,859,7,,NAN
7691,859,8,,NAN
7782,859,9,,NAN
7901,1049,0,0.04674313128197865,FINITE
8963,1177,2,0.03516584052065086,FINITE
9023,1177,3,0.03258184204531576,FINITE
9086,1177,4,,NAN
9158,1177,5,,NAN
9223,1177,6,,NAN
9289,1177,7,,NAN
9350,1177,8,,NAN
9411,1177,9,,NAN
9468,1254,0,0.032746225469578345,FINITE
9529,1254,1,0.03131397273134282,FINITE
9591,1254,2,0.028529555672024903,FINITE
9650,1254,3,0.02779951084766407,FINITE
9706,1254,4,0.028029051202955145,FINITE
9762,1254,5,0.027839830216890057,FINITE
9802,1254,6,0.028091916384794767,FINITE
9859,1254,7,0.027206082227963526,FINITE
10008,1200,3,,NAN
10225,1310,1,0.6623479742620876,FINITE
10485,1310,2,,NAN
10715,1310,3,,NAN
10949,1310,4,,NAN
12244,1625,5,,NAN
12298,1625,6,,NAN
12347,1625,7,,NAN
12401,1625,8,,NAN
12450,1625,9,,NAN
12494,1695,0,0.034465082590535025,FINITE
12618,1695,1,0.330320285840805,FINITE
12733,1695,2,,NAN
12773,1695,3,,NAN
12841,1695,4,,NAN
12903,1695,5,,NAN
12938,1695,6,,NAN
13012,1695,7,,NAN
13110,1695,8,,NAN
13154,1695,9,,NAN
14059,1741,6,,NAN
14275,1741,7,,NAN
14464,1741,8,,NAN
14656,1741,9,,NAN
14750,2052,0,0.7577579740380288,FINITE
14781,2052,1,,NAN
14861,2052,2,,NAN
14917,2052,3,,NAN
18435,2660,5,,NAN
18450,2660,6,,NAN
18476,2660,7,,NAN
18503,2660,8,,NAN
18520,2660,9,,NAN
18538,2691,0,0.0214395198731725,FINITE
18558,2691,1,0.022832212810661355,FINITE
18582,2691,2,0.02271665479560538,FINITE
18606,2691,3,0.021956234772086556,FINITE
18621,2691,4,0.023430819681622403,FINITE
18642,2691,5,,NAN
18659,2691,6,,NAN
18682,2691,7,,NAN
18705,2691,8,,NAN
18717,2691,9,,NAN
18751,2719,0,0.44396891721117604,FINITE
18797,2719,1,,NAN
18830,2719,2,,NAN
18853,2719,3,,NAN
18884,2719,4,,NAN
18925,2719,5,,NAN
18981,2719,6,,NAN
19036,2719,7,,NAN
19095,2719,8,,NAN
19151,2719,9,,NAN
19199,2792,0,0.02770142541646835,FINITE
19238,2792,1,0.023177734599081574,FINITE
19271,2792,2,,NAN
19300,2792,3,,NAN
19318,2792,4,,NAN
19336,2792,5,,NAN
19357,2792,6,,NAN
19384,2792,7,,NAN
19404,2792,8,,NAN
19423,2792,9,,NAN
19436,2833,0,0.07900101279085497,FINITE
19451,2833,1,0.055229058287336416,FINITE
19463,2833,2,0.04773708829447979,FINITE
19479,2833,3,0.04757603758524671,FINITE
19493,2833,4,0.04346326683112507,FINITE
19503,2833,5,0.04019627334163845,FINITE
19525,2833,6,0.03658249665715248,FINITE
19542,2833,7,0.054770391207205914,FINITE
19554,2833,8,0.05213358566049926,FINITE
19574,2833,9,0.04922153225452634,FINITE
19593,2862,0,,NAN
19609,2866,0,0.023810928197742588,FINITE
19629,2866,1,0.024571508985720043,FINITE
19645,2866,2,0.02361994148183229,FINITE
19667,2866,3,,NAN
19688,2866,4,,NAN
19704,2866,5,,NAN
19726,2866,6,,NAN
19742,2866,7,,NAN
19760,2866,8,,NAN
19772,2866,9,,NAN
19787,2888,0,,NAN
19800,2891,0,0.0010211211481455584,FINITE
19810,2896,0,0.02789239876429169,FINITE
19828,2896,1,,NAN
19843,2896,2,,NAN
19854,2896,3,,NAN
19868,2896,4,,NAN
19879,2896,5,,NAN
19895,2896,6,,NAN
19904,2896,7,,NAN
19920,2896,8,,NAN
19930,2896,9,,NAN
19946,2917,0,0.01708041182860924,FINITE
19959,2917,1,0.016266479714059662,FINITE
495,80,2,0.6355211307083342,FINITE
1323,89,5,,NAN
1513,142,5,,NAN
1596,142,6,,NAN
1871,254,0,0.0010211211481455584,FINITE
1955,254,1,0.0015316767207180343,FINITE
2057,254,2,0.0019960145251427274,FINITE
2155,288,2,,NAN
2255,288,3,,NAN
2348,288,4,,NAN
2752,317,0,0.38015605185105317,FINITE
2911,412,0,0.03898022782306224,FINITE
3001,412,1,0.036541886631838855,FINITE
3079,412,2,0.03237256855466823,FINITE
3402,327,0,1.314199232751105,FINITE
4058,493,4,,NAN
4125,493,5,,NAN
4183,493,6,,NAN
4259,493,7,,NAN
4331,493,8,,NAN
4400,493,9,,NAN
4483,589,0,0.01694176852816721,FINITE
4782,305,2,,NAN
4924,599,5,0.023991653348885436,FINITE
5009,599,6,0.023898941191763973,FINITE
5071,599,7,0.02385327874240078,FINITE
5742,683,6,,NAN
5843,683,7,,NAN
5913,683,8,,NAN
5994,683,9,,NAN
6067,782,0,,NAN
6144,806,0,0.02417257570076902,FINITE
6218,806,1,0.025288928133129124,FINITE
6297,806,2,0.02423686421388034,FINITE
6453,733,6,,NAN
6608,733,7,,NAN
6730,733,8,,NAN
6875,733,9,,NAN
7008,902,0,,NAN
7123,944,0,0.037429094048377465,FINITE
7223,855,7,,NAN
7310,855,8,,NAN
7385,855,9,,NAN
7465,1010,0,0.0146225499493527,FINITE
7527,1010,1,0.029587244140775182,FINITE
7607,1010,2,0.027147978552527412,FINITE
7675,1010,3,0.02656893616372044,FINITE
7771,1010,4,0.02607781349381627,FINITE
7849,1010,5,,NAN
7935,1010,6,,NAN
8964,1140,7,0.028469283835792707,FINITE
9028,1140,8,0.02860500192573618,FINITE
9089,1140,9,,NAN
9160,1208,0,0.022512750771236396,FINITE
9234,1208,1,,NAN
9293,1208,2,,NAN
9348,1208,3,,NAN
9410,1208,4,,NAN
9469,1208,5,,NAN
9524,1208,6,,NAN
9585,1208,7,,NAN
9642,1208,8,,NAN
9695,1208,9,,NAN
9745,1283,0,,NAN
9793,1296,0,0.029415472572826742,FINITE
9851,1296,1,,NAN
10015,1061,7,,NAN
10227,1246,6,,NAN
10307,1246,7,,NAN
10416,1246,8,,NAN
10512,1246,9,,NAN
10665,1419,0,,NAN
10733,1440,0,0.020748225646699935,FINITE
10805,1440,1,,NAN
10877,1440,2,,NAN
10952,1440,3,,NAN
12245,1611,6,,NAN
12323,1611,7,,NAN
12392,1611,8,,NAN
12469,1611,9,,NAN
12642,1698,0,0.6675108298389063,FINITE
12693,1698,1,0.3451674252083532,FINITE
12751,1698,2,0.24023960452140014,FINITE
12831,1698,3,0.34325769478991053,FINITE
12914,1698,4,0.4043072814679885,FINITE
13005,1698,5,,NAN
13035,1698,6,,NAN
13129,1698,7,,NAN
13167,1698,8,,NAN
13207,1698,9,,NAN
13245,1815,0,0.0371838713703651,FINITE
13286,1815,1,0.034454653160116616,FINITE
13315,1815,2,0.03818940595897805,FINITE
13359,1815,3,,NAN
13397,1815,4,,NAN
13439,1815,5,,NAN
13479,1815,6,,NAN
14063,1724,5,,NAN
14276,1724,6,,NAN
14503,1724,7,,NAN
14746,1724,8,,NAN
18436,2654,6,,NAN
18458,2654,7,,NAN
18486,2654,8,,NAN
18513,2654,9,,NAN
18529,2690,0,0.03782086427695503,FINITE
18548,2690,1,,NAN
18569,2690,2,,NAN
18595,2690,3,,NAN
18616,2690,4,,NAN
18636,2690,5,,NAN
18656,2690,6,,NAN
18676,2690,7,,NAN
18698,2690,8,,NAN
18715,2690,9,,NAN
18734,2718,0,,NAN
18746,2723,0,0.0020422322932905105,FINITE
18770,2728,0,0,FINITE
18789,2737,0,0.018792687082136827,FINITE
18814,2737,1,0.02401676031020747,FINITE
18839,2737,2,,NAN
18861,2737,3,,NAN
18883,2737,4,,NAN
18906,2737,5,,NAN
18933,2737,6,,NAN
18966,2737,7,,NAN
19011,2737,8,,NAN
19043,2737,9,,NAN
19115,2776,0,0.8000520543659031,FINITE
19228,2776,1,0.9738077055580656,FINITE
19260,2776,2,0.7838997474498952,FINITE
19304,2776,3,0.7305495312690586,FINITE
19337,2776,4,0.7735403774943168,FINITE
19370,2776,5,,NAN
19403,2776,6,,NAN
19448,2776,7,,NAN
19476,2776,8,,NAN
19496,2776,9,,NAN
19514,2849,0,0.01931137484758506,FINITE
19529,2849,1,0.02111905659764713,FINITE
19546,2849,2,,NAN
19561,2849,3,,NAN
19579,2849,4,,NAN
19594,2849,5,,NAN
19620,2849,6,,NAN
19636,2870,0,0.022096820869910192,FINITE
19655,2870,1,0.021396358234614464,FINITE
19674,2870,2,0.02147440323007492,FINITE
19695,2870,3,0.021335534891827275,FINITE
19716,2870,4,0.020826965329889185,FINITE
19733,2870,5,,NAN
19750,2870,6,,NAN
19766,2870,7,,NAN
19776,2870,8,,NAN
19790,2870,9,,NAN
19802,2892,0,0.0020422322932905105,FINITE
19821,2897,0,0.42885637445181923,FINITE
19842,2897,1,0.43326706302560725,FINITE
19861,2897,2,0.43794342827558613,FINITE
19876,2897,3,,NAN
19897,2897,4,,NAN
19909,2897,5,,NAN
19927,2897,6,,NAN
19945,2897,7,,NAN
19964,2897,8,,NAN
499,49,5,0,FINITE
1324,162,4,0.0006126726888873351,FINITE
1575,105,2,0.9385487295852352,FINITE
1872,255,0,0,FINITE
1957,255,1,0.0009517944964242388,FINITE
2035,255,2,0.0013152737620463293,FINITE
2157,267,3,0.0005105605740727792,FINITE
2258,267,4,0.0006126726888873351,FINITE
2351,267,5,0.0005105605740727792,FINITE
2753,273,9,,NAN
2841,379,0,,NAN
2912,370,1,0.04131732619788199,FINITE
2972,370,2,,NAN
3061,370,3,,NAN
3414,305,0,2.1049733252299583,FINITE
4059,517,3,,NAN
4135,517,4,,NAN
4202,517,5,,NAN
4279,517,6,,NAN
4351,517,7,,NAN
4429,517,8,,NAN
4803,303,2,,NAN
4925,601,5,,NAN
5025,601,6,,NAN
5093,601,7,,NAN
5743,304,3,,NAN
6454,843,0,0.028117355317794558,FINITE
6596,843,1,0.022624107502112682,FINITE
6711,843,2,0.025787506496309315,FINITE
6855,843,3,0.029308381934705495,FINITE
6972,843,4,0.031436851732995735,FINITE
7104,843,5,0.032354188129334965,FINITE
7224,904,3,0.029760396401737624,FINITE
7299,904,4,0.031031861888023905,FINITE
7374,904,5,0.030771185343387925,FINITE
7449,904,6,0.028563268358841477,FINITE
7526,904,7,,NAN
7602,904,8,,NAN
7661,904,9,,NAN
7758,1039,0,0.03710448095649228,FINITE
7839,1039,1,0.03873104799839753,FINITE
7931,1039,2,,NAN
8965,1169,3,0.03560456194893355,FINITE
9031,1169,4,0.03425582943335854,FINITE
9098,1169,5,,NAN
9169,1169,6,,NAN
9235,1169,7,,NAN
9290,1169,8,,NAN
9352,1169,9,,NAN
9409,1244,0,0.0398914780395874,FINITE
9467,1244,1,0.029064795959978157,FINITE
9521,1244,2,,NAN
9582,1244,3,,NAN
9641,1244,4,,NAN
9698,1244,5,,NAN
9752,1244,6,,NAN
9806,1244,7,,NAN
9862,1244,8,,NAN
10016,1265,1,,NAN
10229,1347,1,0.027853277905133544,FINITE
10326,1347,2,0.025080962403785084,FINITE
10428,1347,3,0.026467032798130227,FINITE
10502,1347,4,0.027336869704301936,FINITE
10574,1347,5,0.028588562967948487,FINITE
10642,1347,6,,NAN
10708,1347,7,,NAN
10778,1347,8,,NAN
10853,1347,9,,NAN
12246,1605,8,,NAN
12302,1605,9,,NAN
12353,1682,0,0.024311219001211047,FINITE
12404,1682,1,0.025634545166660926,FINITE
12455,1682,2,0.0238299343815818,FINITE
12508,1682,3,0.02308108551112657,FINITE
12551,1682,4,,NAN
12599,1682,5,,NAN
12646,1682,6,,NAN
12694,1682,7,,NAN
12736,1682,8,,NAN
12771,1682,9,,NAN
12966,1750,0,1.2351870635685147,FINITE
13126,1750,1,1.1413063275658586,FINITE
13326,1750,2,1.1524973245783527,FINITE
14066,1714,5,,NAN
14291,1714,6,,NAN
14536,1714,7,,NAN
14767,1714,8,,NAN
18437,2676,0,,NAN
18490,2683,0,0.6198255626273554,FINITE
18515,2683,1,0.3306178589971255,FINITE
18531,2683,2,0.22690657311598597,FINITE
18583,2683,3,,NAN
18638,2683,4,,NAN
18657,2683,5,,NAN
18680,2683,6,,NAN
18730,2683,7,,NAN
18782,2683,8,,NAN
18838,2683,9,,NAN
18858,2752,0,,NAN
18879,2757,0,,NAN
18903,2759,0,0.03275314830876668,FINITE
18926,2759,1,0.0279092649784589,FINITE
18959,2759,2,0.026224863805181423,FINITE
19002,2759,3,0.02822622347991125,FINITE
19035,2759,4,0.027470951244259596,FINITE
19063,2759,5,0.025840031518249467,FINITE
19111,2759,6,0.024761519005320972,FINITE
19148,2759,7,0.024646699011218832,FINITE
19196,2759,8,0.023753971552183648,FINITE
19233,2759,9,0.02395841212859925,FINITE
19263,2804,0,0.03992333829727523,FINITE
19294,2804,1,0.026874931892561252,FINITE
19316,2804,2,,NAN
19333,2804,3,,NAN
19365,2804,4,,NAN
19391,2804,5,,NAN
19411,2804,6,,NAN
19431,2804,7,,NAN
19442,2804,8,,NAN
19459,2804,9,,NAN
19480,2842,0,0.5059793527873646,FINITE
19512,2842,1,0.7290820639485435,FINITE
19545,2842,2,,NAN
19591,2842,3,,NAN
19664,2842,4,,NAN
19719,2842,5,,NAN
19741,2842,6,,NAN
19762,2842,7,,NAN
19780,2842,8,,NAN
19796,2842,9,,NAN
19808,2894,0,0.0010211211481455584,FINITE
19823,2899,0,0.02885888684263154,FINITE
19835,2899,1,0.02385195198607478,FINITE
19850,2899,2,0.04005709542810854,FINITE
19863,2899,3,0.03322262687202002,FINITE
19875,2899,4,,NAN
19891,2899,5,,NAN
19903,2899,6,,NAN
19918,2899,7,,NAN
19929,2899,8,,NAN
19943,2899,9,,NAN
19955,2918,0,0.030745540439906148,FINITE
19969,2918,1,0.0251409359204971,FINITE
19981,2918,2,0.028698416235595877,FINITE
19997,2918,3,0.027951828192516615,FINITE
20015,2918,4,0.026832614679831855,FINITE
20025,2918,5,,NAN
20041,2918,6,,NAN
20057,2918,7,,NAN
20073,2918,8,,NAN
20090,2918,9,,NAN
20104,2943,0,,NAN
20122,2947,0,,NAN
20135,2951,0,,NAN
20151,2955,0,0,FINITE
20167,2960,0,0,FINITE
20191,2965,0,0.6036732189776465,FINITE
20213,2965,1,0.6235140228558933,FINITE
20242,2965,2,,NAN
20265,2965,3,,NAN
503,41,3,,NAN
505,38,5,,NAN
506,42,6,0,FINITE
507,76,3,0,FINITE
508,91,3,0,FINITE
509,77,2,,NAN
510,97,3,0.021557634200481395,FINITE
511,51,5,,NAN
512,35,6,,NAN
513,99,3,0,FINITE
514,39,6,0,FINITE
515,68,0,,NAN
516,105,0,0.9487128468504269,FINITE
517,23,6,0,FINITE
518,50,6,0,FINITE
519,54,6,0.00014587444973507976,FINITE
520,26,3,,NAN
521,7,6,0,FINITE
522,120,3,0,FINITE
523,10,6,0,FINITE
524,106,1,,NAN
525,69,3,0,FINITE
526,72,3,0.03817282821706491,FINITE
527,27,6,0.0014389311665729315,FINITE
528,86,3,0,FINITE
529,88,3,0,FINITE
530,9,6,0,FINITE
531,87,3,0,FINITE
532,104,3,0,FINITE
533,122,3,0,FINITE
534,119,3,0,FINITE
535,36,6,,NAN
536,65,3,,NAN
537,81,3,0,FINITE
538,58,6,0,FINITE
539,83,3,0,FINITE
540,45,5,,NAN
541,32,6,0,FINITE
542,37,6,0,FINITE
543,66,3,0,FINITE
544,113,3,0.001021118647395407,FINITE
545,14,5,,NAN
546,11,6,0,FINITE
547,63,3,0,FINITE
548,118,3,0,FINITE
549,24,5,,NAN
550,48,6,0,FINITE
551,73,3,0.0017176253540324463,FINITE
552,115,3,0,FINITE
553,78,3,0.0005105580733226276,FINITE
554,71,3,0,FINITE
555,94,3,0,FINITE
556,53,6,0,FINITE
557,74,3,0,FINITE
558,100,3,,NAN
559,110,3,0,FINITE
560,108,3,0.026244800677996193,FINITE
561,79,3,0,FINITE
562,40,6,0,FINITE
563,82,3,0,FINITE
564,111,3,0,FINITE
565,61,6,0.0009740273393929305,FINITE
566,15,6,0,FINITE
567,114,3,0.0012763989344317965,FINITE
568,75,3,,NAN
569,85,3,0.001972905641068836,FINITE
570,31,6,0,FINITE
571,28,6,,NAN
572,59,6,0,FINITE
573,34,6,0,FINITE
574,5,6,0,FINITE
575,67,3,0,FINITE
576,117,3,0,FINITE
577,64,3,,NAN
578,47,6,0.0028034423061185066,FINITE
579,6,6,0.00014587444973507976,FINITE
580,52,6,0,FINITE
581,84,3,0,FINITE
582,101,1,,NAN
583,16,6,0,FINITE
584,56,6,0,FINITE
585,62,6,0,FINITE
586,112,3,0,FINITE
587,70,3,0,FINITE
588,90,3,,NAN
589,121,3,0,FINITE
590,13,6,0,FINITE
591,103,3,,NAN
592,44,6,0,FINITE
593,43,6,0.0018567254628539898,FINITE
594,95,3,0,FINITE
595,116,1,,NAN
596,98,3,0,FINITE
597,18,6,,NAN
598,21,6,0,FINITE
599,19,6,,NAN
600,33,6,0,FINITE
601,96,3,,NAN
602,12,6,0,FINITE
603,46,6,0,FINITE
604,17,6,0,FINITE
605,25,6,0,FINITE
606,49,6,0,FINITE
607,89,2,,NAN
608,57,6,0,FINITE
609,3,6,0,FINITE
610,102,3,,NAN
611,22,6,0,FINITE
612,60,6,0.029036376392492142,FINITE
613,80,3,,NAN
614,30,6,0,FINITE
615,76,4,0,FINITE
616,4,3,,NAN
617,8,6,,NAN
618,99,4,0,FINITE
619,97,4,0.02304601589468522,FINITE
620,42,7,0,FINITE
621,91,4,0,FINITE
622,38,6,,NAN
623,35,7,,NAN
624,39,7,0,FINITE
625,69,4,0,FINITE
626,87,4,0,FINITE
627,77,3,,NAN
628,23,7,0,FINITE
629,122,4,0,FINITE
630,113,4,0.0014295616048031548,FINITE
631,120,4,0,FINITE
632,86,4,0,FINITE
633,72,4,0.03606848014051614,FINITE
634,41,4,,NAN
635,10,7,0,FINITE
636,51,6,,NAN
637,54,7,0.0001276401435181948,FINITE
638,50,7,0,FINITE
639,110,4,0,FINITE
640,88,4,0,FINITE
641,78,4,0.0011976027126848283,FINITE
642,7,7,0,FINITE
643,104,4,0,FINITE
644,119,4,0,FINITE
645,27,7,0.0016419814500555833,FINITE
646,75,4,,NAN
647,65,4,,NAN
648,11,7,0,FINITE
723,8,7,,NAN
649,9,7,0,FINITE
650,74,4,0,FINITE
651,81,4,0,FINITE
652,108,4,0.027740160291390804,FINITE
653,36,7,,NAN
654,73,4,0.001374100283225957,FINITE
655,94,4,0,FINITE
656,37,7,0,FINITE
657,63,4,0,FINITE
658,58,7,0,FINITE
659,48,7,0,FINITE
660,115,4,0,FINITE
661,32,7,0,FINITE
662,83,4,0,FINITE
663,92,0,1.4067828063931467,FINITE
664,53,7,0,FINITE
665,15,7,0,FINITE
666,118,4,0,FINITE
667,117,4,0,FINITE
668,84,4,0,FINITE
669,5,7,0,FINITE
670,79,4,0,FINITE
671,112,4,0,FINITE
672,66,4,0,FINITE
673,28,7,,NAN
674,40,7,0,FINITE
675,71,4,0,FINITE
676,85,4,0.002367480766881795,FINITE
677,31,7,0,FINITE
678,24,6,,NAN
679,6,7,0.0001276401435181948,FINITE
680,82,4,0,FINITE
681,90,4,,NAN
682,59,7,0,FINITE
683,114,4,0.0014295656062035392,FINITE
684,61,7,0.001107552958630128,FINITE
685,52,7,0,FINITE
686,111,4,0,FINITE
687,13,7,0,FINITE
688,47,7,0.002580652161371888,FINITE
689,14,6,,NAN
690,34,7,0,FINITE
691,62,7,0,FINITE
692,70,4,0,FINITE
693,56,7,0,FINITE
694,64,4,,NAN
695,45,6,,NAN
696,67,4,0,FINITE
697,44,7,0,FINITE
698,43,7,0.0017522749235154358,FINITE
699,100,4,,NAN
700,16,7,0,FINITE
701,21,7,0,FINITE
702,46,7,0,FINITE
703,18,7,,NAN
704,49,7,0,FINITE
705,103,4,,NAN
706,121,4,0,FINITE
707,17,7,0,FINITE
708,95,4,0,FINITE
709,12,7,0,FINITE
710,25,7,0,FINITE
711,98,4,0,FINITE
712,33,7,0,FINITE
713,19,7,,NAN
735,37,8,0,FINITE
746,5,8,0,FINITE
748,9,8,0,FINITE
749,58,8,0,FINITE
751,36,8,,NAN
756,53,8,0,FINITE
759,117,5,0,FINITE
760,48,8,0,FINITE
761,24,7,,NAN
762,40,8,0,FINITE
764,32,8,0,FINITE
766,59,8,0,FINITE
768,15,8,0,FINITE
769,31,8,0,FINITE
770,115,5,0,FINITE
771,14,7,,NAN
773,112,5,0,FINITE
774,47,8,0.0022939130323305673,FINITE
775,94,5,0,FINITE
776,44,8,0,FINITE
1325,178,2,0.0020422222889555936,FINITE
1578,106,5,,NAN
1873,142,9,,NAN
1963,287,0,0.03261450500832453,FINITE
2052,287,1,0.033121433830522296,FINITE
2158,261,3,0.001276391431931164,FINITE
2251,261,4,0.0014295596042030333,FINITE
2334,261,5,0.0013614865281934543,FINITE
2754,341,0,0.6083680060860498,FINITE
2845,341,1,,NAN
2913,366,1,0.03516282414323539,FINITE
2993,366,2,0.03514998805784541,FINITE
3076,366,3,0.03216349728053235,FINITE
3430,20,6,,NAN
4060,525,3,,NAN
4139,525,4,,NAN
4220,525,5,,NAN
4289,525,6,,NAN
4360,525,7,,NAN
4432,525,8,,NAN
4926,578,8,,NAN
5012,578,9,,NAN
5097,655,0,0.027755747929083478,FINITE
5744,712,2,0.026847141054957373,FINITE
5852,712,3,0.024530548989577166,FINITE
6007,712,4,0.022455667618884307,FINITE
6117,712,5,0.022083175150974178,FINITE
6274,712,6,0.021932080450489885,FINITE
6381,712,7,,NAN
6456,833,2,0.02820954010686048,FINITE
6540,833,3,0.03459946402138526,FINITE
6630,833,4,,NAN
6717,833,5,,NAN
6792,833,6,,NAN
6868,833,7,,NAN
6959,833,8,,NAN
7070,833,9,,NAN
7149,958,0,0,FINITE
7225,927,2,0.03507696225140853,FINITE
7309,927,3,0.03233778310190333,FINITE
7387,927,4,0.030753402300717346,FINITE
7464,927,5,,NAN
7539,927,6,,NAN
7611,927,7,,NAN
7689,927,8,,NAN
7778,927,9,,NAN
7858,1047,0,0.026819228031668772,FINITE
7942,1047,1,0.05572208513570824,FINITE
8966,1170,3,0.030781540074775137,FINITE
9024,1170,4,0.0317987899987181,FINITE
9088,1170,5,0.030715342760268046,FINITE
9157,1170,6,0.032522049724036516,FINITE
9231,1170,7,0.031050321714369444,FINITE
9298,1170,8,0.030775151439133213,FINITE
9360,1170,9,,NAN
9418,1245,0,,NAN
9483,1256,0,0.01211415005902726,FINITE
9543,1256,1,,NAN
9592,1256,2,,NAN
9648,1256,3,,NAN
9704,1256,4,,NAN
9760,1256,5,,NAN
9816,1256,6,,NAN
714,3,7,0,FINITE
1326,81,9,0,FINITE
1616,170,7,0.0013454865757332641,FINITE
1711,170,8,0.001195988067318457,FINITE
1799,170,9,0.0012806124899156623,FINITE
1874,209,3,0.002228178425604593,FINITE
2014,209,4,0.0017825427404836746,FINITE
2159,250,2,0.20956526183964008,FINITE
2252,250,3,0.15742922666676645,FINITE
2755,322,0,0.1530153287086331,FINITE
2914,350,0,,NAN
2997,429,0,0.04924792131041006,FINITE
3068,429,1,0.039097566967264755,FINITE
3539,225,9,,NAN
3687,471,0,0.0010211211481455584,FINITE
3913,471,1,,NAN
4061,499,4,0.020733663713706857,FINITE
4133,499,5,0.022699418387299646,FINITE
4187,499,6,,NAN
4256,499,7,,NAN
4327,499,8,,NAN
4391,499,9,,NAN
4460,587,0,0.021525833126233445,FINITE
4927,562,5,0.02334412174998041,FINITE
5058,562,6,0.02500621146390252,FINITE
5745,713,4,0.02476311284641916,FINITE
5847,713,5,0.023665737537649237,FINITE
5923,713,6,0.022949781286798636,FINITE
6001,713,7,0.022064618313553355,FINITE
6105,713,8,0.02191253801197173,FINITE
6187,713,9,0.022166270440939856,FINITE
6262,831,0,0,FINITE
6329,836,0,0.026957871332110913,FINITE
6457,791,4,0.028346663162427548,FINITE
6528,791,5,0.028376279282623807,FINITE
6590,791,6,0.02706634149265222,FINITE
6679,791,7,0.026523791489440035,FINITE
6740,791,8,0.02733895266232569,FINITE
6814,791,9,0.027742136449168803,FINITE
6893,884,0,0,FINITE
7061,911,0,,NAN
7130,956,0,0.025186523634067357,FINITE
7226,868,3,0.027969593798997168,FINITE
7328,868,4,0.030950082042397343,FINITE
7470,868,5,,NAN
7601,868,6,,NAN
7706,868,7,,NAN
7817,868,8,,NAN
7907,868,9,,NAN
8967,1141,7,,NAN
9030,1141,8,,NAN
9090,1141,9,,NAN
9164,1209,0,0.02273576499988597,FINITE
9230,1209,1,0.02269260837335555,FINITE
9292,1209,2,0.018779904148408168,FINITE
9355,1209,3,0.021053441091953607,FINITE
9417,1209,4,,NAN
9479,1209,5,,NAN
9532,1209,6,,NAN
9596,1209,7,,NAN
9652,1209,8,,NAN
9712,1209,9,,NAN
9766,1287,0,,NAN
9823,1300,0,0.032271042681683036,FINITE
9876,1300,1,0.030401162702238135,FINITE
10021,1280,2,0.03108220100935136,FINITE
10138,1280,3,,NAN
10231,1225,8,,NAN
10319,1225,9,,NAN
10413,1379,0,,NAN
12247,1602,7,,NAN
12329,1602,8,,NAN
12422,1602,9,,NAN
12496,1689,0,0.019727304748911163,FINITE
12560,1689,1,0.02134055173155594,FINITE
12626,1689,2,0.02103323748718222,FINITE
12680,1689,3,0.02434855781249634,FINITE
12740,1689,4,0.02425790406997404,FINITE
12782,1689,5,0.02412847198322457,FINITE
12815,1689,6,0.02459209044754065,FINITE
12843,1689,7,0.02484261088076211,FINITE
12882,1689,8,0.024691355399508258,FINITE
12919,1689,9,0.025552992010610905,FINITE
12957,1788,0,0,FINITE
12992,1793,0,0.029656763439604317,FINITE
13029,1793,1,0.034180908783296306,FINITE
13062,1793,2,,NAN
13103,1793,3,,NAN
13137,1793,4,,NAN
13180,1793,5,,NAN
13218,1793,6,,NAN
13259,1793,7,,NAN
13293,1793,8,,NAN
13324,1793,9,,NAN
13364,1835,0,0.03707742059000086,FINITE
13400,1835,1,0.03569846852045292,FINITE
13444,1835,2,0.03298657305231065,FINITE
14073,1742,6,,NAN
14268,1742,7,,NAN
14482,1742,8,,NAN
14644,1742,9,,NAN
14724,2044,0,,NAN
14814,2065,0,,NAN
14847,2083,0,0,FINITE
14880,2090,0,,NAN
14898,2101,0,0.020866599829703042,FINITE
14928,2101,1,0.03124757063134613,FINITE
18438,2680,0,0.01879268708213694,FINITE
18453,2680,1,0.01821289496147723,FINITE
18477,2680,2,0.02276328939108821,FINITE
18499,2680,3,0.024266113572815596,FINITE
18519,2680,4,0.02807589591501561,FINITE
18537,2680,5,0.027039154891596143,FINITE
18559,2680,6,0.025821475690118532,FINITE
18580,2680,7,0.02502504349735713,FINITE
18607,2680,8,0.024096092211793367,FINITE
18626,2680,9,0.02376993688059012,FINITE
18643,2704,0,0,FINITE
18662,2705,0,0.03813423694615603,FINITE
18684,2705,1,0.0397176473615308,FINITE
18706,2705,2,0.037615892109452854,FINITE
18721,2705,3,0.03777961342807983,FINITE
18738,2705,4,0.03299946184950958,FINITE
18758,2705,5,,NAN
18783,2705,6,,NAN
18802,2705,7,,NAN
18826,2705,8,,NAN
18843,2705,9,,NAN
18866,2755,0,0.015177123151120832,FINITE
18886,2755,1,0.032293367003773304,FINITE
18908,2755,2,0.035324701679171004,FINITE
18939,2755,3,,NAN
18974,2755,4,,NAN
19019,2755,5,,NAN
19045,2755,6,,NAN
19069,2755,7,,NAN
19112,2755,8,,NAN
19154,2755,9,,NAN
19198,2794,0,0.025788553783408483,FINITE
19236,2794,1,0.031545465463456046,FINITE
19266,2794,2,0.0303739909972152,FINITE
19298,2794,3,0.028175034041315033,FINITE
19320,2794,4,0.02549226588301095,FINITE
19340,2794,5,0.0253818626723942,FINITE
19361,2794,6,0.025918480286615395,FINITE
19390,2794,7,0.026800676775210693,FINITE
19408,2794,8,0.026416453605635663,FINITE
19427,2794,9,0.025501758543759356,FINITE
19440,2835,0,0.01884501712951813,FINITE
19454,2835,1,,NAN
19465,2835,2,,NAN
19509,2843,0,,NAN
715,60,7,0.02818601957411803,FINITE
716,57,7,0,FINITE
717,89,3,,NAN
1327,79,9,0,FINITE
1617,210,1,0.0020422122852878323,FINITE
1737,210,2,0.002042218954622058,FINITE
1875,216,3,0.0014970133946071971,FINITE
2016,216,4,0.0014018349453148694,FINITE
2160,210,5,0.0069540401914815605,FINITE
2293,210,6,0.005960605878412766,FINITE
2391,210,7,0.005470809180272484,FINITE
2756,320,0,,NAN
2915,296,4,0.0018102754019724658,FINITE
3043,296,5,0.001508562834977055,FINITE
3540,463,0,0.0010211211481455584,FINITE
3676,463,1,0.0010211211481455584,FINITE
3783,463,2,0.0013614915298605426,FINITE
3920,463,3,0.0015316767207180346,FINITE
4062,533,1,0.02172755723967908,FINITE
4195,533,2,0.022854736692513995,FINITE
4354,533,3,0.0244250958802644,FINITE
4928,575,4,0.024829313810600526,FINITE
5069,575,5,0.02547359048571708,FINITE
5746,658,7,0.01945625790436484,FINITE
5821,658,8,0.02046104058315107,FINITE
5893,658,9,0.019987919944875365,FINITE
5971,768,0,0.024190750850083247,FINITE
6050,768,1,0.02840262792920383,FINITE
6143,768,2,0.027863500228132262,FINITE
6205,768,3,0.02788548513113303,FINITE
6290,768,4,0.026281577714777064,FINITE
6458,765,7,0.024072177655458597,FINITE
6538,765,8,0.025180959626322563,FINITE
6610,765,9,0.02419425409359712,FINITE
6675,856,0,0.01798788764597638,FINITE
6746,856,1,0.024030290493453343,FINITE
6817,856,2,0.02257851856281222,FINITE
6888,856,3,0.022501250766117132,FINITE
6969,856,4,0.02252081341775313,FINITE
7040,856,5,0.023355477666518725,FINITE
7119,856,6,0.023317901144822156,FINITE
7227,970,0,0,FINITE
7325,992,0,0.033635285491908286,FINITE
7462,992,1,0.024778046520062887,FINITE
7590,992,2,0.026312527469090952,FINITE
7707,992,3,0.025198258045442918,FINITE
7815,992,4,0.024270056896129696,FINITE
7911,992,5,,NAN
8968,1188,0,0.03177572236648421,FINITE
9035,1188,1,,NAN
9101,1188,2,,NAN
9175,1188,3,,NAN
9241,1188,4,,NAN
9305,1188,5,,NAN
9365,1188,6,,NAN
9424,1188,7,,NAN
9492,1188,8,,NAN
9544,1188,9,,NAN
9688,1268,0,,NAN
9742,1281,0,0.04176718473343126,FINITE
9799,1281,1,0.034085241431886855,FINITE
9860,1281,2,0.03399822633315988,FINITE
10029,1267,1,,NAN
10233,304,9,,NAN
10316,1364,0,0.03870505412698852,FINITE
10414,1364,1,0.027490333259718606,FINITE
10500,1364,2,,NAN
10578,1364,3,,NAN
10652,1364,4,,NAN
10721,1364,5,,NAN
10786,1364,6,,NAN
10861,1364,7,,NAN
10932,1364,8,,NAN
12248,1473,5,,NAN
12375,1473,6,,NAN
12604,1473,7,,NAN
12704,1473,8,,NAN
12837,1473,9,,NAN
12870,1772,0,0.019484001353706745,FINITE
12898,1772,1,,NAN
12940,1772,2,,NAN
12976,1772,3,,NAN
13008,1772,4,,NAN
13045,1772,5,,NAN
13090,1772,6,,NAN
13130,1772,7,,NAN
13168,1772,8,,NAN
13258,1772,9,,NAN
13338,1826,0,,NAN
13371,1837,0,0.06268297108251863,FINITE
13403,1837,1,0.17446688247200456,FINITE
13455,1837,2,0.2456063375207216,FINITE
13481,1837,3,0.193647935618962,FINITE
14119,1937,0,,NAN
14200,1949,0,0.5100958738980317,FINITE
14237,1949,1,,NAN
14267,1949,2,,NAN
14314,1949,3,,NAN
14351,1949,4,,NAN
14394,1949,5,,NAN
14449,1949,6,,NAN
14494,1949,7,,NAN
14541,1949,8,,NAN
14594,1949,9,,NAN
14641,2035,0,,NAN
14729,2042,0,0.5719856197049752,FINITE
14817,2042,1,,NAN
14912,2042,2,,NAN
18439,2644,8,0.02761388887219787,FINITE
18454,2644,9,,NAN
18479,2685,0,0.03622238392793119,FINITE
18508,2685,1,0.03078631941143355,FINITE
18524,2685,2,0.028754614047245136,FINITE
18545,2685,3,0.02624255399270288,FINITE
18566,2685,4,0.02749462760903713,FINITE
18589,2685,5,0.027961460896347656,FINITE
18612,2685,6,0.02727336249144427,FINITE
18630,2685,7,,NAN
18653,2685,8,,NAN
18671,2685,9,,NAN
18742,2710,0,0.8435637145034147,FINITE
18827,2710,1,,NAN
18914,2710,2,,NAN
19047,2710,3,,NAN
19216,2710,4,,NAN
19315,2710,5,,NAN
19420,2710,6,,NAN
19483,2710,7,,NAN
19555,2710,8,,NAN
19635,2710,9,,NAN
19654,2872,0,0.025832360522019437,FINITE
19675,2872,1,0.024380520597290914,FINITE
19697,2872,2,0.02874013616007634,FINITE
19723,2872,3,0.029190340442466656,FINITE
19736,2872,4,0.02811445799352184,FINITE
19754,2872,5,,NAN
19770,2872,6,,NAN
19785,2872,7,,NAN
19797,2872,8,,NAN
19809,2872,9,,NAN
19825,2900,0,0.021050650338338042,FINITE
19840,2900,1,0.02451468117784523,FINITE
19853,2900,2,0.027031123129552585,FINITE
19871,2900,3,0.027398167850524666,FINITE
19880,2900,4,0.03490703549168234,FINITE
19893,2900,5,0.03506260244844944,FINITE
19907,2900,6,0.05151858403159025,FINITE
19922,2900,7,,NAN
19933,2900,8,,NAN
19947,2900,9,,NAN
19957,2919,0,0.029104202766263132,FINITE
19971,2919,1,0.02480456250887932,FINITE
19984,2919,2,0.026358305036513208,FINITE
20000,2919,3,0.02928867978641929,FINITE
20018,2919,4,0.028061282809377846,FINITE
718,22,7,0,FINITE
719,96,4,,NAN
1328,146,4,0.001225337375174043,FINITE
1618,162,7,0.0005105605740727792,FINITE
1718,162,8,0.0005672895267475324,FINITE
1805,162,9,0.0005105605740727792,FINITE
1876,233,1,0.001462355070497018,FINITE
2036,233,2,0.001315277096379865,FINITE
2161,215,5,0.0011913046718362828,FINITE
2285,215,6,0.001438931166429973,FINITE
2399,215,7,0.0016419814499304946,FINITE
2757,293,8,0.00170184746124014,FINITE
2848,293,9,0.0017358859444451772,FINITE
2916,232,9,0.001225328370672039,FINITE
3046,430,0,0.030797870487287236,FINITE
3541,392,8,0.02314640478748438,FINITE
3616,392,9,0.0237403499011921,FINITE
3692,489,0,0.027867129083401807,FINITE
3779,489,1,0.027521517064913743,FINITE
3851,489,2,0.027472278454421465,FINITE
3934,489,3,0.026329087919791362,FINITE
4063,537,2,0.028854290558226057,FINITE
4132,537,3,0.02877353859936788,FINITE
4199,537,4,0.027323997504740995,FINITE
4278,537,5,0.02573195561082744,FINITE
4340,537,6,0.024893954530616835,FINITE
4415,537,7,0.024327995083171444,FINITE
4929,538,7,,NAN
5076,538,8,,NAN
5747,665,3,0.028141646695636537,FINITE
5856,665,4,,NAN
6022,665,5,,NAN
6141,665,6,,NAN
6291,665,7,,NAN
6460,814,4,0.036989380143582724,FINITE
6541,814,5,0.035161705764626044,FINITE
6621,814,6,0.03230676539126817,FINITE
6713,814,7,0.031017681351727257,FINITE
6791,814,8,,NAN
6870,814,9,,NAN
6951,901,0,0.02398160235294568,FINITE
7030,901,1,,NAN
7116,901,2,,NAN
7228,866,3,0.02348121879781417,FINITE
7331,866,4,0.02400010782169611,FINITE
7479,866,5,,NAN
7595,866,6,,NAN
7704,866,7,,NAN
7833,866,8,,NAN
7923,866,9,,NAN
8969,1179,0,0.035038002634004486,FINITE
9081,1179,1,0.03804335059216796,FINITE
9177,1179,2,0.03227830894367865,FINITE
9291,1179,3,,NAN
9412,1179,4,,NAN
9528,1179,5,,NAN
9623,1179,6,,NAN
9730,1179,7,,NAN
9842,1179,8,,NAN
10034,1310,0,0.6799420064417816,FINITE
10234,1311,3,,NAN
10317,1311,4,,NAN
10397,1311,5,,NAN
10483,1311,6,,NAN
10569,1311,7,,NAN
10645,1311,8,,NAN
10718,1311,9,,NAN
10787,1449,0,0.03637003284887714,FINITE
10864,1449,1,0.05045493047125024,FINITE
10926,1449,2,0.04641098945794748,FINITE
12249,1660,0,0.02830832866561768,FINITE
12307,1660,1,0.03606171698650698,FINITE
12357,1660,2,0.03744135295705779,FINITE
12407,1660,3,0.03427539386077566,FINITE
12447,1660,4,0.03365489395736966,FINITE
12510,1660,5,0.03307224606347326,FINITE
12552,1660,6,0.0310323090661395,FINITE
12605,1660,7,0.029729468226154302,FINITE
12651,1660,8,0.032007562237724524,FINITE
12702,1660,9,0.031438702745194905,FINITE
12742,1726,0,0.43326884444880687,FINITE
12788,1726,1,0.4579786291882043,FINITE
12816,1726,2,,NAN
12846,1726,3,,NAN
12884,1726,4,,NAN
12918,1726,5,,NAN
12963,1726,6,,NAN
12997,1726,7,,NAN
13033,1726,8,,NAN
13084,1726,9,,NAN
13115,1808,0,0.0313184604833756,FINITE
13156,1808,1,0.027811378322699216,FINITE
13189,1808,2,0.026503707635365054,FINITE
13229,1808,3,0.028459390549047038,FINITE
13270,1808,4,0.02932181146933125,FINITE
13298,1808,5,0.02848671272464455,FINITE
13330,1808,6,,NAN
13365,1808,7,,NAN
13401,1808,8,,NAN
13445,1808,9,,NAN
13477,1864,0,0.025661706421962763,FINITE
14390,1995,0,,NAN
14417,2001,0,0.03747500364962529,FINITE
14458,2001,1,0.0335920485683054,FINITE
14490,2001,2,,NAN
14526,2001,3,,NAN
14570,2001,4,,NAN
14606,2001,5,,NAN
14648,2001,6,,NAN
14688,2001,7,,NAN
14728,2001,8,,NAN
14765,2001,9,,NAN
14798,2077,0,,NAN
14840,2081,0,0.0010211211481455584,FINITE
14922,2088,0,,NAN
18445,2503,5,,NAN
18563,2503,6,,NAN
18700,2503,7,,NAN
18841,2503,8,,NAN
19018,2503,9,,NAN
19042,2773,0,0.04116241447646365,FINITE
19078,2773,1,0.040184855878919554,FINITE
19124,2773,2,0.03908677820093484,FINITE
19162,2773,3,,NAN
19206,2773,4,,NAN
19239,2773,5,,NAN
19272,2773,6,,NAN
19301,2773,7,,NAN
19323,2773,8,,NAN
19341,2773,9,,NAN
19399,2818,0,0.6832277986111387,FINITE
21221,3229,0,0.16793153181051773,FINITE
21250,3229,1,0.16861862839438965,FINITE
21353,3229,2,,NAN
21449,3229,3,,NAN
21534,3229,4,,NAN
21625,3229,5,,NAN
21728,3394,2,,NAN
21821,3394,3,,NAN
21902,3394,4,,NAN
21996,3394,5,,NAN
22083,3394,6,,NAN
22155,3394,7,,NAN
22236,3394,8,,NAN
22303,3394,9,,NAN
22402,3482,0,,NAN
22446,3422,9,,NAN
22523,3532,0,0.030979888400276653,FINITE
22595,3532,1,,NAN
22667,3532,2,,NAN
22846,3532,3,,NAN
22924,3532,4,,NAN
23001,3532,5,,NAN
23075,3532,6,,NAN
23148,3532,7,,NAN
23223,3532,8,,NAN
23297,3532,9,,NAN
23507,3677,0,,NAN
23575,3720,0,,NAN
720,42,8,0,FINITE
721,26,4,,NAN
1329,161,4,0.0017720827330079416,FINITE
1619,144,7,,NAN
1725,144,8,,NAN
1809,144,9,,NAN
1877,200,3,0.0010211211481455584,FINITE
2026,200,4,0.0010211211481455584,FINITE
2163,263,3,0.003828693769950031,FINITE
2267,263,4,0.003062955015960025,FINITE
2353,263,5,0.0027226493713242805,FINITE
2758,319,0,0.02008206951098163,FINITE
2917,407,0,0.029795406740046243,FINITE
3008,407,1,0.030262655407987088,FINITE
3089,407,2,0.031663464468836396,FINITE
3542,310,7,0.0016419852013058994,FINITE
3679,310,8,0.0014595424011607993,FINITE
3773,310,9,0.00168906895327576,FINITE
3894,531,0,0.030597941704630198,FINITE
3996,531,1,0.03262353740190011,FINITE
4064,548,0,0.028585615266501968,FINITE
4200,548,1,0.02586865508385696,FINITE
4364,548,2,0.022800597364999023,FINITE
4930,598,5,,NAN
5023,598,6,,NAN
5105,598,7,,NAN
5748,751,0,0.03336005155791577,FINITE
5878,751,1,0.037857896349397395,FINITE
6025,751,2,0.03592592237870546,FINITE
6140,751,3,0.03417324976272082,FINITE
6292,751,4,,NAN
6462,837,1,,NAN
7229,869,3,,NAN
7306,869,4,,NAN
7422,869,5,,NAN
7544,869,6,,NAN
7656,869,7,,NAN
7749,869,8,,NAN
7856,869,9,,NAN
7947,1060,0,,NAN
8970,1178,0,0.014517889854590094,FINITE
9077,1178,1,0.015357992001845712,FINITE
9178,1178,2,0.02068358624437437,FINITE
9278,1178,3,0.02116245568935506,FINITE
9400,1178,4,0.021636692870855772,FINITE
9530,1178,5,0.023319303690555848,FINITE
9616,1178,6,0.02248718309767294,FINITE
9732,1178,7,0.02249037905686836,FINITE
9855,1178,8,0.02265229462246811,FINITE
10083,1269,1,0.634677833437288,FINITE
10235,1226,8,,NAN
10322,1226,9,,NAN
10410,1380,0,,NAN
10499,1397,0,0.0010211211481455584,FINITE
10616,1417,0,0.4076859459647332,FINITE
10716,1417,1,,NAN
10803,1417,2,,NAN
10908,1417,3,,NAN
12250,1618,5,0.030490591278300765,FINITE
12326,1618,6,0.030450697758739563,FINITE
12411,1618,7,0.03224120075223056,FINITE
12484,1618,8,0.032061649999890016,FINITE
12554,1618,9,0.03024337055342387,FINITE
12776,1707,0,0.9957909017822094,FINITE
12932,1707,1,,NAN
13112,1707,2,,NAN
13302,1707,3,,NAN
13450,1707,4,,NAN
14425,1996,0,,NAN
14469,2009,0,0,FINITE
14548,2015,0,0.5191735924139567,FINITE
14617,2015,1,,NAN
14706,2015,2,,NAN
14778,2015,3,,NAN
14842,2015,4,,NAN
14911,2015,5,,NAN
18446,2673,1,0.2557075568609541,FINITE
18483,2673,2,0.2628369148002714,FINITE
18528,2673,3,0.2712730379374704,FINITE
18578,2673,4,,NAN
18647,2673,5,,NAN
18697,2673,6,,NAN
18718,2673,7,,NAN
18753,2673,8,,NAN
18779,2673,9,,NAN
18805,2741,0,0.027228235093806754,FINITE
18820,2741,1,0.029064366540105392,FINITE
18844,2741,2,0.033160706968165886,FINITE
18871,2741,3,0.035969267273637966,FINITE
18895,2741,4,0.0340010126118314,FINITE
18922,2741,5,,NAN
18941,2741,6,,NAN
18958,2741,7,,NAN
18978,2741,8,,NAN
18995,2741,9,,NAN
19015,2767,0,,NAN
19032,2772,0,0.03145507118817228,FINITE
19054,2772,1,0.02563434459507214,FINITE
19074,2772,2,0.027004592803745425,FINITE
19088,2772,3,,NAN
19105,2772,4,,NAN
19125,2772,5,,NAN
19142,2772,6,,NAN
19160,2772,7,,NAN
19175,2772,8,,NAN
19190,2772,9,,NAN
19210,2798,0,0.02926789390476975,FINITE
19231,2798,1,0.02500805977573484,FINITE
19254,2798,2,0.026863011161751344,FINITE
19275,2798,3,,NAN
19293,2798,4,,NAN
19324,2798,5,,NAN
19346,2798,6,,NAN
19358,2798,7,,NAN
19378,2798,8,,NAN
19392,2798,9,,NAN
19500,2826,0,1.2717293547684765,FINITE
19605,2826,1,,NAN
19699,2826,2,,NAN
19836,2826,3,,NAN
19987,2826,4,,NAN
21222,3226,0,0.039068653980933316,FINITE
21254,3226,1,0.04220904320833626,FINITE
21338,3226,2,0.03726396255003648,FINITE
21423,3226,3,0.03335559521777629,FINITE
21505,3226,4,0.04064828583645204,FINITE
21729,3421,0,0.18104648098693776,FINITE
21831,3421,1,,NAN
21912,3421,2,,NAN
22447,3317,9,,NAN
22516,3533,0,,NAN
22665,3553,0,,NAN
22849,3586,0,,NAN
22911,3621,0,0,FINITE
22969,3637,0,0.022510808446382986,FINITE
23041,3637,1,0.018402796941468944,FINITE
23091,3637,2,,NAN
23152,3637,3,,NAN
23218,3637,4,,NAN
23274,3637,5,,NAN
23318,3637,6,,NAN
23368,3637,7,,NAN
23418,3637,8,,NAN
23469,3704,0,0.020834538899760884,FINITE
23524,3704,1,0.023217510014544664,FINITE
23596,3704,2,0.02010462518810597,FINITE
23648,3704,3,0.021831019235952504,FINITE
23701,3704,4,0.0229327789943135,FINITE
23735,3535,9,,NAN
23783,3760,0,,NAN
23826,3769,0,0.0010211211481455584,FINITE
23869,3779,0,0.03735680001235711,FINITE
23910,3779,1,0.03113746113135875,FINITE
23944,3779,2,,NAN
24333,3871,1,0.16652102994893492,FINITE
24373,3871,2,0.1633066158988597,FINITE
24413,3871,3,,NAN
722,30,7,0,FINITE
1330,74,9,0,FINITE
1620,171,7,0.0012178589380925637,FINITE
1709,171,8,0.0010825412783045012,FINITE
1804,171,9,0.0010763992652886069,FINITE
1878,218,3,0.0017869495052537916,FINITE
2039,218,4,0.0020422262910898626,FINITE
2165,260,3,0.0010211186473954067,FINITE
2266,260,4,0.001021119147545437,FINITE
2364,260,5,0.0008509326229545308,FINITE
2759,226,7,,NAN
2918,408,0,0.019536331401088163,FINITE
3004,408,1,0.025587726548947726,FINITE
3543,381,7,,NAN
3619,381,8,,NAN
3710,381,9,,NAN
3792,516,0,0.03135893440218024,FINITE
3862,516,1,,NAN
3951,516,2,,NAN
4065,403,9,,NAN
4203,565,0,,NAN
4379,576,0,,NAN
4931,533,7,,NAN
5066,533,8,,NAN
5749,703,5,,NAN
5844,703,6,,NAN
5904,703,7,,NAN
5987,703,8,,NAN
6072,703,9,,NAN
6152,808,0,0.022874408300328008,FINITE
6234,808,1,0.030957839847780777,FINITE
6301,808,2,0.029595745924870544,FINITE
6463,719,7,0.0278724989890296,FINITE
6606,719,8,0.028729285796294954,FINITE
6731,719,9,0.029048690330353417,FINITE
6889,869,0,0.020557252298876706,FINITE
7009,869,1,,NAN
7133,869,2,,NAN
7230,767,9,0.022902167208928664,FINITE
7330,993,0,0.036004350213616546,FINITE
7469,993,1,0.036061037023392785,FINITE
7593,993,2,0.031141624298417953,FINITE
7703,993,3,0.028716098192106618,FINITE
7810,993,4,,NAN
7902,993,5,,NAN
8971,1085,6,,NAN
9082,1085,7,,NAN
9179,1085,8,,NAN
9284,1085,9,,NAN
9404,1234,0,0.028774586117997762,FINITE
9542,1234,1,0.030184150303305984,FINITE
9639,1234,2,,NAN
9754,1234,3,,NAN
9865,1234,4,,NAN
10105,303,9,,NAN
10239,1280,4,,NAN
10324,1280,5,,NAN
10401,1280,6,,NAN
10489,1280,7,,NAN
10570,1280,8,,NAN
10644,1280,9,,NAN
10717,1437,0,,NAN
10785,1448,0,0.02130087657273058,FINITE
10863,1448,1,0.021689675300469727,FINITE
10944,1448,2,0.021744933458479426,FINITE
12251,1661,0,0.033878588887112704,FINITE
12300,1661,1,0.028914080192648607,FINITE
12346,1661,2,0.03011946492377537,FINITE
12395,1661,3,0.03276313732477059,FINITE
12438,1661,4,0.03144152072603579,FINITE
12486,1661,5,0.031559315220093524,FINITE
12536,1661,6,0.029589662494545834,FINITE
12586,1661,7,0.029498567104109915,FINITE
12630,1661,8,0.031201732065214254,FINITE
12678,1661,9,0.0301511484186247,FINITE
12793,1721,0,,NAN
12933,1757,0,1.4703449707314165,FINITE
13072,1757,1,1.4469095349182013,FINITE
13254,1757,2,,NAN
13377,1757,3,,NAN
14942,2037,9,,NAN
14969,2113,0,0.02667366189203851,FINITE
15008,2113,1,0.026414358111567546,FINITE
15040,2113,2,0.022466312041702127,FINITE
15069,2113,3,0.02270697940680063,FINITE
15113,2113,4,0.024135130882926015,FINITE
15145,2113,5,0.02531293311244444,FINITE
15177,2113,6,0.02476706408503149,FINITE
15213,2113,7,0.02326108372487186,FINITE
15255,2113,8,0.023871656563919,FINITE
15293,2113,9,0.023247801191608852,FINITE
15326,2150,0,0.020504922251495507,FINITE
15371,2150,1,0.03051997682246317,FINITE
15409,2150,2,,NAN
15449,2150,3,,NAN
15487,2150,4,,NAN
15521,2150,5,,NAN
15552,2150,6,,NAN
15587,2150,7,,NAN
15625,2150,8,,NAN
15665,2150,9,,NAN
15738,2210,0,0.4548680522854571,FINITE
15795,2210,1,,NAN
15862,2210,2,,NAN
15927,2210,3,,NAN
15993,2210,4,,NAN
16059,2210,5,,NAN
16127,2210,6,,NAN
16188,2210,7,,NAN
16254,2210,8,,NAN
16334,2210,9,,NAN
16373,2333,0,0.04283984249592015,FINITE
16413,2333,1,0.034622561530704685,FINITE
16466,2333,2,0.035810563351648866,FINITE
16519,2333,3,0.0337706944723169,FINITE
18449,2672,1,,NAN
18501,2672,2,,NAN
18544,2672,3,,NAN
18586,2672,4,,NAN
18635,2672,5,,NAN
18681,2672,6,,NAN
18725,2672,7,,NAN
18777,2672,8,,NAN
18824,2672,9,,NAN
18842,2749,0,,NAN
19004,2754,0,1.4802964532028595,FINITE
19221,2754,1,,NAN
19295,2754,2,,NAN
19424,2754,3,,NAN
19528,2754,4,,NAN
19641,2754,5,,NAN
21223,3220,0,,NAN
21259,3281,0,0,FINITE
21345,3300,0,0,FINITE
21426,3349,0,0.0010211211481455584,FINITE
21519,3381,0,,NAN
21639,3408,0,,NAN
21730,3222,4,0.29365137510916256,FINITE
21815,3222,5,0.248908387003178,FINITE
22010,3222,6,,NAN
22195,3222,7,,NAN
22385,3222,8,,NAN
22448,3510,0,,NAN
22587,3534,0,0.5736791448375624,FINITE
22650,3534,1,0.3030615329852651,FINITE
22805,3534,2,,NAN
22950,3534,3,,NAN
23098,3534,4,,NAN
23257,3534,5,,NAN
23304,3534,6,,NAN
23449,3534,7,,NAN
23571,3534,8,,NAN
23736,3674,4,,NAN
23813,3674,5,,NAN
23886,3674,6,,NAN
23963,3674,7,,NAN
24020,3674,8,,NAN
24213,3674,9,,NAN
24263,3865,0,0.01893133038257886,FINITE
24299,3865,1,0.02549216967497357,FINITE
724,76,5,0,FINITE
1331,148,4,0.001744348070518727,FINITE
1621,183,6,0.0019951284788207904,FINITE
1716,183,7,0.0018733775624863863,FINITE
1802,183,8,0.001665224499987899,FINITE
1879,204,3,0.0019035764878467811,FINITE
2030,204,4,0.001931307648935527,FINITE
2166,200,5,0.0013614898625269895,FINITE
2278,200,6,0.0014587387812074926,FINITE
2402,200,7,0.0016593131128608244,FINITE
2760,284,9,0.0014900817298852324,FINITE
2919,310,2,0.0017018619115755265,FINITE
3048,310,3,0.0017869545070042724,FINITE
3544,397,5,,NAN
3689,397,6,,NAN
3786,397,7,,NAN
3933,397,8,,NAN
4066,521,3,,NAN
4148,521,4,,NAN
4222,521,5,,NAN
4295,521,6,,NAN
4371,521,7,,NAN
4454,521,8,,NAN
4932,588,6,,NAN
5017,588,7,,NAN
5096,588,8,,NAN
5750,708,2,0.02001450725747958,FINITE
5850,708,3,0.02341970181608676,FINITE
6006,708,4,,NAN
6112,708,5,,NAN
6242,708,6,,NAN
6371,708,7,,NAN
6464,778,5,,NAN
6539,778,6,,NAN
6628,778,7,,NAN
6723,778,8,,NAN
6793,778,9,,NAN
6859,879,0,0.03363528549190829,FINITE
6947,879,1,,NAN
7006,879,2,,NAN
7090,879,3,,NAN
7231,907,3,,NAN
7391,907,4,,NAN
7562,907,5,,NAN
7733,907,6,,NAN
7820,907,7,,NAN
7887,907,8,,NAN
8972,1067,7,0.023209941654015083,FINITE
9083,1067,8,0.02175018346199875,FINITE
9170,1067,9,0.021617026015642353,FINITE
9270,1220,0,0.02952013266758901,FINITE
9390,1220,1,,NAN
9523,1220,2,,NAN
9626,1220,3,,NAN
9749,1220,4,,NAN
9866,1220,5,,NAN
10240,1261,6,,NAN
10407,1261,7,,NAN
10568,1261,8,,NAN
10767,1261,9,,NAN
10840,1459,0,0,FINITE
12252,1609,7,,NAN
12303,1609,8,,NAN
12349,1609,9,,NAN
12397,1683,0,,NAN
12445,1688,0,,NAN
12500,1694,0,0.03293514615051001,FINITE
12615,1694,1,,NAN
12666,1694,2,,NAN
12757,1694,3,,NAN
12840,1694,4,,NAN
14943,2060,3,,NAN
15025,2060,4,,NAN
15117,2060,5,,NAN
15215,2060,6,,NAN
15307,2060,7,,NAN
15421,2060,8,,NAN
15495,2060,9,,NAN
15530,2173,0,0.030375017746772807,FINITE
15562,2173,1,0.03200617795278643,FINITE
15599,2173,2,0.031029758820839793,FINITE
15639,2173,3,,NAN
15677,2173,4,,NAN
15720,2173,5,,NAN
15756,2173,6,,NAN
15806,2173,7,,NAN
15850,2173,8,,NAN
15888,2173,9,,NAN
15933,2251,0,0,FINITE
15981,2261,0,,NAN
16024,2271,0,0.2550398860189208,FINITE
16058,2271,1,0.23892236176518142,FINITE
16096,2271,2,,NAN
16137,2271,3,,NAN
16169,2271,4,,NAN
16216,2271,5,,NAN
16253,2271,6,,NAN
16290,2271,7,,NAN
16344,2271,8,,NAN
16380,2271,9,,NAN
16495,2337,0,0.5428135691661475,FINITE
18451,2653,2,,NAN
18494,2653,3,,NAN
18556,2653,4,,NAN
18685,2653,5,,NAN
18716,2653,6,,NAN
18816,2653,7,,NAN
21224,3230,0,0.26305810274382313,FINITE
21258,3230,1,0.27076560769777075,FINITE
21364,3230,2,0.28432270630030176,FINITE
21457,3230,3,,NAN
21537,3230,4,,NAN
21655,3230,5,,NAN
21731,3141,5,,NAN
21918,3141,6,,NAN
22086,3141,7,,NAN
22277,3141,8,,NAN
22359,3141,9,,NAN
22449,3506,0,0.3554793994753757,FINITE
22556,3506,1,,NAN
22649,3506,2,,NAN
22748,3506,3,,NAN
22854,3506,4,,NAN
22921,3506,5,,NAN
23012,3506,6,,NAN
23083,3506,7,,NAN
23180,3506,8,,NAN
23308,3506,9,,NAN
23365,3680,0,0.014570219901971071,FINITE
23425,3690,0,,NAN
23495,3705,0,0.36551596857672464,FINITE
23593,3705,1,0.38169733326324473,FINITE
23681,3705,2,,NAN
23737,3694,4,0.03443382674196204,FINITE
23823,3694,5,0.0329630850140653,FINITE
23905,3694,6,,NAN
23968,3694,7,,NAN
24032,3694,8,,NAN
24095,3694,9,,NAN
24155,3841,0,0.18876442931340792,FINITE
24223,3841,1,,NAN
24294,3841,2,,NAN
24334,3865,2,0.028313418648969038,FINITE
24366,3841,3,,NAN
24379,3865,3,0.02550516694387909,FINITE
24410,3865,4,0.025397831539053766,FINITE
24442,3841,4,,NAN
24445,3865,5,,NAN
24481,3865,6,,NAN
24511,3841,5,,NAN
24522,3865,7,,NAN
24547,3841,6,,NAN
24559,3865,8,,NAN
24588,3841,7,,NAN
24592,3865,9,,NAN
24628,3927,0,0.2472813553222243,FINITE
24629,3841,8,,NAN
24670,3927,1,0.24691066323865696,FINITE
24672,3841,9,,NAN
24702,3927,2,0.25090777111394047,FINITE
24725,3947,0,0.030625243981165663,FINITE
24737,3927,3,,NAN
24762,3947,1,0.03425357591514593,FINITE
24786,3927,4,,NAN
24810,3947,2,0.03301603503997649,FINITE
24838,3927,5,,NAN
24847,3867,9,,NAN
725,39,8,0,FINITE
1332,147,4,,NAN
1622,130,8,0,FINITE
1717,130,9,0,FINITE
1811,235,0,0,FINITE
1880,267,0,0.0010211211481455584,FINITE
1958,267,1,0.0005105605740727792,FINITE
2056,267,2,0.0006807474320970389,FINITE
2168,225,2,0.4099928753331565,FINITE
2761,302,0,,NAN
2920,414,0,0.03832310743134174,FINITE
3007,414,1,0.03233802897472483,FINITE
3088,414,2,,NAN
3545,462,0,0,FINITE
3682,462,1,0.0019035689848457436,FINITE
3793,462,2,0.0012690459898971624,FINITE
3935,462,3,0.001972890635066788,FINITE
4067,538,1,0.023506754696294797,FINITE
4206,538,2,0.027552016812621035,FINITE
4370,538,3,,NAN
4933,626,4,,NAN
5005,626,5,,NAN
5077,626,6,,NAN
5751,671,6,,NAN
5840,671,7,,NAN
5910,671,8,,NAN
5983,671,9,,NAN
6078,781,0,0.02356762480253828,FINITE
6158,781,1,0.020185375015131783,FINITE
6239,781,2,0.022057033250889452,FINITE
6331,781,3,0.020488316000110952,FINITE
6470,720,7,,NAN
6614,720,8,,NAN
6732,720,9,,NAN
6871,870,0,0.03223255831267805,FINITE
6999,870,1,0.0280648998817408,FINITE
7137,870,2,0.030553683323506105,FINITE
7232,870,3,0.030731795101628236,FINITE
7338,870,4,0.03030757070863576,FINITE
7468,870,5,0.030167273939159966,FINITE
7600,870,6,0.03117454290669643,FINITE
7716,870,7,,NAN
7835,870,8,,NAN
7932,870,9,,NAN
8973,1145,7,,NAN
9041,1145,8,,NAN
9105,1145,9,,NAN
9174,1212,0,0.015832622124631057,FINITE
9245,1212,1,0.02067784262307589,FINITE
9307,1212,2,,NAN
9374,1212,3,,NAN
9429,1212,4,,NAN
9499,1212,5,,NAN
9549,1212,6,,NAN
9612,1212,7,,NAN
9666,1212,8,,NAN
9724,1212,9,,NAN
9788,1292,0,0,FINITE
9848,1305,0,,NAN
10243,1259,6,,NAN
10338,1259,7,,NAN
10439,1259,8,,NAN
10525,1259,9,,NAN
10593,1420,0,0.028308328665617687,FINITE
10661,1420,1,0.02255572694667149,FINITE
10732,1420,2,0.026865765630728913,FINITE
10806,1420,3,0.023619038106853885,FINITE
10879,1420,4,0.022245389521551952,FINITE
10950,1420,5,0.022102356238925192,FINITE
12253,1636,2,,NAN
12330,1636,3,,NAN
12425,1636,4,,NAN
12507,1636,5,,NAN
12578,1636,6,,NAN
12635,1636,7,,NAN
12697,1636,8,,NAN
12752,1636,9,,NAN
12906,1744,0,,NAN
12944,1785,0,0,FINITE
13025,1790,0,,NAN
13061,1802,0,0.0010211211481455584,FINITE
13101,1806,0,,NAN
13172,1810,0,0.46212859082508273,FINITE
13240,1810,1,,NAN
13307,1810,2,,NAN
13380,1810,3,,NAN
13438,1810,4,,NAN
14944,2097,1,0.02701116250831176,FINITE
14987,2097,2,0.0309841118990383,FINITE
15022,2097,3,,NAN
15065,2097,4,,NAN
15107,2097,5,,NAN
15143,2097,6,,NAN
15189,2097,7,,NAN
15236,2097,8,,NAN
15279,2097,9,,NAN
15348,2149,0,0.026507958225105162,FINITE
15398,2149,1,0.02995423181528969,FINITE
15446,2149,2,0.029495051187188565,FINITE
15502,2149,3,0.026322069697322745,FINITE
15584,2149,4,,NAN
15636,2149,5,,NAN
15689,2149,6,,NAN
15729,2149,7,,NAN
15777,2149,8,,NAN
15814,2149,9,,NAN
15851,2230,0,0,FINITE
15883,2242,0,0.028860899371058707,FINITE
15922,2242,1,,NAN
15960,2242,2,,NAN
15994,2242,3,,NAN
16035,2242,4,,NAN
16076,2242,5,,NAN
16111,2242,6,,NAN
16157,2242,7,,NAN
16197,2242,8,,NAN
16241,2242,9,,NAN
16297,2304,0,0,FINITE
16330,2319,0,0,FINITE
16369,2331,0,0.023394998296416596,FINITE
16411,2331,1,0.023948595322725433,FINITE
16436,2331,2,0.02472127597016598,FINITE
16467,2331,3,0.029073653124468468,FINITE
16499,2331,4,0.030977194157220354,FINITE
18455,2652,3,0.2625602278604914,FINITE
18482,2652,4,0.265821852487668,FINITE
18510,2652,5,,NAN
18552,2652,6,,NAN
18598,2652,7,,NAN
18634,2652,8,,NAN
18675,2652,9,,NAN
18803,2711,0,1.0411119395070485,FINITE
18932,2711,1,1.0384474801511132,FINITE
18985,2711,2,,NAN
19051,2711,3,,NAN
19075,2711,4,,NAN
19123,2711,5,,NAN
19169,2711,6,,NAN
19222,2711,7,,NAN
19289,2711,8,,NAN
21225,3246,0,,NAN
21308,3282,0,0,FINITE
21732,3364,3,,NAN
21832,3364,4,,NAN
21907,3364,5,,NAN
21989,3364,6,,NAN
22069,3364,7,,NAN
22158,3364,8,,NAN
22238,3364,9,,NAN
22384,3462,0,,NAN
22450,3435,4,,NAN
22507,3435,5,,NAN
22574,3435,6,,NAN
22634,3435,7,,NAN
22690,3435,8,,NAN
22757,3435,9,,NAN
22823,3604,0,0.03520855639795969,FINITE
22900,3604,1,,NAN
22949,3604,2,,NAN
22994,3604,3,,NAN
23069,3604,4,,NAN
23124,3604,5,,NAN
23193,3604,6,,NAN
726,23,8,0,FINITE
727,109,1,,NAN
1333,157,4,0.002533484313139457,FINITE
1623,216,1,0.001972905641068836,FINITE
1741,216,2,0.0016556441434277434,FINITE
1881,205,3,0.0054773579338207624,FINITE
2023,205,4,0.00438188634705661,FINITE
2169,259,3,0.0010211186473954067,FINITE
2263,259,4,0.0012253413765744275,FINITE
2362,259,5,0.001021117813812023,FINITE
2762,278,9,0.001095495599870949,FINITE
2921,415,0,0.03325333879626173,FINITE
3010,415,1,0.03173132643805059,FINITE
3546,423,7,,NAN
3618,423,8,,NAN
3705,423,9,,NAN
3791,513,0,0.024033932400326984,FINITE
3865,513,1,0.019440719451591277,FINITE
3946,513,2,0.02271942272518909,FINITE
4068,479,5,,NAN
4153,479,6,,NAN
4223,479,7,,NAN
4293,479,8,,NAN
4363,479,9,,NAN
4448,582,0,0.02041860899843467,FINITE
4934,625,4,0.0275768955400393,FINITE
4993,625,5,0.02647627665006655,FINITE
5074,625,6,0.025378620997505177,FINITE
5752,701,5,0.025559662794485894,FINITE
5832,701,6,0.025041554950784837,FINITE
5898,701,7,0.026046706201565697,FINITE
5954,701,8,0.02619997565481598,FINITE
6037,701,9,0.025872846156590627,FINITE
6122,793,0,0.03705907374829942,FINITE
6203,793,1,0.031593533856452284,FINITE
6288,793,2,0.02938584000354875,FINITE
6377,793,3,0.02653005987493226,FINITE
6471,764,4,0.028717319719603417,FINITE
6624,764,5,,NAN
6742,764,6,,NAN
6880,764,7,,NAN
6997,764,8,,NAN
7128,764,9,,NAN
7233,938,2,,NAN
7300,938,3,,NAN
7368,938,4,,NAN
7446,938,5,,NAN
7500,938,6,,NAN
7572,938,7,,NAN
7639,938,8,,NAN
7722,938,9,,NAN
7822,1041,0,0.014847506502855571,FINITE
7893,1041,1,0.031255760659135406,FINITE
7977,1041,2,0.027533504556146813,FINITE
8974,1155,5,,NAN
9050,1155,6,,NAN
9112,1155,7,,NAN
9185,1155,8,,NAN
9252,1155,9,,NAN
9311,1231,0,0.02135320662011187,FINITE
9380,1231,1,0.025522982896911225,FINITE
9433,1231,2,0.022028148548167047,FINITE
9500,1231,3,0.020721892718056606,FINITE
9552,1231,4,0.019353285281491002,FINITE
9614,1231,5,0.020018182442748386,FINITE
9660,1231,6,0.01940556126526919,FINITE
9717,1231,7,0.02082535201731149,FINITE
9774,1231,8,0.021598181329870333,FINITE
9833,1231,9,0.025587350768216506,FINITE
9889,1314,0,0.024916159872371398,FINITE
10244,1237,7,,NAN
10323,1237,8,,NAN
10420,1237,9,,NAN
10490,1401,0,0.035313216492722066,FINITE
10571,1401,1,0.03004190511273155,FINITE
10640,1401,2,0.02660370499145816,FINITE
10710,1401,3,0.029788735662845435,FINITE
10784,1401,4,0.02974140919924469,FINITE
10842,1401,5,0.027484190024220798,FINITE
10913,1401,6,,NAN
10976,1401,7,,NAN
12254,1474,7,,NAN
12466,1474,8,,NAN
12617,1474,9,,NAN
12868,1714,0,1.2799933036152051,FINITE
13104,1714,1,,NAN
13322,1714,2,,NAN
14945,2063,2,0.7020833764113291,FINITE
14973,2063,3,0.5311004824653238,FINITE
15041,2063,4,,NAN
15139,2063,5,,NAN
15175,2063,6,,NAN
15217,2063,7,,NAN
15287,2063,8,,NAN
15321,2063,9,,NAN
15366,2153,0,0.020748225646699935,FINITE
15401,2153,1,0.01986499192300998,FINITE
15443,2153,2,,NAN
15477,2153,3,,NAN
15510,2153,4,,NAN
15544,2153,5,,NAN
15579,2153,6,,NAN
15617,2153,7,,NAN
15656,2153,8,,NAN
15690,2153,9,,NAN
15730,2215,0,0.042596901498702516,FINITE
15759,2215,1,0.036472429439492,FINITE
15805,2215,2,0.030919492293652002,FINITE
15846,2215,3,0.028004380420290027,FINITE
15886,2215,4,0.027861001932307256,FINITE
15935,2215,5,0.026312123365028372,FINITE
15986,2215,6,0.026251061537081535,FINITE
16018,2215,7,0.025788020592060822,FINITE
16051,2215,8,0.026331529036285134,FINITE
16089,2215,9,,NAN
16129,2287,0,0.021334859778410327,FINITE
16166,2287,1,0.022806047786970866,FINITE
16208,2287,2,0.0264332370377437,FINITE
16246,2287,3,0.029488108798209605,FINITE
16274,2287,4,0.028899271811753956,FINITE
16317,2287,5,0.027624150930686566,FINITE
16364,2287,6,0.02592496282635906,FINITE
16402,2287,7,0.026709419690284605,FINITE
16446,2287,8,0.02710734273083577,FINITE
16498,2287,9,,NAN
16531,2365,0,0.029743076692665057,FINITE
18456,2604,8,0.026747873522228897,FINITE
18481,2604,9,,NAN
18522,2688,0,0.03256217496094322,FINITE
18561,2688,1,0.039506191639029846,FINITE
18605,2688,2,0.03523165014814429,FINITE
18641,2688,3,0.03435682705837225,FINITE
18677,2688,4,,NAN
18704,2688,5,,NAN
18728,2688,6,,NAN
18752,2688,7,,NAN
18774,2688,8,,NAN
18796,2688,9,,NAN
21234,3213,0,,NAN
21317,3285,0,0,FINITE
21417,3331,0,,NAN
21503,3379,0,0.005849290222963968,FINITE
21590,3404,0,0.030349979941814376,FINITE
21733,3248,4,,NAN
21823,3248,5,,NAN
21901,3248,6,,NAN
22088,3248,7,,NAN
22264,3248,8,,NAN
22451,3437,4,,NAN
22615,3437,5,,NAN
22678,3437,6,,NAN
22754,3437,7,,NAN
22824,3437,8,,NAN
22993,3437,9,,NAN
23073,3649,0,0.01953633140108794,FINITE
728,102,4,,NAN
1334,168,4,0.0013636262697479622,FINITE
1624,165,7,0.0009625761495554168,FINITE
1724,165,8,0.0008556232440492593,FINITE
1807,165,9,0.0007700609196443335,FINITE
1882,207,3,0.0027256439820797273,FINITE
2033,207,4,0.0021805151856637817,FINITE
2170,218,5,0.0021893035982402374,FINITE
2289,218,6,0.002148487226041415,FINITE
2763,280,9,0.026283432420208037,FINITE
2851,384,0,0.026905541284729613,FINITE
2922,364,1,0.012018618322032456,FINITE
3012,364,2,0.019258279156715023,FINITE
3547,410,8,0.024991559196527388,FINITE
3624,410,9,,NAN
3712,493,0,0.027589842482517633,FINITE
3797,493,1,0.01968718794663976,FINITE
3866,493,2,,NAN
3954,493,3,,NAN
4069,373,7,,NAN
4205,373,8,,NAN
4375,373,9,,NAN
4935,586,6,0.027885861842276753,FINITE
5014,586,7,0.025786771486861586,FINITE
5090,586,8,0.0255364237213057,FINITE
5753,695,5,,NAN
5854,695,6,,NAN
5925,695,7,,NAN
6002,695,8,,NAN
6086,695,9,,NAN
6159,812,0,,NAN
6243,825,0,0.011923176711203924,FINITE
6337,825,1,0.017441949132296384,FINITE
6475,673,8,,NAN
6626,673,9,,NAN
6757,857,0,0.02157816317361464,FINITE
6897,857,1,0.016707513315878865,FINITE
7038,857,2,0.020692676605268294,FINITE
7141,857,3,0.023361696937729052,FINITE
7234,976,0,0.022408090676473796,FINITE
7290,976,1,0.025509381906569824,FINITE
7364,976,2,,NAN
7434,976,3,,NAN
7591,976,4,,NAN
7775,976,5,,NAN
7855,976,6,,NAN
8975,1167,4,,NAN
9047,1167,5,,NAN
9107,1167,6,,NAN
9181,1167,7,,NAN
9249,1167,8,,NAN
9306,1167,9,,NAN
9370,1235,0,0.021164155548026135,FINITE
9423,1235,1,,NAN
9480,1235,2,,NAN
9541,1235,3,,NAN
9598,1235,4,,NAN
9643,1235,5,,NAN
9700,1235,6,,NAN
9751,1235,7,,NAN
9810,1235,8,,NAN
9867,1235,9,,NAN
10247,1247,5,,NAN
10352,1247,6,,NAN
10446,1247,7,,NAN
10529,1247,8,,NAN
10597,1247,9,,NAN
10724,1430,0,0.43759143834621755,FINITE
10826,1430,1,0.42959557255316794,FINITE
12255,1664,0,0.028669926023235377,FINITE
12309,1664,1,0.030850180466442997,FINITE
12361,1664,2,,NAN
12408,1664,3,,NAN
12465,1664,4,,NAN
12521,1664,5,,NAN
12563,1664,6,,NAN
12614,1664,7,,NAN
12665,1664,8,,NAN
12709,1664,9,,NAN
12887,1729,0,1.4588227170490464,FINITE
13071,1729,1,,NAN
13249,1729,2,,NAN
13446,1729,3,,NAN
14946,2079,3,0.03184031594628262,FINITE
14989,2079,4,0.0312424679246516,FINITE
15036,2079,5,,NAN
15067,2079,6,,NAN
15110,2079,7,,NAN
15147,2079,8,,NAN
15196,2079,9,,NAN
15242,2141,0,0.01777174614125967,FINITE
15289,2141,1,0.027302931668028,FINITE
15342,2141,2,0.02482393712846977,FINITE
15385,2141,3,0.025331255655689434,FINITE
15430,2141,4,0.027123908282239307,FINITE
15490,2141,5,0.025803222220805222,FINITE
15553,2141,6,0.024636062309378436,FINITE
15606,2141,7,0.025643900220017845,FINITE
15662,2141,8,0.026568226799587858,FINITE
15705,2141,9,0.02603556648824521,FINITE
15801,2217,0,0.6389144522384145,FINITE
15894,2217,1,0.6299165677218967,FINITE
15969,2217,2,0.6228604091160209,FINITE
16083,2217,3,0.6226437684369956,FINITE
16182,2217,4,,NAN
16293,2217,5,,NAN
16332,2217,6,,NAN
16418,2217,7,,NAN
16488,2217,8,,NAN
18457,2498,8,,NAN
18560,2498,9,,NAN
18602,2696,0,0.032423531660501305,FINITE
18631,2696,1,0.02836737533085607,FINITE
18674,2696,2,0.02683111627069118,FINITE
18699,2696,3,,NAN
18719,2696,4,,NAN
18741,2696,5,,NAN
18766,2696,6,,NAN
18786,2696,7,,NAN
18809,2696,8,,NAN
18831,2696,9,,NAN
18864,2751,0,0.3689527569286498,FINITE
18892,2751,1,,NAN
18919,2751,2,,NAN
18944,2751,3,,NAN
18964,2751,4,,NAN
18980,2751,5,,NAN
18999,2751,6,,NAN
19020,2751,7,,NAN
19039,2751,8,,NAN
19059,2751,9,,NAN
19079,2781,0,,NAN
19092,2786,0,0.020004591349795445,FINITE
19109,2786,1,0.027134852505576103,FINITE
19130,2786,2,0.025870791086729166,FINITE
19147,2786,3,0.025818519920537564,FINITE
19164,2786,4,,NAN
19180,2786,5,,NAN
19197,2786,6,,NAN
19215,2786,7,,NAN
19241,2786,8,,NAN
19259,2786,9,,NAN
19281,2809,0,0.18076735189732998,FINITE
19303,2809,1,,NAN
19330,2809,2,,NAN
19353,2809,3,,NAN
19369,2809,4,,NAN
19383,2809,5,,NAN
19402,2809,6,,NAN
19425,2809,7,,NAN
19439,2809,8,,NAN
19457,2809,9,,NAN
19471,2841,0,0.027148844679934028,FINITE
19488,2841,1,,NAN
19506,2841,2,,NAN
19521,2841,3,,NAN
19539,2841,4,,NAN
19557,2841,5,,NAN
19571,2841,6,,NAN
19583,2841,7,,NAN
19595,2841,8,,NAN
19612,2841,9,,NAN
19624,2869,0,0.0228151554137587,FINITE
729,35,8,,NAN
1335,151,4,0.0026271483106854797,FINITE
1625,203,1,0.0020422122852878323,FINITE
1748,203,2,0.001361474856858555,FINITE
1883,257,0,0,FINITE
1971,257,1,0.0010211161466452553,FINITE
2059,257,2,0.0006807440977635035,FINITE
2171,203,5,0.0008509242864535371,FINITE
2288,203,6,0.0008752381238381115,FINITE
2401,203,7,0.0010211123950196613,FINITE
2764,271,7,,NAN
2847,271,8,,NAN
2923,323,2,,NAN
3003,323,3,,NAN
3548,422,7,0.026819802201561237,FINITE
3632,422,8,0.025789467466694076,FINITE
3718,422,9,0.026391695540317568,FINITE
3799,519,0,0.03509033268138578,FINITE
3870,519,1,0.03361828887050146,FINITE
3959,519,2,0.03156259230769295,FINITE
4070,459,5,0.00133837597661921,FINITE
4216,459,6,0.0011471794085307512,FINITE
4389,459,7,0.0015143350537863655,FINITE
4936,604,5,0.026749759900757137,FINITE
5011,604,6,0.026732402012626912,FINITE
5084,604,7,0.025588448360228104,FINITE
5754,718,4,0.020353977757210852,FINITE
5810,718,5,,NAN
5873,718,6,,NAN
5937,718,7,,NAN
5993,718,8,,NAN
6094,718,9,,NAN
6172,813,0,0.028669926023235377,FINITE
6248,813,1,0.022268265676773043,FINITE
6340,813,2,0.027681229764507712,FINITE
6477,749,6,,NAN
6619,749,7,,NAN
6750,749,8,,NAN
6895,749,9,,NAN
7019,913,0,0,FINITE
7140,946,0,,NAN
7235,857,4,0.024328306197251234,FINITE
7339,857,5,,NAN
7478,857,6,,NAN
7623,857,7,,NAN
7724,857,8,,NAN
7848,857,9,,NAN
8976,1135,8,,NAN
9052,1135,9,,NAN
9111,1201,0,0.03026366668875352,FINITE
9176,1201,1,0.0292859976771856,FINITE
9242,1201,2,,NAN
9303,1201,3,,NAN
9367,1201,4,,NAN
9421,1201,5,,NAN
9484,1201,6,,NAN
9540,1201,7,,NAN
9595,1201,8,,NAN
9656,1201,9,,NAN
9715,1276,0,0.038211524497391444,FINITE
9770,1276,1,0.042488699614679666,FINITE
9815,1276,2,,NAN
9878,1276,3,,NAN
10248,1355,0,0.18749957997671723,FINITE
10334,1355,1,,NAN
10445,1355,2,,NAN
10520,1355,3,,NAN
10594,1355,4,,NAN
10664,1355,5,,NAN
10739,1355,6,,NAN
10813,1355,7,,NAN
10897,1355,8,,NAN
10970,1355,9,,NAN
12257,1601,7,,NAN
12335,1601,8,,NAN
12429,1601,9,,NAN
12607,1692,0,0.6465371787747443,FINITE
12734,1692,1,,NAN
12822,1692,2,,NAN
12902,1692,3,,NAN
12945,1692,4,,NAN
13030,1692,5,,NAN
13118,1692,6,,NAN
13206,1692,7,,NAN
13294,1692,8,,NAN
13376,1692,9,,NAN
13415,1847,0,0.019813618001972004,FINITE
13461,1847,1,0.02150882147528258,FINITE
14947,2107,0,,NAN
14991,2114,0,0.019068071452380864,FINITE
15028,2114,1,,NAN
15070,2114,2,,NAN
15108,2114,3,,NAN
15148,2114,4,,NAN
15198,2114,5,,NAN
15247,2114,6,,NAN
15297,2114,7,,NAN
15355,2114,8,,NAN
15394,2114,9,,NAN
15442,2158,0,0.03959372164901008,FINITE
15500,2158,1,,NAN
15570,2158,2,,NAN
15622,2158,3,,NAN
15672,2158,4,,NAN
15713,2158,5,,NAN
15750,2158,6,,NAN
15793,2158,7,,NAN
15829,2158,8,,NAN
15864,2158,9,,NAN
15906,2246,0,0.03446508259053481,FINITE
15941,2246,1,0.02995091622949735,FINITE
15973,2246,2,0.025550875879779635,FINITE
16013,2246,3,0.024557697703238412,FINITE
16056,2246,4,0.02395132478783742,FINITE
16097,2246,5,0.024778308892937816,FINITE
16148,2246,6,0.024877226633109477,FINITE
16191,2246,7,0.024696195991732808,FINITE
16230,2246,8,,NAN
16278,2246,9,,NAN
16318,2315,0,0.0020422322932905105,FINITE
16407,2328,0,,NAN
16439,2341,0,0.369442276063717,FINITE
16471,2341,1,0.4144504411112617,FINITE
16504,2341,2,0.4026820469066846,FINITE
18459,2611,7,,NAN
18484,2611,8,,NAN
18526,2611,9,,NAN
18565,2693,0,0.027148844679934035,FINITE
18603,2693,1,0.028515282336520613,FINITE
18632,2693,2,0.03102065841771647,FINITE
18672,2693,3,0.03024535859598316,FINITE
18702,2693,4,,NAN
18726,2693,5,,NAN
18747,2693,6,,NAN
18771,2693,7,,NAN
18795,2693,8,,NAN
18818,2693,9,,NAN
18850,2747,0,,NAN
18875,2756,0,0.03002036329354912,FINITE
18898,2756,1,,NAN
18924,2756,2,,NAN
18943,2756,3,,NAN
18961,2756,4,,NAN
18973,2756,5,,NAN
18992,2756,6,,NAN
19010,2756,7,,NAN
19029,2756,8,,NAN
19052,2756,9,,NAN
19072,2779,0,0.024631950432299106,FINITE
19087,2779,1,0.036001267567450285,FINITE
19104,2779,2,0.03246231831865972,FINITE
19122,2779,3,0.032844213689654664,FINITE
19139,2779,4,0.03361488429488903,FINITE
19158,2779,5,0.034068411852940426,FINITE
19174,2779,6,,NAN
19189,2779,7,,NAN
19208,2779,8,,NAN
19230,2779,9,,NAN
19253,2803,0,0.03543351295146233,FINITE
19270,2803,1,0.02977687930242497,FINITE
19291,2803,2,0.02924114799000853,FINITE
19311,2803,3,0.028598551292080283,FINITE
730,38,7,,NAN
1336,171,4,0.0015401258416898786,FINITE
1626,208,1,0.0005105605740727792,FINITE
1750,208,2,0.0006807474320970389,FINITE
1884,259,0,0,FINITE
1968,259,1,0.0010211161466452553,FINITE
2064,259,2,0.001021117813812023,FINITE
2172,227,4,0.08620830837652951,FINITE
2357,227,5,,NAN
2765,324,0,0.023619954849919474,FINITE
2924,399,0,0.02483180899729954,FINITE
3039,399,1,0.03530441689223593,FINITE
3549,399,5,0.02656283585103271,FINITE
3697,399,6,0.025539243315263166,FINITE
3798,399,7,,NAN
3940,399,8,,NAN
4071,473,5,0.0021112602731221037,FINITE
4159,473,6,0.001955526112411169,FINITE
4230,473,7,0.0019663643850210866,FINITE
4307,473,8,0.002088249834955871,FINITE
4384,473,9,0.0019815369662748395,FINITE
4468,586,0,0.02784206118214408,FINITE
4937,548,6,,NAN
5098,548,7,,NAN
5755,750,0,0.018047140532545688,FINITE
5887,750,1,0.032734821319179194,FINITE
6020,750,2,,NAN
6128,750,3,,NAN
6273,750,4,,NAN
6378,750,5,,NAN
6478,742,6,,NAN
6627,742,7,,NAN
6778,742,8,,NAN
6905,742,9,,NAN
7032,915,0,,NAN
7154,949,0,0.05929172742771653,FINITE
7236,890,4,0.03133120971859427,FINITE
7311,890,5,0.03143556048925512,FINITE
7392,890,6,,NAN
7467,890,7,,NAN
7542,890,8,,NAN
7612,890,9,,NAN
7690,1033,0,0.025245776520636445,FINITE
7776,1033,1,0.02423843091786062,FINITE
7852,1033,2,0.022238955975229402,FINITE
7946,1033,3,0.02352266728978128,FINITE
8977,1182,0,0.03832521029397916,FINITE
9087,1182,1,,NAN
9187,1182,2,,NAN
9304,1182,3,,NAN
9437,1182,4,,NAN
9545,1182,5,,NAN
9640,1182,6,,NAN
9758,1182,7,,NAN
9879,1182,8,,NAN
10249,1315,3,0.02392563824060312,FINITE
10329,1315,4,0.024411100696104082,FINITE
10429,1315,5,0.025075024233199822,FINITE
10516,1315,6,0.02602150751117446,FINITE
10590,1315,7,0.025442217800501578,FINITE
10663,1315,8,,NAN
10734,1315,9,,NAN
10800,1451,0,0.0338193360005433,FINITE
10871,1451,1,0.031063832333080493,FINITE
10946,1451,2,0.032322590371051375,FINITE
12258,1662,0,0.03233029556825224,FINITE
12311,1662,1,,NAN
12365,1662,2,,NAN
12412,1662,3,,NAN
12464,1662,4,,NAN
12519,1662,5,,NAN
12573,1662,6,,NAN
12612,1662,7,,NAN
12660,1662,8,,NAN
12703,1662,9,,NAN
12785,1727,0,0.5036567641315395,FINITE
12845,1727,1,,NAN
12911,1727,2,,NAN
12984,1727,3,,NAN
13068,1727,4,,NAN
13151,1727,5,,NAN
13183,1727,6,,NAN
13261,1727,7,,NAN
13334,1727,8,,NAN
13417,1727,9,,NAN
13462,1860,0,,NAN
14948,2095,0,0.6215255864469491,FINITE
15026,2095,1,0.6252210544200673,FINITE
15052,2095,2,0.4263425747022121,FINITE
15156,2095,3,,NAN
15249,2095,4,,NAN
15317,2095,5,,NAN
15420,2095,6,,NAN
15460,2095,7,,NAN
15551,2095,8,,NAN
15658,2095,9,,NAN
15699,2209,0,,NAN
15740,2216,0,0.0437038948186501,FINITE
15776,2216,1,0.03749418604817309,FINITE
15816,2216,2,0.0377879365250231,FINITE
15860,2216,3,0.036529239470958964,FINITE
15902,2216,4,0.03637601749671273,FINITE
15949,2216,5,0.03724838034580855,FINITE
15995,2216,6,0.036700380525735474,FINITE
16026,2216,7,,NAN
16060,2216,8,,NAN
16099,2216,9,,NAN
16134,2288,0,0.03657727025708633,FINITE
16170,2288,1,0.040581595897481816,FINITE
16213,2288,2,0.037666736559594086,FINITE
16267,2288,3,0.18954267251538456,FINITE
16308,2288,4,0.16077638633312408,FINITE
16357,2288,5,,NAN
16397,2288,6,,NAN
16447,2288,7,,NAN
16505,2288,8,,NAN
18462,2648,3,,NAN
18493,2648,4,,NAN
18536,2648,5,,NAN
18573,2648,6,,NAN
18608,2648,7,,NAN
18650,2648,8,,NAN
18691,2648,9,,NAN
18811,2713,0,,NAN
18840,2746,0,,NAN
18867,2753,0,0.03686599753783878,FINITE
18887,2753,1,,NAN
18913,2753,2,,NAN
18934,2753,3,,NAN
18952,2753,4,,NAN
18971,2753,5,,NAN
18990,2753,6,,NAN
19007,2753,7,,NAN
19024,2753,8,,NAN
19048,2753,9,,NAN
19070,2778,0,,NAN
19085,2785,0,,NAN
19102,2787,0,0.02649159381855007,FINITE
19121,2787,1,0.02410420014630337,FINITE
19140,2787,2,0.02451349668876808,FINITE
19157,2787,3,0.02589021333996334,FINITE
19172,2787,4,,NAN
19187,2787,5,,NAN
19205,2787,6,,NAN
19229,2787,7,,NAN
19252,2787,8,,NAN
19268,2787,9,,NAN
19290,2811,0,0.003063333434434146,FINITE
19314,2815,0,0.02163049322099573,FINITE
19343,2815,1,0.028956065017748115,FINITE
19359,2815,2,0.02495129952122122,FINITE
19379,2815,3,0.026391363949472516,FINITE
19393,2815,4,0.02577115879990881,FINITE
19412,2815,5,0.0251356619281687,FINITE
19433,2815,6,,NAN
19449,2815,7,,NAN
19462,2815,8,,NAN
19478,2815,9,,NAN
19495,2846,0,0.02861067313666607,FINITE
19505,2846,1,0.0331121600433667,FINITE
19523,2846,2,,NAN
731,54,8,0.00011345790534950649,FINITE
1337,158,4,0.00231201144030188,FINITE
1627,158,7,0.0028490199658833515,FINITE
1730,158,8,0.0028728325735001064,FINITE
1816,158,9,0.002585549316150096,FINITE
1885,256,0,0,FINITE
1979,256,1,0.0010211161466452553,FINITE
2062,256,2,0.001021117813812023,FINITE
2173,204,5,0.001926687872921019,FINITE
2291,204,6,0.0016514467482180162,FINITE
2408,204,7,0.001572656048208959,FINITE
2766,314,0,0.6488274897959958,FINITE
2925,402,0,,NAN
2998,431,0,0.015261574251686744,FINITE
3090,431,1,0.02027984040985225,FINITE
3550,389,8,0.027210644626388485,FINITE
3617,389,9,0.027891303382505096,FINITE
3707,490,0,,NAN
3788,514,0,0.023895289099884948,FINITE
3856,514,1,0.028532183654988795,FINITE
3939,514,2,0.028440121976071358,FINITE
4072,520,3,0.02439801932917968,FINITE
4154,520,4,,NAN
4224,520,5,,NAN
4304,520,6,,NAN
4376,520,7,,NAN
4450,520,8,,NAN
4938,624,4,,NAN
5022,624,5,,NAN
5111,624,6,,NAN
5756,729,1,,NAN
5872,729,2,,NAN
6026,729,3,,NAN
6123,729,4,,NAN
6270,729,5,,NAN
6369,729,6,,NAN
6480,734,6,,NAN
6613,734,7,,NAN
6737,734,8,,NAN
6894,734,9,,NAN
7023,912,0,,NAN
7146,947,0,0.03776161139038571,FINITE
7237,971,0,0,FINITE
7358,994,0,0.021439519873172608,FINITE
7475,994,1,0.01919064420067002,FINITE
7605,994,2,0.020216911925790636,FINITE
7712,994,3,0.02101992931986701,FINITE
7829,994,4,0.023690312755550825,FINITE
7924,994,5,0.024157192932717366,FINITE
8978,1148,7,0.02708854170413602,FINITE
9049,1148,8,,NAN
9115,1148,9,,NAN
9183,1213,0,0.018324427133429754,FINITE
9250,1213,1,0.019345353042241727,FINITE
9308,1213,2,0.02067779144450625,FINITE
9376,1213,3,,NAN
9428,1213,4,,NAN
9495,1213,5,,NAN
9554,1213,6,,NAN
9629,1213,7,,NAN
9682,1213,8,,NAN
9739,1213,9,,NAN
9792,1295,0,0,FINITE
9854,1307,0,0.03953480102483049,FINITE
10252,1200,4,,NAN
10427,1200,5,,NAN
10608,1200,6,,NAN
10752,1200,7,,NAN
10852,1200,8,,NAN
12259,1663,0,0.046315961624962244,FINITE
12310,1663,1,,NAN
12360,1663,2,,NAN
12405,1663,3,,NAN
12458,1663,4,,NAN
12509,1663,5,,NAN
12576,1663,6,,NAN
12622,1663,7,,NAN
12672,1663,8,,NAN
12717,1663,9,,NAN
12791,1732,0,0.7017494459601175,FINITE
12853,1732,1,,NAN
12883,1732,2,,NAN
12960,1732,3,,NAN
12995,1732,4,,NAN
13027,1732,5,,NAN
13063,1732,6,,NAN
13162,1732,7,,NAN
13203,1732,8,,NAN
13290,1732,9,,NAN
13319,1833,0,,NAN
13357,1834,0,0.014517889854590203,FINITE
13392,1834,1,0.019673868236950328,FINITE
13432,1834,2,0.019426355618826576,FINITE
13470,1834,3,0.019440767052546677,FINITE
14949,2108,0,0.01893133038257897,FINITE
14978,2108,1,,NAN
15016,2108,2,,NAN
15074,2108,3,,NAN
15115,2108,4,,NAN
15155,2108,5,,NAN
15187,2108,6,,NAN
15225,2108,7,,NAN
15260,2108,8,,NAN
15294,2108,9,,NAN
15324,2151,0,0.023342668249035296,FINITE
15372,2151,1,0.029614256344756666,FINITE
15413,2151,2,0.027322073338084202,FINITE
15456,2151,3,0.025237470111053192,FINITE
15492,2151,4,0.026590520398992967,FINITE
15525,2151,5,0.027245868073816817,FINITE
15558,2151,6,0.027960873371040057,FINITE
15601,2151,7,0.026641782485574382,FINITE
15638,2151,8,0.027295827959984295,FINITE
15671,2151,9,0.02678979158102109,FINITE
15848,2212,0,,NAN
15887,2240,0,,NAN
15944,2250,0,0,FINITE
15971,2263,0,0.03489935933356267,FINITE
16034,2263,1,,NAN
16072,2263,2,,NAN
16105,2263,3,,NAN
16142,2263,4,,NAN
16229,2263,5,,NAN
16313,2263,6,,NAN
16360,2263,7,,NAN
16403,2263,8,,NAN
16483,2263,9,,NAN
16522,2362,0,0.01884501712951813,FINITE
18465,2636,5,0.02440651278668976,FINITE
18487,2636,6,0.026252644890019102,FINITE
18532,2636,7,0.026944150258321392,FINITE
18570,2636,8,0.026880279665692685,FINITE
18609,2636,9,,NAN
18655,2701,0,,NAN
18695,2707,0,,NAN
18733,2716,0,,NAN
18756,2722,0,0,FINITE
18778,2733,0,0,FINITE
18804,2740,0,0.02797871201735242,FINITE
18822,2740,1,0.026474582157547052,FINITE
18845,2740,2,,NAN
18873,2740,3,,NAN
18896,2740,4,,NAN
18920,2740,5,,NAN
18940,2740,6,,NAN
18962,2740,7,,NAN
18979,2740,8,,NAN
18998,2740,9,,NAN
21252,3227,0,,NAN
21346,3296,0,0,FINITE
21734,3348,3,,NAN
21834,3348,4,,NAN
21911,3348,5,,NAN
22018,3348,6,,NAN
22105,3348,7,,NAN
22202,3348,8,,NAN
22291,3348,9,,NAN
22452,3485,1,,NAN
22508,3485,2,,NAN
22579,3485,3,,NAN
22640,3485,4,,NAN
22688,3485,5,,NAN
732,97,5,0.025714949618393528,FINITE
733,106,2,,NAN
1338,152,4,0.0008168929173162042,FINITE
1628,218,1,0.0010211161466452553,FINITE
1754,218,2,0.0017018552425748853,FINITE
1886,217,3,0.0020422247905397006,FINITE
2045,217,4,0.0016337798324317604,FINITE
2174,205,5,0.003821758813904768,FINITE
2295,205,6,0.0034216677187963096,FINITE
2394,205,7,0.0031215993974649655,FINITE
2767,297,3,0.0007658383603590172,FINITE
2926,234,9,0.002947153772234105,FINITE
3055,432,0,0.03600643299493202,FINITE
3551,403,5,,NAN
3701,403,6,,NAN
3811,403,7,,NAN
3942,403,8,,NAN
4073,549,0,0.029795406740046358,FINITE
4210,549,1,,NAN
4374,549,2,,NAN
4939,649,0,,NAN
5073,653,0,0.028533285219120557,FINITE
5757,645,6,0.02537415533045348,FINITE
5883,645,7,0.02535810797922638,FINITE
6023,645,8,0.026715824968395724,FINITE
6146,645,9,0.02709630086019648,FINITE
6281,824,0,0.014431576601529366,FINITE
6487,735,6,,NAN
6629,735,7,,NAN
6776,735,8,,NAN
6906,735,9,,NAN
7039,916,0,0.0280833721121147,FINITE
7238,803,8,,NAN
7513,803,9,,NAN
7660,1018,0,0.01666448192728315,FINITE
7765,1018,1,0.020375372187495716,FINITE
7884,1018,2,,NAN
7965,1018,3,,NAN
8979,1172,3,0.028302694176853695,FINITE
9057,1172,4,0.030631876937115953,FINITE
9116,1172,5,,NAN
9186,1172,6,,NAN
9254,1172,7,,NAN
9320,1172,8,,NAN
9386,1172,9,,NAN
9436,1250,0,,NAN
9509,1258,0,0.020218900971474017,FINITE
9569,1258,1,,NAN
9627,1258,2,,NAN
9678,1258,3,,NAN
9729,1258,4,,NAN
9779,1258,5,,NAN
9843,1258,6,,NAN
10254,1356,0,,NAN
10328,1365,0,,NAN
10417,1381,0,0,FINITE
10507,1400,0,0.02027996569799264,FINITE
10581,1400,1,0.032873951953435177,FINITE
10651,1400,2,0.028797156486269335,FINITE
10714,1400,3,,NAN
10791,1400,4,,NAN
10860,1400,5,,NAN
10930,1400,6,,NAN
12263,1610,6,0.029919168243692364,FINITE
12328,1610,7,0.02849369727338743,FINITE
12424,1610,8,0.02904399366645292,FINITE
12490,1610,9,0.02790290458388938,FINITE
12657,1701,0,,NAN
12875,1719,0,,NAN
12910,1781,0,0.023756645799442925,FINITE
12953,1781,1,0.0270533128706286,FINITE
12986,1781,2,0.02910023721698324,FINITE
13026,1781,3,,NAN
13058,1781,4,,NAN
13099,1781,5,,NAN
13133,1781,6,,NAN
13177,1781,7,,NAN
13213,1781,8,,NAN
13256,1781,9,,NAN
13339,1825,0,0.6228176773136456,FINITE
13436,1825,1,,NAN
14950,2076,5,0.02433329099617076,FINITE
14979,2076,6,0.024965140750474412,FINITE
15015,2076,7,0.02453522729744429,FINITE
15042,2076,8,0.024093230075381226,FINITE
15076,2076,9,0.024986950558808143,FINITE
15116,2128,0,0,FINITE
15154,2131,0,0.026491593818549958,FINITE
15180,2131,1,0.028507100133243004,FINITE
15214,2131,2,0.02918437699819691,FINITE
15253,2131,3,,NAN
15290,2131,4,,NAN
15320,2131,5,,NAN
15368,2131,6,,NAN
15405,2131,7,,NAN
15450,2131,8,,NAN
15488,2131,9,,NAN
15523,2171,0,0.023758598150361396,FINITE
15557,2171,1,0.03187059466710297,FINITE
15592,2171,2,,NAN
15635,2171,3,,NAN
15674,2171,4,,NAN
15712,2171,5,,NAN
15749,2171,6,,NAN
15784,2171,7,,NAN
15830,2171,8,,NAN
15873,2171,9,,NAN
15920,2248,0,,NAN
15966,2257,0,0.029692759173710684,FINITE
16002,2257,1,0.025236522875176387,FINITE
16033,2257,2,0.02628922922301043,FINITE
16071,2257,3,0.029690991399953747,FINITE
16108,2257,4,0.02707522349594339,FINITE
16145,2257,5,0.025648586326828326,FINITE
16183,2257,6,0.025450058130685686,FINITE
16224,2257,7,0.024900997511540745,FINITE
16259,2257,8,,NAN
16296,2257,9,,NAN
16345,2318,0,0,FINITE
16379,2335,0,0.062192151930645014,FINITE
16429,2335,1,0.04388278634674096,FINITE
16485,2335,2,,NAN
16529,2335,3,,NAN
18467,2668,2,,NAN
18506,2668,3,,NAN
18551,2668,4,,NAN
18597,2668,5,,NAN
18627,2668,6,,NAN
18670,2668,7,,NAN
18703,2668,8,,NAN
18722,2668,9,,NAN
18757,2720,0,0.36782817319874445,FINITE
18794,2720,1,0.3785795606563007,FINITE
18829,2720,2,0.3893911350331376,FINITE
18868,2720,3,,NAN
18915,2720,4,,NAN
18945,2720,5,,NAN
18969,2720,6,,NAN
18987,2720,7,,NAN
19009,2720,8,,NAN
19065,2720,9,,NAN
19083,2782,0,0.152341723484932,FINITE
19097,2782,1,,NAN
19118,2782,2,,NAN
19135,2782,3,,NAN
19153,2782,4,,NAN
19170,2782,5,,NAN
19186,2782,6,,NAN
19204,2782,7,,NAN
19224,2782,8,,NAN
19251,2782,9,,NAN
19269,2807,0,0.03438083204149953,FINITE
19286,2807,1,0.03291896791265858,FINITE
19305,2807,2,,NAN
19332,2807,3,,NAN
19351,2807,4,,NAN
19368,2807,5,,NAN
19381,2807,6,,NAN
19394,2807,7,,NAN
19413,2807,8,,NAN
19434,2807,9,,NAN
734,50,8,0,FINITE
1339,143,4,,NAN
1629,147,7,,NAN
1756,147,8,,NAN
1827,147,9,,NAN
1887,208,3,0.0012763939326813157,FINITE
2042,208,4,0.0012253393757741642,FINITE
2175,207,5,0.001987282846077411,FINITE
2296,207,6,0.001995132767107854,FINITE
2768,285,9,,NAN
2852,385,0,0.030711557234226396,FINITE
2927,417,0,,NAN
3002,433,0,0.017546789587756684,FINITE
3086,433,1,0.02206135711211052,FINITE
3552,385,8,,NAN
3631,385,9,,NAN
3709,495,0,,NAN
3790,515,0,0.03216459190131878,FINITE
3860,515,1,0.029561231616714794,FINITE
3943,515,2,0.029527110162007486,FINITE
4074,450,6,0.0020025913361578092,FINITE
4209,450,7,0.002007546455799397,FINITE
4366,450,8,0.001784485738488353,FINITE
4479,450,9,0.0020697617398401837,FINITE
4940,587,6,0.025308992075055676,FINITE
5037,587,7,0.025849304785513033,FINITE
5099,587,8,0.027011459496121812,FINITE
5758,730,1,0.03149578269293132,FINITE
5874,730,2,0.030387083583679465,FINITE
6021,730,3,0.028184853481163286,FINITE
6121,730,4,0.027642029399758516,FINITE
6263,730,5,0.02806152559879727,FINITE
6382,730,6,,NAN
6491,708,8,,NAN
6633,708,9,,NAN
6765,858,0,0.028151338523474213,FINITE
6892,858,1,0.0279957036201923,FINITE
7001,858,2,0.027557330657203782,FINITE
7132,858,3,0.026979442123061977,FINITE
7239,847,9,,NAN
7321,995,0,0.018983660429960157,FINITE
7386,995,1,0.018140111891662262,FINITE
7458,995,2,,NAN
7537,995,3,,NAN
7610,995,4,,NAN
7677,995,5,,NAN
7768,995,6,,NAN
7844,995,7,,NAN
7929,995,8,,NAN
8980,1160,4,0.02473823955944911,FINITE
9054,1160,5,0.024681455008586244,FINITE
9109,1160,6,0.023343233478655055,FINITE
9180,1160,7,0.02342957084386403,FINITE
9247,1160,8,0.023331477858647587,FINITE
9314,1160,9,0.024420507992315887,FINITE
9384,1236,0,0.035588420312290446,FINITE
9434,1236,1,0.024594994623317424,FINITE
9504,1236,2,0.025538706842484354,FINITE
9547,1236,3,0.024734474487716533,FINITE
9600,1236,4,0.02297174109981672,FINITE
9651,1236,5,0.02513852588138933,FINITE
9709,1236,6,0.026001567495895654,FINITE
9765,1236,7,0.02632457346722143,FINITE
9822,1236,8,,NAN
9877,1236,9,,NAN
10255,1230,8,,NAN
10333,1230,9,,NAN
10433,1383,0,0.0010211211481455584,FINITE
10511,1406,0,0.02163049322099573,FINITE
10576,1406,1,0.01877565038460661,FINITE
10653,1406,2,0.021088445746185725,FINITE
10723,1406,3,0.01976187537158313,FINITE
10792,1406,4,0.022283740619890528,FINITE
10855,1406,5,,NAN
10929,1406,6,,NAN
12264,1624,4,0.02200040543584327,FINITE
12345,1624,5,0.021834545051560236,FINITE
12421,1624,6,0.022069797408405516,FINITE
12499,1624,7,0.023111361481004275,FINITE
12561,1624,8,0.022441255964071496,FINITE
12628,1624,9,0.024131513135365074,FINITE
14951,2080,4,,NAN
14977,2080,5,,NAN
15013,2080,6,,NAN
15043,2080,7,,NAN
15075,2080,8,,NAN
15122,2080,9,,NAN
15159,2133,0,0.04447908826408216,FINITE
15188,2133,1,0.0322418398069388,FINITE
15227,2133,2,,NAN
15259,2133,3,,NAN
15296,2133,4,,NAN
15334,2133,5,,NAN
15380,2133,6,,NAN
15417,2133,7,,NAN
15455,2133,8,,NAN
15482,2133,9,,NAN
15515,2169,0,0.01729656335336426,FINITE
15546,2169,1,0.01616752160202147,FINITE
15582,2169,2,,NAN
15623,2169,3,,NAN
15666,2169,4,,NAN
15702,2169,5,,NAN
15743,2169,6,,NAN
15775,2169,7,,NAN
15826,2169,8,,NAN
15861,2169,9,,NAN
15905,2245,0,0.024449862301652976,FINITE
15962,2245,1,0.025163815015932744,FINITE
16004,2245,2,0.030034423065776316,FINITE
16040,2245,3,0.03139554733924611,FINITE
16081,2245,4,0.03209451062183844,FINITE
16116,2245,5,0.032303938193504717,FINITE
16150,2245,6,0.031481079003851366,FINITE
16189,2245,7,,NAN
16231,2245,8,,NAN
16266,2245,9,,NAN
16306,2311,0,0.0010211211481455584,FINITE
16353,2324,0,,NAN
18473,2491,8,,NAN
21261,3207,0,,NAN
21352,3301,0,0,FINITE
21452,3355,0,0,FINITE
21530,3387,0,,NAN
21622,3410,0,0.02505480317281343,FINITE
21735,3168,3,,NAN
21924,3168,4,,NAN
22004,3168,5,,NAN
22182,3168,6,,NAN
22364,3168,7,,NAN
22453,3512,0,0.018792687082137046,FINITE
22519,3512,1,0.028255497063483487,FINITE
22582,3512,2,0.03292680733826172,FINITE
22645,3512,3,,NAN
22701,3512,4,,NAN
22838,3512,5,,NAN
22909,3512,6,,NAN
22963,3512,7,,NAN
23032,3512,8,,NAN
23134,3512,9,,NAN
23273,3662,0,0.6933164005173749,FINITE
23324,3662,1,0.3594458968431384,FINITE
23471,3662,2,,NAN
23616,3662,3,,NAN
23670,3662,4,,NAN
23738,3686,5,,NAN
23848,3686,6,,NAN
23888,3686,7,,NAN
23973,3686,8,,NAN
24007,3686,9,,NAN
24038,3819,0,0,FINITE
24077,3826,0,0.02811735531779445,FINITE
24128,3826,1,,NAN
24178,3826,2,,NAN
24227,3826,3,,NAN
24270,3826,4,,NAN
24308,3826,5,,NAN
736,99,5,0,FINITE
1340,115,9,0,FINITE
1630,209,1,0.0029940117842131297,FINITE
1736,209,2,0.0019960078561420866,FINITE
1888,201,3,0,FINITE
2041,201,4,0.0004084464586581021,FINITE
2178,105,3,,NAN
2769,228,9,0.0011785093794029703,FINITE
2928,413,0,0.04256947873422408,FINITE
3011,413,1,0.038102382113066074,FINITE
3553,373,4,,NAN
3695,373,5,,NAN
3964,373,6,,NAN
4075,526,3,,NAN
4150,526,4,,NAN
4219,526,5,,NAN
4286,526,6,,NAN
4352,526,7,,NAN
4431,526,8,,NAN
4941,589,6,,NAN
5010,589,7,,NAN
5082,589,8,,NAN
5759,670,7,,NAN
5834,670,8,,NAN
5899,670,9,,NAN
5975,770,0,0.024165652861580903,FINITE
6097,770,1,0.02429076597877717,FINITE
6171,770,2,0.027341948033879803,FINITE
6252,770,3,0.02884423003836888,FINITE
6357,770,4,0.026972184301436497,FINITE
6492,763,4,,NAN
6640,763,5,,NAN
6783,763,6,,NAN
6910,763,7,,NAN
7047,763,8,,NAN
7153,763,9,,NAN
7240,934,2,,NAN
7315,934,3,,NAN
7388,934,4,,NAN
7466,934,5,,NAN
7534,934,6,,NAN
7613,934,7,,NAN
7695,934,8,,NAN
7781,934,9,,NAN
7862,1048,0,0.02682121046681544,FINITE
7950,1048,1,0.022902435448387798,FINITE
8981,1187,0,0.015504877646891273,FINITE
9063,1187,1,0.048627429816232935,FINITE
9125,1187,2,,NAN
9188,1187,3,,NAN
9256,1187,4,,NAN
9319,1187,5,,NAN
9387,1187,6,,NAN
9442,1187,7,,NAN
9502,1187,8,,NAN
9555,1187,9,,NAN
9690,1270,0,0.631733604280172,FINITE
9809,1270,1,,NAN
10259,1286,4,,NAN
10347,1286,5,,NAN
10443,1286,6,,NAN
10518,1286,7,,NAN
10586,1286,8,,NAN
10656,1286,9,,NAN
10712,1439,0,0.04405623552356784,FINITE
10783,1439,1,0.03376877353652264,FINITE
10854,1439,2,0.031717553078817594,FINITE
10925,1439,3,0.028486336579647432,FINITE
12268,1637,2,0.021128621408824017,FINITE
12348,1637,3,0.02202825328225233,FINITE
12437,1637,4,0.022737681259582247,FINITE
12506,1637,5,0.023648345395406552,FINITE
12564,1637,6,,NAN
12627,1637,7,,NAN
12681,1637,8,,NAN
12732,1637,9,,NAN
12783,1738,0,0,FINITE
12833,1753,0,,NAN
12894,1771,0,,NAN
12979,1784,0,0.5200508342867107,FINITE
13052,1784,1,,NAN
13122,1784,2,,NAN
13196,1784,3,,NAN
13275,1784,4,,NAN
13349,1784,5,,NAN
13409,1784,6,,NAN
14952,1706,9,,NAN
14999,2115,0,0.016059450848659517,FINITE
15038,2115,1,0.02579777055678438,FINITE
15080,2115,2,0.027463793001736802,FINITE
15114,2115,3,0.026433023725831777,FINITE
15146,2115,4,0.02715916856870728,FINITE
15193,2115,5,0.026872098785332716,FINITE
15232,2115,6,0.0271094111330167,FINITE
15270,2115,7,0.026486219895939824,FINITE
15339,2115,8,0.02748463960977621,FINITE
15383,2115,9,0.026684575784169284,FINITE
15423,2157,0,0.017633102840817524,FINITE
15474,2157,1,,NAN
15526,2157,2,,NAN
15590,2157,3,,NAN
15633,2157,4,,NAN
15686,2157,5,,NAN
15727,2157,6,,NAN
15763,2157,7,,NAN
15803,2157,8,,NAN
15832,2157,9,,NAN
15863,2236,0,0.031673104902486815,FINITE
15903,2236,1,0.0282956135764236,FINITE
15938,2236,2,0.02857647104159659,FINITE
15970,2236,3,0.02715144093749277,FINITE
16011,2236,4,0.024718382710653717,FINITE
16050,2236,5,0.023615546057132248,FINITE
16094,2236,6,,NAN
16132,2236,7,,NAN
16172,2236,8,,NAN
16209,2236,9,,NAN
16248,2296,0,0,FINITE
16292,2306,0,0.03801394048741543,FINITE
16328,2306,1,,NAN
16356,2306,2,,NAN
16387,2306,3,,NAN
16422,2306,4,,NAN
16453,2306,5,,NAN
16479,2306,6,,NAN
16513,2306,7,,NAN
18480,2670,1,,NAN
18594,2670,2,,NAN
18687,2670,3,,NAN
18714,2670,4,,NAN
18769,2670,5,,NAN
18792,2670,6,,NAN
18848,2670,7,,NAN
18912,2670,8,,NAN
18956,2670,9,,NAN
18975,2763,0,0.028635942817555618,FINITE
18993,2763,1,0.025548181770705305,FINITE
19012,2763,2,0.025851324718093715,FINITE
19030,2763,3,,NAN
19057,2763,4,,NAN
19076,2763,5,,NAN
19089,2763,6,,NAN
19106,2763,7,,NAN
19126,2763,8,,NAN
19143,2763,9,,NAN
19161,2791,0,0.01694176852816721,FINITE
19176,2791,1,0.02235884058421899,FINITE
19192,2791,2,0.0191456341240641,FINITE
19211,2791,3,0.01896649740009611,FINITE
19232,2791,4,,NAN
19255,2791,5,,NAN
19274,2791,6,,NAN
19292,2791,7,,NAN
19322,2791,8,,NAN
19345,2791,9,,NAN
19375,2820,0,,NAN
19418,2823,0,0.640172378600617,FINITE
19517,2823,1,,NAN
21268,3136,0,0.7030155825057909,FINITE
21490,3136,1,0.709275808627621,FINITE
21560,3136,2,0.4815886414909693,FINITE
21643,3136,3,0.36746875501777293,FINITE
21736,3147,4,,NAN
737,10,8,0,FINITE
1341,82,9,0,FINITE
1631,156,7,0.0018799188184090217,FINITE
1726,156,8,0.0017844968550464147,FINITE
1810,156,9,0.0016060471695417734,FINITE
1889,261,0,0.0020422322932905105,FINITE
1966,261,1,0.0010211161466452553,FINITE
2055,261,2,0.0017018552425748853,FINITE
2179,213,5,0.0016787446910006408,FINITE
2301,213,6,0.0018567368971422798,FINITE
2770,221,7,0.15392190746251297,FINITE
2929,340,1,0,FINITE
3050,434,0,0,FINITE
3554,400,8,,NAN
3620,400,9,,NAN
3806,491,0,0.7232710759761145,FINITE
3931,491,1,,NAN
4076,550,0,,NAN
4162,566,0,0.032837408894935735,FINITE
4227,566,1,0.030306660767603254,FINITE
4294,566,2,0.026981872426860152,FINITE
4367,566,3,0.027803993733147743,FINITE
4435,566,4,0.024053412354671632,FINITE
4942,596,6,,NAN
5020,596,7,,NAN
5089,596,8,,NAN
5760,659,8,0.025090885783536656,FINITE
5842,659,9,0.024902199700042305,FINITE
5920,765,0,0.023645062865492533,FINITE
5989,765,1,0.02583358979735536,FINITE
6068,765,2,0.024983531652392237,FINITE
6154,765,3,0.02555097448806027,FINITE
6226,765,4,0.0239569341491355,FINITE
6304,765,5,0.02311901648293602,FINITE
6386,765,6,0.024057835077557124,FINITE
6493,730,7,,NAN
6625,730,8,,NAN
6770,730,9,,NAN
6913,876,0,0.03206197443732138,FINITE
7042,876,1,,NAN
7160,876,2,,NAN
7241,972,0,0,FINITE
7354,996,0,0.017303486192552266,FINITE
7481,996,1,,NAN
7604,996,2,,NAN
7720,996,3,,NAN
7838,996,4,,NAN
7925,996,5,,NAN
8982,1173,3,0.02229586992208575,FINITE
9058,1173,4,,NAN
9121,1173,5,,NAN
9195,1173,6,,NAN
9259,1173,7,,NAN
9327,1173,8,,NAN
9401,1173,9,,NAN
9451,1253,0,0.0229286806725625,FINITE
9512,1253,1,0.02081752725081925,FINITE
9575,1253,2,0.020454119750183224,FINITE
9630,1253,3,0.02029399431313042,FINITE
9680,1253,4,0.018249619035677934,FINITE
9740,1253,5,0.019577067066009275,FINITE
9797,1253,6,0.01915350775370826,FINITE
9853,1253,7,0.02110440878863478,FINITE
10260,1229,8,,NAN
10351,1229,9,,NAN
10448,1388,0,0.0020422322932905105,FINITE
10536,1388,1,0.0023879745397296986,FINITE
10606,1388,2,0.0022265126907692915,FINITE
10670,1388,3,0.002145781766289088,FINITE
10742,1388,4,0.0025335103271464034,FINITE
10816,1388,5,0.0021112586059553362,FINITE
10889,1388,6,0.0018096502336760023,FINITE
10960,1388,7,0.0017110840979846968,FINITE
12269,1638,2,0.023140947770516025,FINITE
12344,1638,3,0.025764532200864092,FINITE
12426,1638,4,0.026311486163379433,FINITE
12502,1638,5,0.028189515760214157,FINITE
12568,1638,6,0.027516915158680343,FINITE
12633,1638,7,0.025915908664146992,FINITE
12690,1638,8,0.026257765460609817,FINITE
12744,1638,9,0.026509447526348612,FINITE
12923,1739,0,1.4376352786458555,FINITE
13059,1739,1,1.394580907044378,FINITE
13219,1739,2,1.3947923563720621,FINITE
13394,1739,3,1.3975690268176555,FINITE
14953,2094,1,,NAN
14981,2094,2,,NAN
15018,2094,3,,NAN
15045,2094,4,,NAN
15077,2094,5,,NAN
15119,2094,6,,NAN
15158,2094,7,,NAN
15190,2094,8,,NAN
15221,2094,9,,NAN
15257,2144,0,0.024027009561138762,FINITE
15292,2144,1,0.022776421343686105,FINITE
15323,2144,2,0.021448509923169715,FINITE
15365,2144,3,,NAN
15406,2144,4,,NAN
15445,2144,5,,NAN
15478,2144,6,,NAN
15509,2144,7,,NAN
15540,2144,8,,NAN
15581,2144,9,,NAN
15620,2190,0,0.01953633140108816,FINITE
15661,2190,1,0.0194146797034859,FINITE
15694,2190,2,0.017615619414214138,FINITE
15736,2190,3,0.01717836589323825,FINITE
15770,2190,4,0.019040614991271302,FINITE
15812,2190,5,0.02019001592885639,FINITE
15855,2190,6,,NAN
15893,2190,7,,NAN
15942,2190,8,,NAN
15990,2190,9,,NAN
16028,2273,0,0.18299173897918178,FINITE
16069,2273,1,0.18156917097465608,FINITE
16112,2273,2,,NAN
16151,2273,3,,NAN
16195,2273,4,,NAN
16236,2273,5,,NAN
16271,2273,6,,NAN
16319,2273,7,,NAN
16368,2273,8,,NAN
16409,2273,9,,NAN
16458,2343,0,,NAN
16508,2355,0,0.028774586117997762,FINITE
18574,2339,7,,NAN
18754,2339,8,,NAN
18893,2339,9,,NAN
18916,2761,0,,NAN
18936,2762,0,0.028999542671500636,FINITE
18953,2762,1,,NAN
18970,2762,2,,NAN
18988,2762,3,,NAN
19005,2762,4,,NAN
19026,2762,5,,NAN
19049,2762,6,,NAN
19071,2762,7,,NAN
19086,2762,8,,NAN
19103,2762,9,,NAN
19120,2789,0,0.02232177742341296,FINITE
19137,2789,1,0.02127470653701226,FINITE
19156,2789,2,0.023757223048213694,FINITE
19173,2789,3,0.025275264772591774,FINITE
19188,2789,4,0.024165672767855674,FINITE
19207,2789,5,0.024833008200742353,FINITE
19226,2789,6,0.02527006399553507,FINITE
19250,2789,7,0.02549837032516229,FINITE
19267,2789,8,0.02679375262279686,FINITE
19288,2789,9,0.02713821706130356,FINITE
19352,2814,0,,NAN
19367,2821,0,,NAN
19397,2822,0,,NAN
19467,2828,0,1.2625846507085914,FINITE
19533,2828,1,,NAN
738,27,8,0.0015729969720655805,FINITE
1342,71,9,0,FINITE
1632,213,1,0.0025527728593606113,FINITE
1755,213,2,0.0026767452842377786,FINITE
1890,270,0,0.023481311549477222,FINITE
1975,270,1,,NAN
2182,208,5,0.00102111614647847,FINITE
2287,208,6,0.0010211168610023398,FINITE
2410,208,7,0.0010211173968952421,FINITE
2771,339,0,,NAN
2849,386,0,,NAN
2930,376,1,0.028351480276601393,FINITE
3017,376,2,0.02727905137996295,FINITE
3555,343,8,,NAN
3633,343,9,,NAN
3817,496,0,,NAN
3877,536,0,0.03343738930489684,FINITE
3949,536,1,0.026997320801886715,FINITE
4077,457,8,0.0014595390666048839,FINITE
4155,457,9,0.0014156972747589513,FINITE
4225,572,0,0.022408090676473796,FINITE
4301,572,1,0.029431176998547984,FINITE
4380,572,2,0.028373361995936163,FINITE
4457,572,3,0.027694955000926558,FINITE
4943,535,7,,NAN
5078,535,8,,NAN
5761,697,5,,NAN
5860,697,6,,NAN
5933,697,7,,NAN
6019,697,8,,NAN
6116,697,9,,NAN
6183,820,0,,NAN
6260,828,0,0,FINITE
6368,834,0,0.03600643299493201,FINITE
6495,741,6,0.020216848412372795,FINITE
6648,741,7,0.021228033131987505,FINITE
6796,741,8,0.019988486997974238,FINITE
6926,741,9,0.021645530639715284,FINITE
7055,922,0,0.04283767936511383,FINITE
7242,939,2,,NAN
7316,939,3,,NAN
7383,939,4,,NAN
7457,939,5,,NAN
7531,939,6,,NAN
7609,939,7,,NAN
7674,939,8,,NAN
7760,939,9,,NAN
7841,1046,0,0.03145710378381775,FINITE
7918,1046,1,0.02869804840333229,FINITE
7986,1046,2,0.02755861884432693,FINITE
8983,1101,5,0.02325384519806754,FINITE
9085,1101,6,0.02224561330956873,FINITE
9182,1101,7,0.02213406247338661,FINITE
9288,1101,8,0.02207789563425509,FINITE
9414,1101,9,0.02180464187615607,FINITE
9534,1255,0,0.01851540048125287,FINITE
9645,1255,1,0.03127445597408406,FINITE
9761,1255,2,,NAN
9871,1255,3,,NAN
10261,1214,9,,NAN
10343,1367,0,,NAN
10437,1385,0,0.00463724575200666,FINITE
10514,1385,1,0.00231862287600333,FINITE
10580,1385,2,0.0018861223000507393,FINITE
10648,1385,3,0.001669872012074444,FINITE
10709,1385,4,0.001540121839288667,FINITE
10763,1385,5,0.001283434866073889,FINITE
10843,1385,6,0.0012459614777984133,FINITE
10924,1385,7,0.0010902162930736116,FINITE
12271,1521,8,,NAN
12396,1521,9,,NAN
12441,1687,0,0.024449862301653087,FINITE
12501,1687,1,,NAN
12545,1687,2,,NAN
12594,1687,3,,NAN
12639,1687,4,,NAN
12687,1687,5,,NAN
12725,1687,6,,NAN
12754,1687,7,,NAN
12796,1687,8,,NAN
12818,1687,9,,NAN
12844,1768,0,0.02924284606670516,FINITE
12873,1768,1,0.03083318886360318,FINITE
12900,1768,2,,NAN
12937,1768,3,,NAN
12972,1768,4,,NAN
13040,1768,5,,NAN
13120,1768,6,,NAN
13159,1768,7,,NAN
13199,1768,8,,NAN
13242,1768,9,,NAN
13318,1822,0,0.6317778095002375,FINITE
13399,1822,1,0.6288460828470491,FINITE
13442,1822,2,0.4319308064781915,FINITE
14954,2091,2,,NAN
14983,2091,3,,NAN
15020,2091,4,,NAN
15053,2091,5,,NAN
15087,2091,6,,NAN
15130,2091,7,,NAN
15167,2091,8,,NAN
15199,2091,9,,NAN
15240,2142,0,0.02571206406327905,FINITE
15269,2142,1,,NAN
15308,2142,2,,NAN
15349,2142,3,,NAN
15384,2142,4,,NAN
15422,2142,5,,NAN
15459,2142,6,,NAN
15491,2142,7,,NAN
15527,2142,8,,NAN
15561,2142,9,,NAN
15600,2185,0,0.0019035889928484776,FINITE
15641,2194,0,0.024916159872371293,FINITE
15675,2194,1,0.03131723345860056,FINITE
15716,2194,2,0.031279770623660254,FINITE
15753,2194,3,0.02806709977479317,FINITE
15791,2194,4,0.027084018800076947,FINITE
15839,2194,5,0.028159530000379237,FINITE
15891,2194,6,0.029173020515489725,FINITE
15937,2194,7,0.031184875300253156,FINITE
15987,2194,8,0.030482536914112828,FINITE
16019,2194,9,0.029944996544721,FINITE
16064,2277,0,0,FINITE
16102,2285,0,0.03572222355485995,FINITE
16138,2285,1,0.03760234726615462,FINITE
16176,2285,2,0.03487338903504536,FINITE
16221,2285,3,0.036603067291919505,FINITE
16256,2285,4,,NAN
16288,2285,5,,NAN
16343,2285,6,,NAN
16376,2285,7,,NAN
16420,2285,8,,NAN
16478,2285,9,,NAN
16526,2360,0,0.025054803172813327,FINITE
18576,2338,8,,NAN
18748,2338,9,,NAN
18775,2729,0,0,FINITE
18801,2739,0,0.015643520947333303,FINITE
18823,2739,1,,NAN
18857,2748,0,0.04361973464917814,FINITE
18872,2748,1,,NAN
18905,2748,2,,NAN
18929,2748,3,,NAN
18948,2748,4,,NAN
18965,2748,5,,NAN
18982,2748,6,,NAN
19000,2748,7,,NAN
19021,2748,8,,NAN
19046,2748,9,,NAN
19066,2777,0,,NAN
19084,2783,0,0.16209326862785564,FINITE
19099,2783,1,,NAN
19116,2783,2,,NAN
19133,2783,3,,NAN
19149,2783,4,,NAN
19168,2783,5,,NAN
19185,2783,6,,NAN
19202,2783,7,,NAN
739,80,4,,NAN
1343,127,5,0,FINITE
1633,201,1,0,FINITE
1751,201,2,0,FINITE
1891,258,0,0.0010211211481455584,FINITE
1974,258,1,0.0010211211481455584,FINITE
2183,222,5,0.0024833995137912685,FINITE
2302,222,6,0.002420375625148303,FINITE
2411,222,7,0.00224546881552296,FINITE
2772,343,0,0.46329643549654387,FINITE
2931,271,9,,NAN
3056,435,0,0.516125873667002,FINITE
3556,465,0,0.0019035889928484776,FINITE
3868,465,1,0.3305372439137355,FINITE
4003,465,2,0.2210389067069205,FINITE
4078,456,5,0.0005105589069060115,FINITE
4221,456,6,0.00043762192020515265,FINITE
4381,456,7,0.0003829191801795086,FINITE
4944,637,3,,NAN
5026,637,4,,NAN
5088,637,5,,NAN
5762,655,9,0.028046964797789408,FINITE
5838,761,0,0.028533285219120557,FINITE
5911,761,1,0.029994178203646416,FINITE
5991,761,2,0.027757257256586274,FINITE
6088,761,3,0.02759157348426943,FINITE
6163,761,4,0.029855168974211466,FINITE
6253,761,5,0.027656721133056766,FINITE
6317,761,6,0.02728016382363918,FINITE
6497,819,2,0.02922083654884799,FINITE
6645,819,3,,NAN
6784,819,4,,NAN
6920,819,5,,NAN
7054,819,6,,NAN
7243,950,1,0.020279945651890934,FINITE
7351,950,2,,NAN
7476,950,3,,NAN
7614,950,4,,NAN
7710,950,5,,NAN
7834,950,6,,NAN
7919,950,7,,NAN
8984,1137,8,,NAN
9055,1137,9,,NAN
9214,1202,0,0.6422015924969029,FINITE
9354,1202,1,0.6471788201830312,FINITE
9488,1202,2,,NAN
9628,1202,3,,NAN
9757,1202,4,,NAN
10265,1061,8,,NAN
10493,1061,9,,NAN
10567,1414,0,0.02797871201735242,FINITE
10643,1414,1,0.023662035035308678,FINITE
10713,1414,2,0.02180847762004739,FINITE
10770,1414,3,,NAN
10841,1414,4,,NAN
10917,1414,5,,NAN
10978,1414,6,,NAN
12315,1475,8,,NAN
12497,1475,9,,NAN
12640,1702,0,,NAN
14955,2052,4,,NAN
15039,2052,5,,NAN
15078,2052,6,,NAN
18579,2506,3,,NAN
18760,2506,4,,NAN
21273,3195,0,,NAN
21357,3306,0,0,FINITE
21477,3356,0,,NAN
21544,3394,0,0.029936062568915105,FINITE
21644,3394,1,,NAN
21737,3190,5,,NAN
21920,3190,6,,NAN
22104,3190,7,,NAN
22302,3190,8,,NAN
22378,3190,9,,NAN
22454,3176,7,,NAN
22604,3176,8,,NAN
22753,3176,9,,NAN
22813,3603,0,0,FINITE
22879,3616,0,0.0029246901339921136,FINITE
22932,3630,0,0.030020363293549117,FINITE
23006,3630,1,,NAN
23067,3630,2,,NAN
23129,3630,3,,NAN
23195,3630,4,,NAN
23251,3630,5,,NAN
23291,3630,6,,NAN
23335,3630,7,,NAN
23390,3630,8,,NAN
23450,3630,9,,NAN
23499,3710,0,,NAN
23584,3719,0,0.382013571542569,FINITE
23660,3719,1,0.35792218312941215,FINITE
23739,3715,4,,NAN
23776,3715,5,,NAN
23818,3715,6,,NAN
23860,3715,7,,NAN
23902,3715,8,,NAN
23942,3715,9,,NAN
23982,3803,0,,NAN
24094,3812,0,,NAN
24132,3839,0,0.03233926103820567,FINITE
24180,3839,1,0.03345450186175154,FINITE
24225,3839,2,,NAN
24267,3839,3,,NAN
24310,3839,4,,NAN
24336,3324,6,,NAN
24347,3839,5,,NAN
24391,3839,6,,NAN
24415,3839,7,,NAN
24454,3839,8,,NAN
24488,3839,9,,NAN
24533,3907,0,0.03925962732875654,FINITE
24576,3907,1,0.027149053589717725,FINITE
24605,3907,2,0.027021668387907677,FINITE
24622,3324,7,,NAN
24638,3907,3,0.025440225190760474,FINITE
24677,3907,4,0.024519087932560555,FINITE
24745,3907,5,0.1426943297434831,FINITE
24787,3907,6,0.12745897645556642,FINITE
24821,3907,7,,NAN
24844,3907,8,,NAN
24848,3899,6,,NAN
24883,3953,3,0.02939948253270944,FINITE
24921,3899,7,,NAN
24939,3953,4,0.028817904789877568,FINITE
24991,3953,5,0.028798905529717145,FINITE
25040,3953,6,0.030340080607216362,FINITE
25070,3984,1,0.2737351737661338,FINITE
25096,3953,7,,NAN
25121,3984,2,,NAN
25149,3953,8,,NAN
25187,3984,3,,NAN
25208,3997,6,0.03554041360786321,FINITE
25211,3953,9,,NAN
25236,3997,7,0.0342643731285925,FINITE
25247,3984,4,,NAN
25259,3997,8,0.03299903729488016,FINITE
25289,3997,9,0.03139331041820888,FINITE
25299,3984,5,,NAN
25300,4011,2,0.0372456708552548,FINITE
25316,4038,0,0.04116028148428181,FINITE
25339,4038,1,0.03706919317327556,FINITE
25341,4011,3,0.03800380929804866,FINITE
25348,3984,6,,NAN
25351,4010,4,,NAN
25368,4038,2,,NAN
25381,4011,4,0.03545259521816403,FINITE
25389,4010,5,,NAN
25393,3984,7,,NAN
25394,4038,3,,NAN
25407,3767,4,,NAN
25419,4011,5,0.03565021498667956,FINITE
25421,4010,6,,NAN
25431,4049,2,,NAN
25433,3984,8,,NAN
25434,4038,4,,NAN
25439,4042,4,,NAN
25448,4006,7,0.027552728404014227,FINITE
25455,4028,4,,NAN
25456,4049,3,,NAN
25460,4038,5,,NAN
740,91,5,0,FINITE
1344,73,9,0.0011976087150856365,FINITE
1634,207,1,0.002552782863862328,FINITE
1738,207,2,0.0032938182600577835,FINITE
1892,260,0,0.0010211211481455584,FINITE
1978,260,1,0.0005105605740727792,FINITE
2065,260,2,0.001021117813812023,FINITE
2184,176,8,0.001134572384716804,FINITE
2297,176,9,,NAN
2395,297,0,0.0020422322932905105,FINITE
2773,331,0,0.022408090676473796,FINITE
2932,403,0,0.040003060973537785,FINITE
3062,403,1,0.035410650432029775,FINITE
3557,391,5,,NAN
3700,391,6,,NAN
3813,391,7,,NAN
3965,391,8,,NAN
4079,511,4,,NAN
4160,511,5,,NAN
4218,511,6,,NAN
4287,511,7,,NAN
4359,511,8,,NAN
4443,511,9,,NAN
4946,648,0,0.02348131154947744,FINITE
5103,648,1,0.028766263471355857,FINITE
5763,694,5,,NAN
5851,694,6,,NAN
5919,694,7,,NAN
5998,694,8,,NAN
6103,694,9,,NAN
6180,817,0,0.01642117853207895,FINITE
6256,817,1,0.018117398267025478,FINITE
6339,817,2,0.02070649570115053,FINITE
6502,662,9,,NAN
6650,850,0,0.024449862301653084,FINITE
6800,850,1,0.022062418501591526,FINITE
6933,850,2,0.018111866076497726,FINITE
7058,850,3,0.021006586218694286,FINITE
7244,947,1,0.035352866523487736,FINITE
7371,947,2,0.02916961942490025,FINITE
7492,947,3,0.030177466755895353,FINITE
7618,947,4,0.029751808823858243,FINITE
7728,947,5,0.02856840636516159,FINITE
7846,947,6,0.029062340970263754,FINITE
7928,947,7,0.0277093125840269,FINITE
8985,1183,0,0.04469058163263957,FINITE
9096,1183,1,0.03990744875985245,FINITE
9200,1183,2,0.03949822732193459,FINITE
9310,1183,3,0.03797676589277518,FINITE
9449,1183,4,0.03695297439492594,FINITE
9565,1183,5,0.0333695699290233,FINITE
9674,1183,6,0.03164547087812434,FINITE
9812,1183,7,0.030886711164471548,FINITE
10295,1265,2,,NAN
10533,1265,3,,NAN
10592,1265,4,,NAN
10764,1265,5,,NAN
10973,1265,6,,NAN
12350,1517,7,,NAN
12531,1517,8,,NAN
12670,1517,9,,NAN
12721,1720,0,,NAN
12866,1735,0,,NAN
12947,1779,0,,NAN
13018,1791,0,,NAN
13054,1801,0,0.02207155118902053,FINITE
13093,1801,1,0.01975684034100747,FINITE
13134,1801,2,0.025109713443041276,FINITE
13182,1801,3,,NAN
13216,1801,4,,NAN
13252,1801,5,,NAN
13292,1801,6,,NAN
13321,1801,7,,NAN
13367,1801,8,,NAN
13404,1801,9,,NAN
14956,2102,0,,NAN
14986,2116,0,,NAN
15066,2119,0,,NAN
15112,2127,0,0.01884501712951824,FINITE
15150,2127,1,0.016500579632815496,FINITE
15185,2127,2,0.016814429586208466,FINITE
15223,2127,3,0.017019097899860787,FINITE
15263,2127,4,,NAN
15300,2127,5,,NAN
15332,2127,6,,NAN
15377,2127,7,,NAN
15411,2127,8,,NAN
15457,2127,9,,NAN
15489,2164,0,,NAN
15528,2172,0,0.01879268708213694,FINITE
15563,2172,1,0.01997746017721274,FINITE
15607,2172,2,0.017927148614090994,FINITE
15642,2172,3,0.019315201260207956,FINITE
15682,2172,4,0.01907885176528767,FINITE
15718,2172,5,0.02024498712394372,FINITE
15755,2172,6,0.019639577649277234,FINITE
15792,2172,7,0.020630227265775125,FINITE
15837,2172,8,0.02070474385543685,FINITE
15884,2172,9,0.02161904314863592,FINITE
15931,2249,0,0.02273770732473928,FINITE
15976,2249,1,0.025687826319311054,FINITE
16010,2249,2,0.027426061073557245,FINITE
16052,2249,3,0.02561164149617855,FINITE
16091,2249,4,0.02171462856171249,FINITE
16128,2249,5,,NAN
16164,2249,6,,NAN
16202,2249,7,,NAN
16243,2249,8,,NAN
16273,2249,9,,NAN
16311,2313,0,0,FINITE
16359,2325,0,0.016336737449543365,FINITE
16393,2325,1,0.02124935730991403,FINITE
16444,2325,2,0.023988839080012033,FINITE
16493,2325,3,,NAN
16530,2325,4,,NAN
19219,2783,8,,NAN
19244,2783,9,,NAN
19262,2805,0,,NAN
19285,2810,0,0.0019035889928484776,FINITE
19410,2813,0,1.2901464724234706,FINITE
19511,2813,1,,NAN
21274,3200,0,0.6589799254898437,FINITE
21467,3200,1,,NAN
21738,3208,3,,NAN
22455,3447,4,0.02426930004043918,FINITE
22528,3447,5,0.024864428153184362,FINITE
22594,3447,6,0.024666840066940483,FINITE
22666,3447,7,0.025266708820045548,FINITE
22740,3447,8,0.02514513847345927,FINITE
22808,3447,9,0.026034847611115415,FINITE
22886,3614,0,0.0010211211481455584,FINITE
22965,3632,0,0.025661706421962766,FINITE
23036,3632,1,0.03457139888534938,FINITE
23115,3632,2,0.038292972171001076,FINITE
23182,3632,3,,NAN
23253,3632,4,,NAN
23328,3632,5,,NAN
23407,3632,6,,NAN
23485,3632,7,,NAN
23560,3632,8,,NAN
23634,3632,9,,NAN
23740,3655,8,,NAN
23820,3655,9,,NAN
23899,3778,0,,NAN
24031,3791,0,0.7011583827139127,FINITE
24093,3791,1,0.36768329412464534,FINITE
24214,3791,2,0.4733243497247052,FINITE
24340,3826,6,,NAN
24381,3826,7,,NAN
24411,3826,8,,NAN
24450,3826,9,,NAN
24507,3791,3,0.7031170606539034,FINITE
24527,3900,0,,NAN
24607,3916,0,,NAN
24644,3931,0,0.033444312144084956,FINITE
24674,3931,1,0.03168816981152017,FINITE
741,51,7,,NAN
1345,160,4,0.0020144936292007696,FINITE
1635,172,7,0.002117864942390544,FINITE
1733,172,8,0.0022229169970620554,FINITE
1818,172,9,,NAN
1893,210,3,0.006857363928083615,FINITE
2022,210,4,0.005485891142466892,FINITE
2186,289,1,0.02860150530520977,FINITE
2312,289,2,0.026029959852520504,FINITE
2416,289,3,0.026049881670116227,FINITE
2774,325,0,0.5116811418226805,FINITE
2933,298,4,0.001374094280825149,FINITE
3075,298,5,0.0016556341397599818,FINITE
3558,430,4,,NAN
3696,430,5,,NAN
3802,430,6,,NAN
3955,430,7,,NAN
4080,527,3,0.02633580095093445,FINITE
4158,527,4,,NAN
4233,527,5,,NAN
4311,527,6,,NAN
4386,527,7,,NAN
4473,527,8,,NAN
4947,639,1,0.01626641960286322,FINITE
5100,639,2,0.01799078635963305,FINITE
5764,611,8,,NAN
5896,611,9,,NAN
6047,769,0,,NAN
6168,797,0,0.02866992602323526,FINITE
6302,797,1,0.025677651650296618,FINITE
6503,750,6,,NAN
6643,750,7,,NAN
6771,750,8,,NAN
6909,750,9,,NAN
7044,918,0,0.03211430448470258,FINITE
7152,918,1,0.034488787433731474,FINITE
7245,974,0,0.4103027204429951,FINITE
7357,974,1,,NAN
7439,974,2,,NAN
7541,974,3,,NAN
7628,974,4,,NAN
7756,974,5,,NAN
7882,974,6,,NAN
8986,1174,3,0.026975435230410415,FINITE
9061,1174,4,0.026248881834135367,FINITE
9129,1174,5,0.029019407364445794,FINITE
9194,1174,6,0.027944042015318367,FINITE
9257,1174,7,0.028158132193354113,FINITE
9316,1174,8,0.028478470158813853,FINITE
9379,1174,9,0.02836800326627616,FINITE
9430,1249,0,0.0382891242256623,FINITE
9490,1249,1,0.035323240080203086,FINITE
9539,1249,2,,NAN
9593,1249,3,,NAN
9654,1249,4,,NAN
9705,1249,5,,NAN
9763,1249,6,,NAN
9813,1249,7,,NAN
9872,1249,8,,NAN
10300,1267,2,,NAN
10528,1267,3,,NAN
10603,1267,4,,NAN
10780,1267,5,,NAN
10958,1267,6,,NAN
12354,1523,7,,NAN
12535,1523,8,,NAN
12647,1523,9,,NAN
12761,1717,0,,NAN
12949,1746,0,1.1507787175501472,FINITE
13111,1746,1,,NAN
13311,1746,2,,NAN
14957,2101,2,,NAN
14990,2101,3,,NAN
15023,2101,4,,NAN
15048,2101,5,,NAN
15079,2101,6,,NAN
15120,2101,7,,NAN
15152,2101,8,,NAN
15186,2101,9,,NAN
15224,2139,0,0.018931330382578965,FINITE
15262,2139,1,0.021923745127475126,FINITE
15295,2139,2,0.023278946973037794,FINITE
15329,2139,3,0.020197834154406694,FINITE
15376,2139,4,0.019927270749429005,FINITE
15410,2139,5,0.0198852214081125,FINITE
15448,2139,6,0.023106330995149447,FINITE
15481,2139,7,0.022446049144335872,FINITE
15520,2139,8,0.023118632796458666,FINITE
15554,2139,9,0.023121246723015184,FINITE
15589,2183,0,0.003063333434434146,FINITE
15630,2191,0,,NAN
15681,2201,0,,NAN
15997,2213,0,1.3490772726689042,FINITE
16249,2213,1,1.322877551005667,FINITE
19243,2801,0,0.031125454539906797,FINITE
19258,2801,1,,NAN
19284,2801,2,,NAN
19307,2801,3,,NAN
19334,2801,4,,NAN
19355,2801,5,,NAN
19373,2801,6,,NAN
19386,2801,7,,NAN
19405,2801,8,,NAN
19426,2801,9,,NAN
19444,2834,0,0.21306456987085612,FINITE
19460,2834,1,0.12397279118135862,FINITE
19473,2834,2,0.08945473045371734,FINITE
19494,2834,3,,NAN
19507,2834,4,,NAN
19527,2834,5,,NAN
19543,2834,6,,NAN
19560,2834,7,,NAN
19575,2834,8,,NAN
19586,2834,9,,NAN
19601,2863,0,0.03967132137728081,FINITE
19617,2863,1,0.029491348112432998,FINITE
19633,2863,2,,NAN
19648,2863,3,,NAN
19662,2863,4,,NAN
19676,2863,5,,NAN
19694,2863,6,,NAN
19712,2863,7,,NAN
19722,2863,8,,NAN
19740,2863,9,,NAN
19759,2878,0,,NAN
19784,2885,0,0.01972730474891138,FINITE
19813,2885,1,0.021508821475282686,FINITE
19841,2885,2,0.019444469800709376,FINITE
19862,2885,3,0.02475057356224871,FINITE
19890,2885,4,0.053825931785644945,FINITE
19917,2885,5,0.05058392802175602,FINITE
19941,2885,6,0.047011280185633976,FINITE
19963,2885,7,,NAN
19992,2885,8,,NAN
20006,2885,9,,NAN
20028,2928,0,0,FINITE
20061,2932,0,0.5436310370101282,FINITE
20084,2932,1,0.5551312666452096,FINITE
20111,2932,2,,NAN
21276,3224,0,,NAN
21356,3309,0,0.0010211211481455584,FINITE
21453,3357,0,0.0010211211481455584,FINITE
21536,3388,0,0.0010211211481455584,FINITE
21612,3411,0,0.037250047096122424,FINITE
21739,3400,2,,NAN
21824,3400,3,,NAN
21899,3400,4,,NAN
21980,3400,5,,NAN
22064,3400,6,,NAN
22147,3400,7,,NAN
22227,3400,8,,NAN
22293,3400,9,,NAN
22391,3478,0,0.23200021802351428,FINITE
22456,3352,8,,NAN
22570,3352,9,,NAN
23741,3685,4,,NAN
23829,3685,5,,NAN
23921,3685,6,,NAN
24047,3685,7,,NAN
24110,3685,8,,NAN
24162,3685,9,,NAN
24233,3854,0,0.0010211211481455584,FINITE
742,11,8,0,FINITE
1346,176,2,0.002382599340338389,FINITE
1636,217,1,0.002552782863862328,FINITE
1745,217,2,0.0017018552425748853,FINITE
1894,203,3,0.0010211061426439161,FINITE
2040,203,4,0.0010211091437442445,FINITE
2187,217,5,0.0013614831936931337,FINITE
2318,217,6,0.0016046046566561354,FINITE
2775,328,0,0.0071476379389763915,FINITE
2934,405,0,0,FINITE
3077,405,1,0,FINITE
3559,447,4,0.0012253413765744275,FINITE
3634,447,5,0.0013614898626937745,FINITE
3722,447,6,0.0014587387813504511,FINITE
3815,447,7,0.0019416186071425793,FINITE
3899,447,8,0.0017258832063489593,FINITE
3977,447,9,0.0015532948857140635,FINITE
4081,435,6,,NAN
4242,435,7,,NAN
4388,435,8,,NAN
4948,605,5,0.029926260409835318,FINITE
5024,605,6,0.029316756639272808,FINITE
5104,605,7,,NAN
5765,651,5,0.021197161954302064,FINITE
5900,651,6,0.022193236727284005,FINITE
6043,651,7,0.022215845570222784,FINITE
6178,651,8,,NAN
6318,651,9,,NAN
6505,759,5,0.025147024781957097,FINITE
6636,759,6,0.02513385026636513,FINITE
6769,759,7,0.024682848123848668,FINITE
6915,759,8,0.024564748871189854,FINITE
7034,759,9,0.024009155840652014,FINITE
7151,950,0,0.02176720422164504,FINITE
7246,876,3,,NAN
7377,876,4,,NAN
7488,876,5,,NAN
7638,876,6,,NAN
7739,876,7,,NAN
7853,876,8,,NAN
7936,876,9,,NAN
8987,1166,4,0.023134706398714053,FINITE
9065,1166,5,0.025697935462122578,FINITE
9140,1166,6,0.026493101516154915,FINITE
9192,1166,7,,NAN
9264,1166,8,,NAN
9328,1166,9,,NAN
9388,1240,0,0.014847506502855571,FINITE
9439,1240,1,0.016707618515744874,FINITE
9503,1240,2,0.022995797761131375,FINITE
9553,1240,3,0.025192509622266584,FINITE
9621,1240,4,0.026703252791728936,FINITE
9668,1240,5,,NAN
9720,1240,6,,NAN
9778,1240,7,,NAN
9836,1240,8,,NAN
10321,1269,2,,NAN
10523,1269,3,,NAN
10702,1269,4,,NAN
10884,1269,5,,NAN
12485,1477,5,,NAN
12715,1477,6,,NAN
12842,1477,7,,NAN
12956,1477,8,,NAN
13146,1477,9,,NAN
13192,1811,0,,NAN
13237,1814,0,,NAN
13274,1819,0,0.033157202010269796,FINITE
13352,1819,1,0.3385291745274333,FINITE
13451,1819,2,0.4484179619628718,FINITE
14958,2078,5,0.02502920202695517,FINITE
14993,2078,6,0.024788268630109474,FINITE
15024,2078,7,0.025580670943289866,FINITE
15049,2078,8,,NAN
15082,2078,9,,NAN
15174,2129,0,,NAN
15208,2138,0,0.022217117328650678,FINITE
15246,2138,1,0.02497280155580528,FINITE
15285,2138,2,0.022203361679631273,FINITE
15319,2138,3,0.02347389513850899,FINITE
15360,2138,4,0.023347201129736865,FINITE
15395,2138,5,0.023029254253642818,FINITE
15439,2138,6,0.023081503402610472,FINITE
15463,2138,7,0.02183820936541924,FINITE
15501,2138,8,0.022833727267849033,FINITE
15535,2138,9,0.023284336343839855,FINITE
15568,2179,0,0.034051215393234274,FINITE
15612,2179,1,,NAN
15653,2179,2,,NAN
15687,2179,3,,NAN
15725,2179,4,,NAN
15760,2179,5,,NAN
15789,2179,6,,NAN
15835,2179,7,,NAN
15882,2179,8,,NAN
15930,2179,9,,NAN
15980,2260,0,0,FINITE
16030,2272,0,0.266386479998468,FINITE
16080,2272,1,0.2869687120471325,FINITE
16121,2272,2,,NAN
16159,2272,3,,NAN
16212,2272,4,,NAN
16251,2272,5,,NAN
16281,2272,6,,NAN
16341,2272,7,,NAN
16381,2272,8,,NAN
16428,2272,9,,NAN
16484,2348,0,0.023290338201653993,FINITE
16527,2348,1,0.023826943625123064,FINITE
19338,2803,4,0.025997079213654628,FINITE
19356,2803,5,,NAN
19374,2803,6,,NAN
19387,2803,7,,NAN
19400,2803,8,,NAN
19421,2803,9,,NAN
19438,2831,0,0.6342415710058427,FINITE
19458,2831,1,,NAN
19474,2831,2,,NAN
19492,2831,3,,NAN
19513,2831,4,,NAN
19531,2831,5,,NAN
19551,2831,6,,NAN
19568,2831,7,,NAN
19584,2831,8,,NAN
19599,2831,9,,NAN
19615,2867,0,0.03238954845482165,FINITE
19630,2867,1,0.031301448812310464,FINITE
19647,2867,2,0.031658033079247014,FINITE
19661,2867,3,0.029255130590015745,FINITE
19673,2867,4,0.030173775633703492,FINITE
19691,2867,5,0.028732451882458484,FINITE
19703,2867,6,0.028451658468434067,FINITE
19717,2867,7,0.02631627659855927,FINITE
19732,2867,8,0.026166522523136306,FINITE
19749,2867,9,0.02595257122693656,FINITE
19778,2881,0,0.33132693312940614,FINITE
19827,2881,1,,NAN
19852,2881,2,,NAN
19885,2881,3,,NAN
19915,2881,4,,NAN
19949,2881,5,,NAN
19983,2881,6,,NAN
20013,2881,7,,NAN
20043,2881,8,,NAN
20064,2881,9,,NAN
20081,2939,0,,NAN
20098,2942,0,,NAN
20115,2945,0,0.03470838598573922,FINITE
20131,2945,1,0.034336644062956334,FINITE
20149,2945,2,0.03309720308929678,FINITE
20164,2945,3,0.03234957145362507,FINITE
20180,2945,4,0.02796505373554741,FINITE
20194,2945,5,0.028154911907333328,FINITE
20208,2945,6,0.028063130853982717,FINITE
20221,2945,7,0.02805257849940393,FINITE
20233,2945,8,0.029836577062908938,FINITE
743,69,5,0,FINITE
1347,88,9,0,FINITE
1637,127,8,0,FINITE
1740,127,9,0,FINITE
1821,236,0,0.00496686240027203,FINITE
1895,215,3,0.001021118647395407,FINITE
2038,215,4,0.0012253413765744277,FINITE
2292,116,7,,NAN
2776,289,6,0.024305067347057886,FINITE
2935,337,2,0.002197728267747189,FINITE
3000,337,3,0.0021588542741330192,FINITE
3070,337,4,0.0023397501061932446,FINITE
3560,421,7,0.02756991914781843,FINITE
3629,421,8,0.02789421960275598,FINITE
3713,421,9,0.026881972256606344,FINITE
3805,517,0,0.013601568934344515,FINITE
3888,517,1,0.01830828142998393,FINITE
3970,517,2,0.019490026778224544,FINITE
4082,503,4,0.023851419066191336,FINITE
4165,503,5,0.02507281875231508,FINITE
4239,503,6,0.02532230579222276,FINITE
4315,503,7,,NAN
4387,503,8,,NAN
4467,503,9,,NAN
4950,616,5,0.03155970440974992,FINITE
5030,616,6,0.030207863904058517,FINITE
5092,616,7,0.02942533330945947,FINITE
5766,657,8,0.024617149732553776,FINITE
5848,657,9,0.025642636450349032,FINITE
5922,766,0,0.04332194812300366,FINITE
6005,766,1,0.030382038807999036,FINITE
6077,766,2,0.029984193702298326,FINITE
6161,766,3,0.02875184606992705,FINITE
6255,766,4,0.027178850645370033,FINITE
6338,766,5,0.027450470425087928,FINITE
6508,679,8,,NAN
6644,679,9,,NAN
6777,859,0,0.024449862301652976,FINITE
6902,859,1,0.029372190545045838,FINITE
7017,859,2,0.029605017289829696,FINITE
7131,859,3,0.029661110453803746,FINITE
7247,977,0,0.15225469670524036,FINITE
7390,977,1,0.15445185521969562,FINITE
7518,977,2,,NAN
7672,977,3,,NAN
7773,977,4,,NAN
7864,977,5,,NAN
7956,977,6,,NAN
8988,1118,9,0.021556848356130375,FINITE
9102,1194,0,0.4096734765622574,FINITE
9371,1194,1,0.6618760941450119,FINITE
9486,1194,2,0.5963562706751365,FINITE
9599,1194,3,0.5641738990912056,FINITE
9719,1194,4,0.5549706586143561,FINITE
9837,1194,5,0.5515671165105563,FINITE
10346,1193,4,,NAN
10562,1193,5,,NAN
10686,1193,6,,NAN
10835,1193,7,,NAN
12488,1464,5,,NAN
12613,1464,6,,NAN
12825,1464,7,,NAN
12921,1464,8,,NAN
13056,1464,9,,NAN
13094,1805,0,0.0010211211481455584,FINITE
13131,1809,0,0.017269502986872614,FINITE
13174,1809,1,,NAN
13215,1809,2,,NAN
13257,1809,3,,NAN
13295,1809,4,,NAN
13331,1809,5,,NAN
13374,1809,6,,NAN
13414,1809,7,,NAN
13449,1809,8,,NAN
14959,2072,6,0.0253553481411584,FINITE
14994,2072,7,0.024535015508780723,FINITE
15031,2072,8,0.02474282273730389,FINITE
15064,2072,9,,NAN
15111,2126,0,0.023204024948593152,FINITE
15149,2126,1,0.02970974301866811,FINITE
15183,2126,2,0.029547995087446613,FINITE
15226,2126,3,0.028368948564909846,FINITE
15264,2126,4,,NAN
15301,2126,5,,NAN
15333,2126,6,,NAN
15375,2126,7,,NAN
15412,2126,8,,NAN
15453,2126,9,,NAN
15485,2163,0,0.034951689380943646,FINITE
15511,2163,1,,NAN
15550,2163,2,,NAN
15576,2163,3,,NAN
15618,2163,4,,NAN
15663,2163,5,,NAN
15695,2163,6,,NAN
15734,2163,7,,NAN
15768,2163,8,,NAN
15819,2163,9,,NAN
15857,2232,0,,NAN
15898,2244,0,0.019172731547143364,FINITE
15948,2244,1,,NAN
15998,2244,2,,NAN
16031,2244,3,,NAN
16053,2244,4,,NAN
16090,2244,5,,NAN
16124,2244,6,,NAN
16162,2244,7,,NAN
16199,2244,8,,NAN
16240,2244,9,,NAN
16272,2303,0,0,FINITE
16312,2312,0,0.003945781270133631,FINITE
16362,2326,0,0.025714036469343955,FINITE
16394,2326,1,0.034171384045068726,FINITE
16438,2326,2,0.03025028625553715,FINITE
16494,2326,3,0.0310749577513647,FINITE
19407,2793,8,0.022660012149236703,FINITE
19422,2793,9,0.023304431210939346,FINITE
19435,2832,0,,NAN
19470,2837,0,0.6111440791392271,FINITE
19515,2837,1,0.6330762869528985,FINITE
19556,2837,2,0.6236484829451233,FINITE
19619,2837,3,,NAN
19684,2837,4,,NAN
19753,2837,5,,NAN
19783,2837,6,,NAN
19804,2837,7,,NAN
19831,2837,8,,NAN
19870,2837,9,,NAN
19881,2910,0,,NAN
19896,2913,0,0.046645578273227406,FINITE
19905,2913,1,0.03353209363583104,FINITE
19921,2913,2,0.0328109817355911,FINITE
19931,2913,3,,NAN
19948,2913,4,,NAN
19958,2913,5,,NAN
19972,2913,6,,NAN
19985,2913,7,,NAN
19999,2913,8,,NAN
20016,2913,9,,NAN
20029,2929,0,0.02941346004439979,FINITE
20042,2929,1,0.028652929404345683,FINITE
20059,2929,2,0.03145781862192027,FINITE
20076,2929,3,,NAN
20094,2929,4,,NAN
20110,2929,5,,NAN
20127,2929,6,,NAN
20141,2929,7,,NAN
20153,2929,8,,NAN
20169,2929,9,,NAN
20184,2966,0,0.03525396360615276,FINITE
20197,2966,1,0.040961102818792006,FINITE
20214,2966,2,0.03799472669163514,FINITE
20229,2966,3,0.034366372906095656,FINITE
20246,2966,4,,NAN
20262,2966,5,,NAN
20277,2966,6,,NAN
20293,2966,7,,NAN
20308,2966,8,,NAN
744,122,5,0,FINITE
1348,85,9,0.0016942989569135557,FINITE
1638,173,7,0.002321147739135187,FINITE
1739,173,8,0.002388208005230401,FINITE
1822,173,9,0.002251499319521917,FINITE
1896,263,0,0.005710646922521822,FINITE
1964,263,1,0.004317668528256968,FINITE
2063,263,2,0.003218819401553165,FINITE
2346,221,5,0.0984854364677815,FINITE
2777,344,0,0.3251752913359435,FINITE
2936,301,2,0.001996017859809833,FINITE
3063,301,3,0.0017522936818937641,FINITE
3561,456,1,0.0010211161466452553,FINITE
3698,456,2,0.0006807440977635035,FINITE
3841,456,3,0.0005105580733226276,FINITE
3972,456,4,0.0004084464586581021,FINITE
4083,500,4,0.01921567793972631,FINITE
4161,500,5,0.02103084437420692,FINITE
4226,500,6,,NAN
4302,500,7,,NAN
4373,500,8,,NAN
4451,500,9,,NAN
4951,584,3,,NAN
5108,584,4,,NAN
5767,704,6,,NAN
5859,704,7,,NAN
5929,704,8,,NAN
6018,704,9,,NAN
6111,786,0,0.03482660970231323,FINITE
6173,786,1,,NAN
6259,786,2,,NAN
6333,786,3,,NAN
6510,712,8,,NAN
6651,712,9,,NAN
6787,862,0,0.03120484495377964,FINITE
6914,862,1,0.025811726976107105,FINITE
7052,862,2,0.029780586999014605,FINITE
7248,909,3,,NAN
7413,909,4,,NAN
7497,909,5,,NAN
7571,909,6,,NAN
7633,909,7,,NAN
7714,909,8,,NAN
7801,909,9,,NAN
8989,1059,3,,NAN
9664,1059,4,,NAN
10349,1308,9,,NAN
10412,1387,0,0,FINITE
10477,1398,0,0.03901632393355234,FINITE
10551,1398,1,,NAN
10637,1398,2,,NAN
10705,1398,3,,NAN
10788,1398,4,,NAN
10858,1398,5,,NAN
10918,1398,6,,NAN
10966,1398,7,,NAN
13484,1836,3,,NAN
13537,1836,4,,NAN
13567,1836,5,,NAN
13611,1836,6,,NAN
13647,1836,7,,NAN
13688,1836,8,,NAN
13725,1836,9,,NAN
13771,1902,0,0.03472645077087584,FINITE
13804,1902,1,0.028454792446923435,FINITE
13844,1902,2,0.028414323809876255,FINITE
14960,2074,6,,NAN
14995,2074,7,,NAN
15027,2074,8,,NAN
15056,2074,9,,NAN
15096,2125,0,0.03879136738004914,FINITE
15133,2125,1,0.039386979281946836,FINITE
15168,2125,2,0.03674912553125583,FINITE
15206,2125,3,0.032190694268755086,FINITE
15245,2125,4,0.03316803953300422,FINITE
15277,2125,5,0.03389764636728818,FINITE
15313,2125,6,0.0325479629293403,FINITE
15359,2125,7,0.03149449826984624,FINITE
15407,2125,8,0.031603765610824154,FINITE
15444,2125,9,0.03174574025678799,FINITE
15476,2162,0,0.030436293194875202,FINITE
15512,2162,1,0.02934168323879818,FINITE
15545,2162,2,0.03163455252801842,FINITE
15580,2162,3,0.029650262624232246,FINITE
15621,2162,4,0.026760674372409327,FINITE
15659,2162,5,0.02924997995106586,FINITE
15698,2162,6,0.027239571836787997,FINITE
15739,2162,7,0.026460280748457632,FINITE
15773,2162,8,0.0254180730906967,FINITE
15822,2162,9,0.024611847405620398,FINITE
15865,2234,0,0.024693165696857505,FINITE
15907,2234,1,,NAN
15958,2234,2,,NAN
16001,2234,3,,NAN
16038,2234,4,,NAN
16074,2234,5,,NAN
16115,2234,6,,NAN
16149,2234,7,,NAN
16192,2234,8,,NAN
16233,2234,9,,NAN
16265,2300,0,0,FINITE
16301,2310,0,0.0020422322932905105,FINITE
16390,2322,0,,NAN
19446,2836,0,0.02751244453387905,FINITE
19461,2836,1,,NAN
19475,2836,2,,NAN
19490,2836,3,,NAN
19508,2836,4,,NAN
19524,2836,5,,NAN
19544,2836,6,,NAN
19559,2836,7,,NAN
19576,2836,8,,NAN
19588,2836,9,,NAN
19603,2864,0,,NAN
19616,2868,0,0.02847895267541204,FINITE
19631,2868,1,0.025884645438533017,FINITE
19649,2868,2,0.026721310931914852,FINITE
19665,2868,3,0.027104982853495288,FINITE
19678,2868,4,0.024002698295383963,FINITE
19693,2868,5,0.024890441799447636,FINITE
19706,2868,6,0.024874589963800597,FINITE
19718,2868,7,0.024469077870949988,FINITE
19735,2868,8,0.025646409552010682,FINITE
19755,2868,9,,NAN
19779,2882,0,0.040166641692479854,FINITE
19816,2882,1,,NAN
19839,2882,2,,NAN
19859,2882,3,,NAN
19884,2882,4,,NAN
19911,2882,5,,NAN
19935,2882,6,,NAN
19956,2882,7,,NAN
19988,2882,8,,NAN
20004,2882,9,,NAN
20033,2927,0,0,FINITE
20053,2933,0,,NAN
20071,2938,0,,NAN
20088,2940,0,0.02258729816651274,FINITE
20103,2940,1,0.019823740481930294,FINITE
20120,2940,2,0.019774151888463518,FINITE
20138,2940,3,0.019066056048389443,FINITE
20157,2940,4,0.017443743978414233,FINITE
20172,2940,5,0.019609168847824394,FINITE
20187,2940,6,0.023362072098623603,FINITE
20199,2940,7,0.02372514274442654,FINITE
20212,2940,8,0.02321931927806173,FINITE
20227,2940,9,0.023932385344436993,FINITE
20239,2980,0,0.21081401684504703,FINITE
20255,2980,1,,NAN
20269,2980,2,,NAN
20285,2980,3,,NAN
20297,2980,4,,NAN
20314,2980,5,,NAN
20323,2980,6,,NAN
21279,3138,0,0.7280308347761306,FINITE
21371,3138,1,0.38669250341139433,FINITE
21561,3138,2,0.49797627496035995,FINITE
745,7,8,0,FINITE
1350,182,3,0.0026432198080068477,FINITE
1639,179,7,0.0016419814499304944,FINITE
1744,179,8,0.0015729969719543904,FINITE
1819,179,9,0.0016199205040880022,FINITE
1897,262,0,0.0010211211481455584,FINITE
1972,262,1,0.0015316767207180343,FINITE
2403,92,3,,NAN
2778,274,9,,NAN
2937,419,0,0.0156435209473332,FINITE
3009,419,1,0.021949759782784788,FINITE
3562,401,8,,NAN
3622,401,9,,NAN
3690,492,0,,NAN
3777,510,0,0.03738658753392748,FINITE
3835,510,1,,NAN
3906,510,2,,NAN
3982,510,3,,NAN
4084,471,2,,NAN
4228,471,3,,NAN
4404,577,0,0.04008937422659875,FINITE
4952,585,3,0.02414391367780554,FINITE
5118,585,4,0.026085794783489,FINITE
5768,744,2,,NAN
5862,744,3,,NAN
5927,744,4,,NAN
6003,744,5,,NAN
6083,744,6,,NAN
6155,744,7,,NAN
6231,744,8,,NAN
6295,744,9,,NAN
6376,841,0,0.017633102840817524,FINITE
6512,715,8,,NAN
6646,715,9,,NAN
6797,860,0,0.024916159872371287,FINITE
6928,860,1,0.023401830276378245,FINITE
7053,860,2,0.022277800005452236,FINITE
7250,824,8,,NAN
7363,824,9,,NAN
7487,1008,0,0,FINITE
7617,1016,0,0.04114193464258047,FINITE
7730,1016,1,0.045224554419779815,FINITE
7854,1016,2,0.03783881093752139,FINITE
7951,1016,3,0.03671860792589712,FINITE
8990,1127,9,0.02537083867748053,FINITE
9139,1195,0,0.5023634238623609,FINITE
9279,1195,1,0.4985763064338428,FINITE
10398,1059,6,,NAN
10598,1059,7,,NAN
10738,1059,8,,NAN
10903,1059,9,,NAN
13485,1777,7,,NAN
13574,1777,8,,NAN
13659,1777,9,,NAN
13700,1889,0,0.002924690133992113,FINITE
13743,1898,0,0.017494459540375495,FINITE
13778,1898,1,0.020461720521235873,FINITE
13806,1898,2,0.02210262028785011,FINITE
13846,1898,3,0.02110859795249219,FINITE
14961,2096,2,0.020213970233169374,FINITE
14992,2096,3,,NAN
15033,2096,4,,NAN
15055,2096,5,,NAN
15094,2096,6,,NAN
15136,2096,7,,NAN
15169,2096,8,,NAN
15195,2096,9,,NAN
15238,2140,0,0.027223341934829746,FINITE
15275,2140,1,0.025559315517357347,FINITE
15310,2140,2,,NAN
15354,2140,3,,NAN
15388,2140,4,,NAN
15433,2140,5,,NAN
15465,2140,6,,NAN
15504,2140,7,,NAN
15534,2140,8,,NAN
15569,2140,9,,NAN
15616,2186,0,0,FINITE
15660,2199,0,0.029276829272384706,FINITE
15701,2199,1,0.034958260380289014,FINITE
15742,2199,2,0.02906200791581688,FINITE
15772,2199,3,0.02826594786941579,FINITE
15825,2199,4,,NAN
15867,2199,5,,NAN
15908,2199,6,,NAN
15963,2199,7,,NAN
16005,2199,8,,NAN
16044,2199,9,,NAN
16084,2281,0,0.026734897213754487,FINITE
16118,2281,1,0.029796352808641718,FINITE
16152,2281,2,0.032408233136350766,FINITE
16187,2281,3,0.0327496570503506,FINITE
16227,2281,4,0.03314181537823344,FINITE
16264,2281,5,0.03337980326274407,FINITE
16303,2281,6,0.034224331029441495,FINITE
16351,2281,7,0.034116039512139304,FINITE
16383,2281,8,0.03319486153110507,FINITE
16427,2281,9,0.03221304052346605,FINITE
16489,2347,0,,NAN
19518,2844,2,0.156621210556231,FINITE
19535,2844,3,,NAN
19549,2844,4,,NAN
19569,2844,5,,NAN
19585,2844,6,,NAN
19607,2844,7,,NAN
19626,2844,8,,NAN
19643,2844,9,,NAN
19666,2873,0,0.029051872718881936,FINITE
19687,2873,1,0.02701018131931726,FINITE
19705,2873,2,0.02343199167702774,FINITE
19730,2873,3,0.025412104680034617,FINITE
19747,2873,4,0.02543429636833184,FINITE
19765,2873,5,0.024065089495118413,FINITE
19774,2873,6,0.025927859703886107,FINITE
19793,2873,7,0.025332156399936426,FINITE
19805,2873,8,0.026407545712271083,FINITE
19817,2873,9,0.02554919875990806,FINITE
19832,2903,0,0.02412024565338782,FINITE
19848,2903,1,0.024821654387454276,FINITE
19860,2903,2,0.02656588509137914,FINITE
19874,2903,3,0.027974568252975236,FINITE
19888,2903,4,,NAN
19901,2903,5,,NAN
19913,2903,6,,NAN
19926,2903,7,,NAN
19936,2903,8,,NAN
19952,2903,9,,NAN
19966,2921,0,0.024916159872371398,FINITE
19977,2921,1,0.027852537462412466,FINITE
19994,2921,2,0.025651207150058104,FINITE
20009,2921,3,,NAN
20022,2921,4,,NAN
20039,2921,5,,NAN
20052,2921,6,,NAN
20069,2921,7,,NAN
20085,2921,8,,NAN
20101,2921,9,,NAN
20119,2946,0,,NAN
20134,2950,0,,NAN
20148,2954,0,0.0020422322932905105,FINITE
20165,2958,0,0,FINITE
20179,2963,0,0.029467802620207706,FINITE
20205,2963,1,,NAN
20230,2963,2,,NAN
20252,2963,3,,NAN
20267,2963,4,,NAN
20301,2963,5,,NAN
21281,3211,0,,NAN
21354,3312,0,0,FINITE
21442,3354,0,0,FINITE
21515,3385,0,0,FINITE
21603,3407,0,,NAN
21740,3215,4,,NAN
21923,3215,5,,NAN
21997,3215,6,,NAN
22077,3440,0,0.05616472775102416,FINITE
22153,3440,1,0.04041533069450151,FINITE
22228,3440,2,0.038957025863204896,FINITE
747,78,5,0.0019266695309173405,FINITE
750,101,2,,NAN
1351,170,4,0.0009933864860566459,FINITE
1640,215,1,0.0010211211481455584,FINITE
1747,215,2,0.0013614915298605426,FINITE
1898,183,9,0.001498702049989109,FINITE
1970,288,0,0.024743533366249612,FINITE
2058,288,1,,NAN
2418,218,7,0.0020075664663044327,FINITE
2555,218,8,0.0018979614309534466,FINITE
2655,218,9,0.002116607744915668,FINITE
2779,332,0,0.029658775968031046,FINITE
2938,416,0,0.026405280565489114,FINITE
3015,416,1,0.03501143106553925,FINITE
3563,323,9,,NAN
3628,472,0,0,FINITE
3704,472,1,0,FINITE
3785,512,0,0.03557215625190438,FINITE
3857,512,1,0.036723726719438785,FINITE
3937,512,2,,NAN
4085,458,8,0.001974785259938509,FINITE
4166,458,9,0.002459108863015782,FINITE
4953,549,6,,NAN
5110,549,7,,NAN
5769,610,8,0.028384733979672075,FINITE
5912,610,9,0.027800933979396446,FINITE
6053,771,0,0.022044490822529003,FINITE
6189,771,1,0.022295612399722414,FINITE
6312,771,2,0.02468634247321762,FINITE
6518,727,7,,NAN
6654,727,8,,NAN
6795,727,9,,NAN
6924,880,0,,NAN
7048,921,0,0,FINITE
7251,943,2,,NAN
7334,943,3,,NAN
7421,943,4,,NAN
7496,943,5,,NAN
7577,943,6,,NAN
7649,943,7,,NAN
7741,943,8,,NAN
7823,943,9,,NAN
7979,1058,0,,NAN
8991,1161,4,,NAN
9059,1161,5,,NAN
9128,1161,6,,NAN
9199,1161,7,,NAN
9274,1161,8,,NAN
9337,1161,9,,NAN
9397,1242,0,,NAN
9447,1252,0,0.03192333113687957,FINITE
9513,1252,1,,NAN
9571,1252,2,,NAN
9634,1252,3,,NAN
9681,1252,4,,NAN
9727,1252,5,,NAN
9786,1252,6,,NAN
9845,1252,7,,NAN
10404,327,9,,NAN
10496,1395,0,0,FINITE
10575,1415,0,,NAN
10669,1426,0,0.4117075002892829,FINITE
10965,1426,1,0.6609504547211867,FINITE
13486,1835,3,,NAN
13520,1835,4,,NAN
13551,1835,5,,NAN
13598,1835,6,,NAN
13629,1835,7,,NAN
13678,1835,8,,NAN
13714,1835,9,,NAN
13758,1900,0,0.01470886320241354,FINITE
13800,1900,1,0.0188086273542106,FINITE
13831,1900,2,,NAN
13869,1900,3,,NAN
14962,2111,0,0.030243297285519097,FINITE
14997,2111,1,0.03807492462771479,FINITE
15030,2111,2,,NAN
15057,2111,3,,NAN
15093,2111,4,,NAN
15134,2111,5,,NAN
15171,2111,6,,NAN
15200,2111,7,,NAN
15239,2111,8,,NAN
15278,2111,9,,NAN
15315,2148,0,0.03479262649663358,FINITE
15358,2148,1,0.025468259213914178,FINITE
15392,2148,2,0.026414949031148677,FINITE
15432,2148,3,0.026012356007966708,FINITE
15472,2148,4,0.023751657446856075,FINITE
15507,2148,5,0.022792182953240796,FINITE
15538,2148,6,0.02267817011348366,FINITE
15566,2148,7,0.022603208102824283,FINITE
15608,2148,8,0.024374858756382137,FINITE
15647,2148,9,0.023937832015723456,FINITE
15711,2205,0,,NAN
15787,2220,0,0.48564347573083694,FINITE
19519,2845,2,,NAN
19537,2845,3,,NAN
19550,2845,4,,NAN
19567,2845,5,,NAN
19587,2845,6,,NAN
19606,2845,7,,NAN
19625,2845,8,,NAN
19644,2845,9,,NAN
19668,2874,0,0.01926094703084434,FINITE
19686,2874,1,0.022500035730307358,FINITE
19708,2874,2,0.023322853793455733,FINITE
19727,2874,3,0.021258059861260704,FINITE
19743,2874,4,0.02094144282931456,FINITE
19761,2874,5,0.021410968716155696,FINITE
19773,2874,6,0.02089855549793929,FINITE
19789,2874,7,0.020166046042031715,FINITE
19803,2874,8,,NAN
19814,2874,9,,NAN
19833,2902,0,0.03137079053075702,FINITE
19849,2902,1,0.0236196340157966,FINITE
19856,2902,2,0.021208821119330794,FINITE
19872,2902,3,0.021798522040132665,FINITE
19886,2902,4,,NAN
19900,2902,5,,NAN
19910,2902,6,,NAN
19925,2902,7,,NAN
19937,2902,8,,NAN
19953,2902,9,,NAN
19967,2922,0,0.023204024948593152,FINITE
19978,2922,1,,NAN
19996,2922,2,,NAN
20012,2922,3,,NAN
20024,2922,4,,NAN
20040,2922,5,,NAN
20056,2922,6,,NAN
20074,2922,7,,NAN
20091,2922,8,,NAN
20105,2922,9,,NAN
20124,2948,0,0.024311219001210832,FINITE
20136,2948,1,0.02566071019035147,FINITE
20152,2948,2,,NAN
20168,2948,3,,NAN
20183,2948,4,,NAN
20198,2948,5,,NAN
20216,2948,6,,NAN
20234,2948,7,,NAN
20249,2948,8,,NAN
20264,2948,9,,NAN
20281,2985,0,,NAN
20300,2988,0,0.023067323973004532,FINITE
20325,2988,1,0.3354318283192403,FINITE
21285,3182,0,,NAN
21383,3314,0,0,FINITE
21483,3367,0,0,FINITE
21568,3397,0,,NAN
21741,3178,6,,NAN
21811,3178,7,,NAN
21898,3178,8,,NAN
21984,3178,9,,NAN
22057,3438,0,0.03040230998919557,FINITE
22154,3438,1,0.029545291427066245,FINITE
22230,3438,2,0.028360635308120174,FINITE
22311,3438,3,,NAN
22390,3438,4,,NAN
22457,3488,0,0.4438302739104799,FINITE
752,104,5,0,FINITE
1352,144,4,,NAN
1641,221,1,0.0015316767207180343,FINITE
1765,221,2,0.0017018619115755265,FINITE
1899,213,3,0.0025181170365009614,FINITE
2043,213,4,0.002014493629200769,FINITE
2419,291,4,,NAN
2523,291,5,,NAN
2599,291,6,,NAN
2693,291,7,,NAN
2780,291,8,,NAN
2939,411,0,,NAN
3078,436,0,0,FINITE
3564,374,9,,NAN
3640,473,0,0.0019035889928484776,FINITE
3721,473,1,0.002829198457579441,FINITE
3804,473,2,0.00222650602110148,FINITE
3886,473,3,0.0024010520493241384,FINITE
3966,473,4,0.0021250658690884225,FINITE
4086,551,0,0.02301305160076993,FINITE
4235,551,1,0.023800778601432523,FINITE
4412,551,2,0.022564153935240406,FINITE
4955,623,4,0.02243783939501364,FINITE
5039,623,5,0.02276249055306997,FINITE
5770,740,2,0.030093965411105022,FINITE
5871,740,3,0.029193372512966283,FINITE
5950,740,4,0.02960751757844283,FINITE
6036,740,5,0.027542773836877574,FINITE
6137,740,6,0.02654484218859175,FINITE
6215,740,7,0.027227942463760334,FINITE
6294,740,8,0.02588294118459193,FINITE
6519,756,5,0.027619967144121776,FINITE
6655,756,6,0.02649244394480597,FINITE
6788,756,7,0.025446704820007528,FINITE
6927,756,8,0.02501686685929722,FINITE
7057,756,9,0.025564042497593135,FINITE
7253,978,0,0,FINITE
7379,997,0,0.03244187850220295,FINITE
7507,997,1,,NAN
7655,997,2,,NAN
7752,997,3,,NAN
7857,997,4,,NAN
7943,997,5,,NAN
8992,1185,0,0.0306571945911994,FINITE
9097,1185,1,0.0279684771587578,FINITE
9190,1185,2,0.0330582474236824,FINITE
9301,1185,3,0.03228396316950678,FINITE
9427,1185,4,0.02841600608705689,FINITE
9546,1185,5,0.02838061650102329,FINITE
9657,1185,6,0.027136953386809975,FINITE
9756,1185,7,0.026100461354648483,FINITE
9863,1185,8,0.025459554064729092,FINITE
10487,1270,4,,NAN
10657,1270,5,,NAN
10850,1270,6,,NAN
10977,1270,7,,NAN
13487,1850,0,0.6522863421231702,FINITE
13591,1850,1,,NAN
13692,1850,2,,NAN
13724,1850,3,,NAN
14963,2075,6,,NAN
15000,2075,7,,NAN
15032,2075,8,,NAN
15054,2075,9,,NAN
15090,2124,0,0.025418403026758345,FINITE
15132,2124,1,,NAN
15172,2124,2,,NAN
15209,2124,3,,NAN
15248,2124,4,,NAN
15282,2124,5,,NAN
15316,2124,6,,NAN
15367,2124,7,,NAN
15396,2124,8,,NAN
15428,2124,9,,NAN
15467,2160,0,0.030106676546609958,FINITE
15503,2160,1,0.03297009546985335,FINITE
15536,2160,2,0.03565394304118213,FINITE
15567,2160,3,0.03529590207971922,FINITE
15611,2160,4,,NAN
15654,2160,5,,NAN
15688,2160,6,,NAN
15731,2160,7,,NAN
15764,2160,8,,NAN
15798,2160,9,,NAN
15849,2227,0,0,FINITE
15890,2241,0,0.027701425416468237,FINITE
15940,2241,1,0.025340246905779316,FINITE
15983,2241,2,0.023809573152752894,FINITE
16014,2241,3,0.024216367331679672,FINITE
16054,2241,4,0.023688726500066665,FINITE
16093,2241,5,0.0240808855353129,FINITE
16131,2241,6,0.02395561973721008,FINITE
16167,2241,7,0.02415155016024891,FINITE
16207,2241,8,0.025152178143584565,FINITE
16245,2241,9,0.026024819217937378,FINITE
16277,2305,0,0.028749316437108104,FINITE
16322,2305,1,0.02539690362981855,FINITE
16370,2305,2,0.027976300754683336,FINITE
16399,2305,3,,NAN
16449,2305,4,,NAN
16500,2305,5,,NAN
19530,2852,0,0,FINITE
19547,2855,0,0.003063333434434146,FINITE
19563,2858,0,0.02894721262411945,FINITE
19580,2858,1,0.029924871603084532,FINITE
19597,2858,2,0.027655818300567164,FINITE
19622,2858,3,0.028149737165104063,FINITE
19638,2858,4,0.028919925516080646,FINITE
19657,2858,5,0.02862168756977262,FINITE
19680,2858,6,0.027615469798892907,FINITE
19698,2858,7,0.025677804831409703,FINITE
19721,2858,8,0.02581345078853546,FINITE
19734,2858,9,0.025370824692261058,FINITE
19752,2877,0,0.03638629690926287,FINITE
19769,2877,1,0.030954680015391693,FINITE
19781,2877,2,0.02782917440146601,FINITE
19794,2877,3,,NAN
19807,2877,4,,NAN
19822,2877,5,,NAN
19837,2877,6,,NAN
19851,2877,7,,NAN
19866,2877,8,,NAN
19877,2877,9,,NAN
19894,2911,0,0.21046411431700923,FINITE
21286,3248,0,0.6833751228599437,FINITE
21361,3248,1,0.3527800946413539,FINITE
21454,3248,2,0.24801633346032778,FINITE
21532,3248,3,,NAN
21742,3172,4,,NAN
21813,3172,5,,NAN
21891,3172,6,,NAN
22082,3172,7,,NAN
22170,3172,8,,NAN
22346,3172,9,,NAN
22458,3476,1,0.03176865232372275,FINITE
22530,3476,2,0.028371822607020047,FINITE
22605,3476,3,0.030591901934663747,FINITE
22676,3476,4,0.026802699569794947,FINITE
22749,3476,5,0.028345376815214676,FINITE
22821,3476,6,0.028068220208111023,FINITE
22890,3476,7,0.028615182823718124,FINITE
22979,3476,8,0.02835423331719912,FINITE
23045,3476,9,0.02916083799697346,FINITE
23133,3655,0,0.029606445920649965,FINITE
23206,3655,1,0.02920750762216369,FINITE
23276,3655,2,0.034120016775791975,FINITE
23366,3655,3,0.03146034046921334,FINITE
23439,3655,4,,NAN
23519,3655,5,,NAN
23592,3655,6,,NAN
23677,3655,7,,NAN
23742,3664,3,,NAN
753,120,5,0,FINITE
1353,95,9,0,FINITE
1642,131,8,0,FINITE
1752,131,9,0,FINITE
1829,237,0,0.0019035889928484776,FINITE
1900,222,3,0.0020421722612743573,FINITE
2047,222,4,0.002980079416549522,FINITE
2420,213,7,0.0016246447849994948,FINITE
2563,213,8,0.00167104339703183,FINITE
2668,213,9,0.001503939057328647,FINITE
2781,233,8,0.0007787994148418077,FINITE
2940,418,0,0.03636795006756133,FINITE
3020,418,1,0.024006920088940537,FINITE
3565,396,8,,NAN
3627,396,9,,NAN
3706,494,0,0.026873540514196406,FINITE
3794,494,1,0.03490002933058214,FINITE
3864,494,2,0.04057303957758063,FINITE
3952,494,3,0.03825888665511801,FINITE
4087,464,7,,NAN
4172,464,8,,NAN
4246,464,9,,NAN
4325,578,0,0.02458850560209512,FINITE
4401,578,1,0.03066920118265145,FINITE
4474,578,2,0.030562794102372424,FINITE
4956,564,5,,NAN
5771,676,6,0.02512114021572377,FINITE
5857,676,7,0.02631300468105308,FINITE
5930,676,8,,NAN
6017,676,9,,NAN
6118,785,0,,NAN
6184,821,0,,NAN
6266,829,0,0.01967497470152997,FINITE
6359,829,1,0.018584717120952787,FINITE
6520,754,5,,NAN
6656,754,6,,NAN
6801,754,7,,NAN
6919,754,8,,NAN
7043,754,9,,NAN
7155,952,0,0,FINITE
7254,918,2,,NAN
7382,918,3,,NAN
7621,918,4,,NAN
7726,918,5,,NAN
7851,918,6,,NAN
7937,918,7,,NAN
8993,1142,8,,NAN
9070,1142,9,,NAN
9132,1205,0,0.018706373829076098,FINITE
9191,1205,1,0.028722705580872077,FINITE
9261,1205,2,0.02785780170878303,FINITE
9334,1205,3,0.024838892343531135,FINITE
9403,1205,4,0.025764674398866518,FINITE
9461,1205,5,0.025738791394819025,FINITE
9520,1205,6,0.02488000758826076,FINITE
9567,1205,7,,NAN
9622,1205,8,,NAN
9670,1205,9,,NAN
9725,1277,0,0.03164604453599539,FINITE
9780,1277,1,0.029838543300364555,FINITE
9838,1277,2,,NAN
10577,1202,8,,NAN
13488,1813,7,,NAN
13542,1813,8,,NAN
13578,1813,9,,NAN
13619,1874,0,0,FINITE
13664,1882,0,0.0020422322932905105,FINITE
13704,1891,0,0.040225894579049064,FINITE
13739,1891,1,0.034859372518660794,FINITE
13785,1891,2,0.030524731603940133,FINITE
13818,1891,3,,NAN
13858,1891,4,,NAN
14964,2100,2,,NAN
14998,2100,3,,NAN
15029,2100,4,,NAN
15058,2100,5,,NAN
15098,2100,6,,NAN
15137,2100,7,,NAN
15173,2100,8,,NAN
15204,2100,9,,NAN
15241,2143,0,0.02239632481868951,FINITE
15274,2143,1,0.01961231411167324,FINITE
15311,2143,2,,NAN
15357,2143,3,,NAN
15397,2143,4,,NAN
15437,2143,5,,NAN
15471,2143,6,,NAN
15508,2143,7,,NAN
15541,2143,8,,NAN
15572,2143,9,,NAN
15610,2187,0,0.0029246901339921136,FINITE
15652,2198,0,0,FINITE
15799,2208,0,0.8761782940367732,FINITE
15982,2208,1,,NAN
19540,2846,3,,NAN
19553,2846,4,,NAN
19570,2846,5,,NAN
19582,2846,6,,NAN
19596,2846,7,,NAN
19611,2846,8,,NAN
19623,2846,9,,NAN
19642,2871,0,0.02047093904581586,FINITE
19656,2871,1,0.020929064435803633,FINITE
19671,2871,2,0.024483947786740456,FINITE
19685,2871,3,0.02500694199917143,FINITE
19701,2871,4,0.026120540898400595,FINITE
19714,2871,5,,NAN
19728,2871,6,,NAN
19744,2871,7,,NAN
19763,2871,8,,NAN
19795,2871,9,,NAN
19824,2893,0,0,FINITE
19878,2905,0,,NAN
19951,2912,0,,NAN
19975,2920,0,0.02839464191867852,FINITE
19998,2920,1,0.02438046043486611,FINITE
20023,2920,2,0.029966904158310558,FINITE
20046,2920,3,0.027082449925780898,FINITE
20065,2920,4,0.0250543136462582,FINITE
20082,2920,5,0.02401943089346821,FINITE
20099,2920,6,0.025022825972119113,FINITE
20116,2920,7,0.023854660744730857,FINITE
20132,2920,8,0.024370509497217814,FINITE
20150,2920,9,0.0232608379880483,FINITE
20166,2959,0,0,FINITE
20182,2964,0,0,FINITE
20196,2969,0,,NAN
20210,2973,0,0.016007120801278325,FINITE
20222,2973,1,0.02178594769126923,FINITE
20236,2973,2,,NAN
20250,2973,3,,NAN
20263,2973,4,,NAN
20279,2973,5,,NAN
20291,2973,6,,NAN
20304,2990,0,0.028999542671500633,FINITE
20318,2990,1,0.02535720842288213,FINITE
20330,2990,2,0.027067680029340225,FINITE
21288,3231,0,0.7198936740700733,FINITE
21476,3231,1,,NAN
21640,3231,2,,NAN
21743,3358,3,,NAN
21827,3358,4,,NAN
21931,3358,5,,NAN
22016,3358,6,,NAN
22101,3358,7,,NAN
22201,3358,8,,NAN
22283,3358,9,,NAN
22377,3473,0,,NAN
22459,3431,7,0.02699380657465433,FINITE
22534,3431,8,,NAN
22613,3431,9,,NAN
22720,3576,0,0.44105751142581257,FINITE
22867,3576,1,,NAN
23047,3576,2,,NAN
23196,3576,3,,NAN
23374,3576,4,,NAN
23525,3576,5,,NAN
23697,3576,6,,NAN
23743,3687,5,,NAN
23778,3687,6,,NAN
754,113,5,0.0016787496930013145,FINITE
1354,153,4,0.0019867549631092402,FINITE
1643,174,7,0.0008761468409468821,FINITE
1746,174,8,0.0007787971919527841,FINITE
1828,174,9,0.0007009174727575057,FINITE
1901,266,0,0.01586847750083618,FINITE
1982,266,1,0.019466929574493703,FINITE
2421,207,7,0.0020874557694904833,FINITE
2572,207,8,0.0020670261276413715,FINITE
2675,207,9,0.0018603235148772345,FINITE
2782,286,9,0.002088875083026535,FINITE
2941,371,1,0.20633742257827492,FINITE
3019,371,2,,NAN
3566,298,9,0.0011976047134851008,FINITE
3694,474,0,0,FINITE
3795,474,1,0,FINITE
3936,533,0,0.009603857977160686,FINITE
4089,504,4,,NAN
4173,504,5,,NAN
4243,504,6,,NAN
4308,504,7,,NAN
4382,504,8,,NAN
4465,504,9,,NAN
4959,569,5,,NAN
5115,569,6,,NAN
5772,723,3,0.0217499579264715,FINITE
5866,723,4,0.020407662311312982,FINITE
5949,723,5,0.018947366944480813,FINITE
6040,723,6,0.022701262354365485,FINITE
6138,723,7,0.022457132765907294,FINITE
6201,723,8,0.023447313340263287,FINITE
6280,723,9,0.02296798638440646,FINITE
6356,840,0,0.02618032401198624,FINITE
6521,729,7,,NAN
6657,729,8,,NAN
6780,729,9,,NAN
6907,877,0,0.023949571498184732,FINITE
7050,877,1,0.024320387408526573,FINITE
7162,877,2,0.028537845104097168,FINITE
7262,979,0,,NAN
7326,998,0,0.0331350950044129,FINITE
7402,998,1,0.031368752917551514,FINITE
7473,998,2,0.028647176927898726,FINITE
7555,998,3,0.02558218152752384,FINITE
7620,998,4,0.024539001012229812,FINITE
7702,998,5,0.023102635434894384,FINITE
7785,998,6,0.023732608163320765,FINITE
7867,998,7,0.023556254320832318,FINITE
7954,998,8,,NAN
8994,1156,5,0.025700788081752902,FINITE
9072,1156,6,0.025821236050921226,FINITE
9137,1156,7,0.02502483381305946,FINITE
9203,1156,8,,NAN
9269,1156,9,,NAN
9325,1232,0,0.020141322397550825,FINITE
9395,1232,1,0.01459620461915901,FINITE
9452,1232,2,,NAN
9511,1232,3,,NAN
9563,1232,4,,NAN
9620,1232,5,,NAN
9671,1232,6,,NAN
9731,1232,7,,NAN
9783,1232,8,,NAN
9830,1232,9,,NAN
9882,1312,0,,NAN
10981,1438,4,,NAN
11033,1438,5,,NAN
11093,1438,6,,NAN
11151,1438,7,,NAN
11201,1438,8,,NAN
11253,1438,9,,NAN
11307,1545,0,0.027182827885613683,FINITE
11364,1545,1,0.02335957964335092,FINITE
11402,1545,2,0.027914749943107164,FINITE
11469,1545,3,0.028192210084721652,FINITE
11519,1545,4,0.02561692135808987,FINITE
11573,1545,5,0.025151114173899366,FINITE
11628,1545,6,0.02792621579472179,FINITE
11687,1545,7,0.028674252493977412,FINITE
11744,1545,8,0.028194298198137173,FINITE
11813,1545,9,0.02744969094299346,FINITE
11865,1616,0,,NAN
11941,1619,0,0.034433162088880954,FINITE
12000,1619,1,0.032711002961995764,FINITE
12048,1619,2,0.03255763702612368,FINITE
12115,1619,3,0.033220885054624325,FINITE
12166,1619,4,0.0332205791618159,FINITE
13489,1784,7,,NAN
13566,1784,8,,NAN
13632,1784,9,,NAN
13686,1886,0,0.0019035889928484776,FINITE
13731,1896,0,0.03521062914012628,FINITE
13770,1896,1,0.026724371510247598,FINITE
13808,1896,2,0.02653459911719726,FINITE
13851,1896,3,,NAN
14965,1758,8,,NAN
15235,1758,9,,NAN
15281,2145,0,0.016612151879901952,FINITE
15340,2145,1,0.021578037872916605,FINITE
15379,2145,2,0.0266148756003332,FINITE
15426,2145,3,0.024624667645673653,FINITE
15483,2145,4,0.0252454312731309,FINITE
15539,2145,5,0.026863140957766356,FINITE
15602,2145,6,0.024980961133429087,FINITE
15644,2145,7,0.024417208372477447,FINITE
15693,2145,8,0.0236634188689597,FINITE
15735,2145,9,0.02279027274240589,FINITE
15780,2223,0,0.16384130511527684,FINITE
15817,2223,1,0.16976346781989918,FINITE
15854,2223,2,0.17343886009917178,FINITE
15892,2223,3,,NAN
15923,2223,4,,NAN
15968,2223,5,,NAN
16009,2223,6,,NAN
16049,2223,7,,NAN
16095,2223,8,,NAN
16136,2223,9,,NAN
16177,2291,0,0.04910482108504809,FINITE
16214,2291,1,0.04023678951007971,FINITE
16270,2291,2,0.03270222728699239,FINITE
16310,2291,3,0.029886550433537416,FINITE
16342,2291,4,0.029691886230517866,FINITE
16378,2291,5,0.029337367622308264,FINITE
16419,2291,6,,NAN
16450,2291,7,,NAN
16477,2291,8,,NAN
16514,2291,9,,NAN
19573,2828,2,,NAN
19637,2828,3,,NAN
19659,2828,4,,NAN
19682,2828,5,,NAN
19710,2828,6,,NAN
19820,2828,7,,NAN
19865,2828,8,,NAN
19912,2828,9,,NAN
19938,2916,0,0.03259364326528797,FINITE
19962,2916,1,0.036547345726519576,FINITE
19990,2916,2,0.03511289125607688,FINITE
20007,2916,3,0.03412962273779111,FINITE
20027,2916,4,0.03062612856621328,FINITE
20048,2916,5,0.03052516768743592,FINITE
20066,2916,6,0.029857387641190943,FINITE
20086,2916,7,0.029350011350584536,FINITE
20102,2916,8,0.02836722367290798,FINITE
20118,2916,9,0.028118278078638433,FINITE
20145,2949,0,,NAN
20159,2957,0,0.009603857977160688,FINITE
20174,2962,0,0,FINITE
20189,2967,0,0.014156142136112866,FINITE
20204,2971,0,0,FINITE
20217,2975,0,0,FINITE
755,86,5,0,FINITE
1355,159,4,0.002014497630601154,FINITE
1644,176,4,0.0014295596042030335,FINITE
1761,176,5,0.0011912996701691945,FINITE
1902,89,9,,NAN
2051,289,0,0.02412024565338782,FINITE
2422,241,6,0.0017108638758353849,FINITE
2521,241,7,0.00187992257066023,FINITE
2607,241,8,0.0016710422850313156,FINITE
2704,241,9,0.0017081612858572352,FINITE
2783,290,8,,NAN
2942,338,1,,NAN
3085,338,2,,NAN
3567,450,2,0.001996007855474916,FINITE
3708,450,3,0.001497005891606187,FINITE
3827,450,4,0.0025994036409918214,FINITE
3963,450,5,0.0023363565588507777,FINITE
4090,501,4,0.023245182424860726,FINITE
4170,501,5,0.022797194070530075,FINITE
4244,501,6,0.02343118890802506,FINITE
4298,501,7,0.02387202421103579,FINITE
4369,501,8,0.024710809074530982,FINITE
4455,501,9,0.026142983954122227,FINITE
4960,551,6,0.021307889187119726,FINITE
5081,551,7,0.022768959501726145,FINITE
5773,717,4,0.028877446028836608,FINITE
5864,717,5,0.026879444770828195,FINITE
5940,717,6,0.026216018970760185,FINITE
6031,717,7,0.026401694776473694,FINITE
6135,717,8,,NAN
6198,717,9,,NAN
6283,833,0,0.02913818597194256,FINITE
6374,833,1,0.024406580336736268,FINITE
6531,725,7,0.03022655903721925,FINITE
6662,725,8,0.02936365478017878,FINITE
6816,725,9,0.029360205234137498,FINITE
6942,885,0,0.034762778737146005,FINITE
7068,885,1,0.029507372425893876,FINITE
7270,973,0,,NAN
7343,1001,0,0.03269389542219725,FINITE
7407,1001,1,0.026115113411642705,FINITE
7480,1001,2,,NAN
7551,1001,3,,NAN
7625,1001,4,,NAN
7708,1001,5,,NAN
7787,1001,6,,NAN
7870,1001,7,,NAN
7966,1001,8,,NAN
8995,1163,4,0.01742922095530356,FINITE
9071,1163,5,0.01808888243371822,FINITE
9138,1163,6,0.01807085915591316,FINITE
9196,1163,7,0.018613013095983236,FINITE
9263,1163,8,0.019488410954046218,FINITE
9324,1163,9,0.021150470889479488,FINITE
9381,1238,0,0.01708041182860924,FINITE
9444,1238,1,,NAN
9507,1238,2,,NAN
9559,1238,3,,NAN
9619,1238,4,,NAN
9672,1238,5,,NAN
9734,1238,6,,NAN
9781,1238,7,,NAN
9840,1238,8,,NAN
10982,1260,9,,NAN
11035,1488,0,0,FINITE
11099,1504,0,0.017962719489082783,FINITE
11155,1504,1,0.030166255675346875,FINITE
11202,1504,2,0.02980612242508504,FINITE
11251,1504,3,0.03505868521671857,FINITE
11308,1504,4,0.03400602952138413,FINITE
11365,1504,5,0.033585379860264074,FINITE
11422,1504,6,0.03186258746968827,FINITE
11480,1504,7,0.030473292241814727,FINITE
11534,1504,8,0.03176251660412576,FINITE
11584,1504,9,0.03141709781027495,FINITE
11641,1588,0,0.019813618001972115,FINITE
11691,1588,1,0.025289763922556295,FINITE
11737,1588,2,0.025551730587445518,FINITE
11811,1588,3,0.022819435427922315,FINITE
11853,1588,4,0.02122504964290899,FINITE
11946,1588,5,,NAN
12004,1588,6,,NAN
12046,1588,7,,NAN
12114,1588,8,,NAN
12156,1588,9,,NAN
13490,1853,0,0.6388281389866333,FINITE
13573,1853,1,,NAN
13655,1853,2,,NAN
13756,1853,3,,NAN
13850,1853,4,,NAN
14966,2109,0,0.040866781033878044,FINITE
15062,2109,1,,NAN
15103,2109,2,,NAN
15182,2109,3,,NAN
15228,2109,4,,NAN
15267,2109,5,,NAN
15337,2109,6,,NAN
15381,2109,7,,NAN
15424,2109,8,,NAN
15484,2109,9,,NAN
15533,2170,0,0.019120401499761956,FINITE
15596,2170,1,0.02162949699742572,FINITE
15651,2170,2,0.024426452429466852,FINITE
15706,2170,3,0.022845180019481343,FINITE
15748,2170,4,0.02400333257909622,FINITE
15783,2170,5,0.02384700742393872,FINITE
15820,2170,6,0.025237857141165648,FINITE
15858,2170,7,0.02719683786078376,FINITE
15900,2170,8,0.02672538906671898,FINITE
15929,2170,9,0.027060119494140132,FINITE
16022,2259,0,0.5539850548198146,FINITE
16125,2259,1,0.5620393074402684,FINITE
16222,2259,2,,NAN
16315,2259,3,,NAN
16391,2259,4,,NAN
16456,2259,5,,NAN
19627,2860,4,0.021248928975685855,FINITE
19650,2860,5,,NAN
19663,2860,6,,NAN
19677,2875,0,0.020695895599318843,FINITE
19692,2875,1,0.01728737556727371,FINITE
19707,2875,2,0.021237645702163396,FINITE
19720,2875,3,0.022390911117552793,FINITE
19737,2875,4,0.0232001851612467,FINITE
19756,2875,5,0.023316361209506156,FINITE
19788,2875,6,0.02452612215621062,FINITE
19818,2875,7,0.025502764516459976,FINITE
19844,2875,8,0.027006309656325955,FINITE
19867,2875,9,0.026662245935855318,FINITE
19899,2909,0,0.20536506345441963,FINITE
19939,2909,1,,NAN
19980,2909,2,,NAN
20001,2909,3,,NAN
20026,2909,4,,NAN
20051,2909,5,,NAN
20070,2909,6,,NAN
20087,2909,7,,NAN
20107,2909,8,,NAN
20123,2909,9,,NAN
20139,2952,0,,NAN
20155,2956,0,0,FINITE
20181,2961,0,0.7102055567130077,FINITE
20203,2961,1,0.6930758486568216,FINITE
20225,2961,2,,NAN
20248,2961,3,,NAN
20268,2961,4,,NAN
20288,2961,5,,NAN
20312,2961,6,,NAN
20329,2961,7,,NAN
21289,3208,0,0.6958378807988219,FINITE
21450,3208,1,0.6802179206923942,FINITE
21529,3208,2,,NAN
21744,3403,2,0.08790355013121197,FINITE
757,87,5,0,FINITE
1356,156,4,0.001429563605603418,FINITE
1645,163,7,0.0014040365771998396,FINITE
1743,163,8,0.0014749472123210252,FINITE
1817,163,9,0.0013274524910889228,FINITE
1903,235,1,0.002898480087791442,FINITE
1977,235,2,0.002613064156291131,FINITE
2060,235,3,0.002470356190540976,FINITE
2423,286,5,0.002483451209139528,FINITE
2517,286,6,0.002420419935446811,FINITE
2619,286,7,0.0022455075870341547,FINITE
2707,286,8,0.0019960067440303597,FINITE
2784,329,0,1.0402236322307166,FINITE
2943,308,1,,NAN
3568,306,6,,NAN
3717,306,7,,NAN
3847,306,8,,NAN
3986,306,9,,NAN
4091,524,3,0.029731545572044275,FINITE
4171,524,4,,NAN
4248,524,5,,NAN
4316,524,6,,NAN
4390,524,7,,NAN
4463,524,8,,NAN
4964,553,6,,NAN
5774,733,1,0.03704707118267864,FINITE
5906,733,2,0.031872681063932595,FINITE
6038,733,3,,NAN
6181,733,4,,NAN
6323,733,5,,NAN
6532,678,8,0.02598011415498815,FINITE
6661,678,9,,NAN
6808,863,0,0.04122824789564121,FINITE
6936,863,1,,NAN
7064,863,2,,NAN
7275,877,3,,NAN
7397,877,4,,NAN
7528,877,5,,NAN
7670,877,6,,NAN
7780,877,7,,NAN
7895,877,8,,NAN
7978,877,9,,NAN
8996,1147,7,,NAN
9062,1147,8,,NAN
9127,1147,9,,NAN
9197,1216,0,0.0377616113903855,FINITE
9266,1216,1,0.03990196984366005,FINITE
9323,1216,2,0.03914531115969632,FINITE
9382,1216,3,0.03569200581319661,FINITE
9435,1216,4,0.032637326450244246,FINITE
9505,1216,5,0.030877517713238312,FINITE
9557,1216,6,0.03045592689277157,FINITE
9617,1216,7,0.032163643729821376,FINITE
9663,1216,8,,NAN
9722,1216,9,,NAN
9772,1291,0,0.020886868947142076,FINITE
9827,1291,1,0.023619909732625,FINITE
9883,1291,2,0.02462038376996914,FINITE
10983,1445,3,,NAN
11046,1445,4,,NAN
11119,1445,5,,NAN
11177,1445,6,,NAN
11260,1445,7,,NAN
11332,1445,8,,NAN
11404,1445,9,,NAN
11473,1569,0,0.016612151879901952,FINITE
11540,1569,1,0.02444954143536305,FINITE
11616,1569,2,0.028593566698395936,FINITE
13491,1755,2,,NAN
13750,1755,3,,NAN
14967,2066,3,,NAN
15044,2066,4,,NAN
15126,2066,5,,NAN
15197,2066,6,,NAN
15284,2066,7,,NAN
15344,2066,8,,NAN
15438,2066,9,,NAN
15480,2161,0,,NAN
15513,2168,0,0.031725434949868125,FINITE
15547,2168,1,0.028527776158750254,FINITE
15585,2168,2,,NAN
15627,2168,3,,NAN
15669,2168,4,,NAN
15710,2168,5,,NAN
15747,2168,6,,NAN
15782,2168,7,,NAN
15827,2168,8,,NAN
15871,2168,9,,NAN
15919,2247,0,,NAN
15964,2256,0,0,FINITE
16006,2268,0,,NAN
16043,2275,0,0,FINITE
16077,2280,0,0.028342311871297432,FINITE
16114,2280,1,0.028809570571841123,FINITE
16154,2280,2,,NAN
16190,2280,3,,NAN
16238,2280,4,,NAN
16269,2280,5,,NAN
16309,2280,6,,NAN
16361,2280,7,,NAN
16401,2280,8,,NAN
16452,2280,9,,NAN
16507,2353,0,0.04044392829336382,FINITE
19639,2869,1,0.025726550363820766,FINITE
19653,2869,2,0.02768227173875191,FINITE
19669,2869,3,,NAN
19683,2869,4,,NAN
19696,2869,5,,NAN
19713,2869,6,,NAN
19725,2869,7,,NAN
19739,2869,8,,NAN
19758,2869,9,,NAN
19782,2884,0,,NAN
19815,2889,0,0.023558749612431696,FINITE
19838,2889,1,0.021724922887794942,FINITE
19858,2889,2,0.022881097416281748,FINITE
19887,2889,3,0.023169306162293058,FINITE
19914,2889,4,0.02429715879456993,FINITE
19940,2889,5,,NAN
19960,2889,6,,NAN
19991,2889,7,,NAN
20010,2889,8,,NAN
20034,2889,9,,NAN
20054,2934,0,0.037165826664533996,FINITE
20072,2934,1,0.16690674230016558,FINITE
20089,2934,2,,NAN
20106,2934,3,,NAN
20121,2934,4,,NAN
20137,2934,5,,NAN
20156,2934,6,,NAN
20171,2934,7,,NAN
20186,2934,8,,NAN
20201,2934,9,,NAN
20215,2974,0,0,FINITE
20228,2977,0,0.030850200534668526,FINITE
20240,2977,1,0.027346579793586144,FINITE
20256,2977,2,0.02503725619520236,FINITE
20270,2977,3,0.022758144033456138,FINITE
20282,2977,4,0.025080884526422105,FINITE
20294,2977,5,0.02448837595972399,FINITE
20309,2977,6,0.025849641135128366,FINITE
20319,2977,7,0.02462586734931976,FINITE
21290,3217,0,0.6907764767654418,FINITE
21359,3217,1,0.3598890109666348,FINITE
21552,3217,2,,NAN
21745,3420,0,,NAN
21837,3428,0,0.01647350857945981,FINITE
21903,3428,1,0.019440799627966913,FINITE
21993,3428,2,0.022321657122682803,FINITE
22079,3428,3,0.025370596001491184,FINITE
22149,3428,4,0.022615188813780683,FINITE
22225,3428,5,0.024760297844624492,FINITE
22306,3428,6,0.025239877483648785,FINITE
22381,3428,7,0.0246892101606628,FINITE
22460,3514,0,0.1862340961169282,FINITE
22536,3514,1,0.1857039513269985,FINITE
22616,3514,2,,NAN
22687,3514,3,,NAN
22763,3514,4,,NAN
22830,3514,5,,NAN
758,41,5,,NAN
1357,118,9,0,FINITE
1646,167,7,0.00237314022692575,FINITE
1758,167,8,0.0021094579794895558,FINITE
1904,176,6,0.0010211140030021667,FINITE
2049,176,7,0.0010211148961450907,FINITE
2424,248,6,0.0011669927398804648,FINITE
2522,248,7,0.0011487587909136015,FINITE
2618,248,8,0.0013614893068603286,FINITE
2708,248,9,0.0014295636055033467,FINITE
2785,250,6,,NAN
2944,341,2,,NAN
3023,341,3,,NAN
3569,352,7,,NAN
3670,352,8,,NAN
3744,352,9,,NAN
3832,527,0,0.023672284897300666,FINITE
3919,527,1,0.021673629799415374,FINITE
3997,527,2,0.02383898165466884,FINITE
4092,552,0,0.02375664579944303,FINITE
4232,552,1,0.026541896295390985,FINITE
4399,552,2,0.022320882708670182,FINITE
4965,642,2,0.025405660068363044,FINITE
5045,642,3,0.0273721664607631,FINITE
5775,753,0,0.02991570319878684,FINITE
5918,753,1,0.029097373579380408,FINITE
6041,753,2,0.025587492562464998,FINITE
6182,753,3,0.022950239384518477,FINITE
6310,753,4,0.023873146423866808,FINITE
6533,758,5,,NAN
6668,758,6,,NAN
6812,758,7,,NAN
6941,758,8,,NAN
7071,758,9,,NAN
7285,948,1,,NAN
7361,948,2,,NAN
7506,948,3,,NAN
7585,948,4,,NAN
7762,948,5,,NAN
7944,948,6,,NAN
8997,1132,8,,NAN
9075,1132,9,,NAN
9135,1206,0,,NAN
9206,1217,0,,NAN
9277,1223,0,0.01846307043387179,FINITE
9344,1223,1,0.026767528136778015,FINITE
9405,1223,2,0.024881653166154497,FINITE
9450,1223,3,,NAN
9510,1223,4,,NAN
9560,1223,5,,NAN
9632,1223,6,,NAN
9687,1223,7,,NAN
9736,1223,8,,NAN
9790,1223,9,,NAN
9852,1306,0,0.023151694901212067,FINITE
10984,1378,9,,NAN
11040,1489,0,0.022408090676474014,FINITE
11095,1489,1,0.02250357735038557,FINITE
11156,1489,2,,NAN
11205,1489,3,,NAN
11250,1489,4,,NAN
11303,1489,5,,NAN
11358,1489,6,,NAN
11415,1489,7,,NAN
11477,1489,8,,NAN
11533,1489,9,,NAN
11589,1582,0,,NAN
11643,1590,0,0.03109350392987296,FINITE
11685,1590,1,0.02470896553165125,FINITE
11742,1590,2,0.025458600798471138,FINITE
11810,1590,3,0.026040885266235627,FINITE
11852,1590,4,0.023144623584440305,FINITE
11917,1590,5,0.023192016570716276,FINITE
11988,1590,6,0.025814720161288003,FINITE
12038,1590,7,,NAN
12107,1590,8,,NAN
12155,1590,9,,NAN
13492,1849,2,0.017246531342219217,FINITE
13541,1849,3,0.01570818325640327,FINITE
13575,1849,4,0.018785247391097208,FINITE
13620,1849,5,0.019397776279890172,FINITE
13663,1849,6,0.021506076166762526,FINITE
13706,1849,7,0.021770311002157143,FINITE
13740,1849,8,0.022033453390260724,FINITE
13791,1849,9,0.02285464003593987,FINITE
13825,1911,0,0.022599064024297132,FINITE
13867,1911,1,0.02433736397076055,FINITE
14968,2105,1,,NAN
15012,2105,2,,NAN
15051,2105,3,,NAN
15092,2105,4,,NAN
15128,2105,5,,NAN
15162,2105,6,,NAN
15210,2105,7,,NAN
15252,2105,8,,NAN
15305,2105,9,,NAN
15363,2152,0,0.020557252298876703,FINITE
15408,2152,1,0.019674969690506763,FINITE
15461,2152,2,0.02432909251327119,FINITE
15514,2152,3,0.02446736355162628,FINITE
15575,2152,4,0.026962064863507267,FINITE
15624,2152,5,0.02673062418006221,FINITE
15678,2152,6,0.02669647698556049,FINITE
15722,2152,7,0.026022026933956766,FINITE
15762,2152,8,,NAN
15804,2152,9,,NAN
15834,2228,0,0,FINITE
15878,2237,0,0.02163049322099573,FINITE
15917,2237,1,0.02539340209590738,FINITE
15951,2237,2,,NAN
15978,2237,3,,NAN
16032,2237,4,,NAN
16070,2237,5,,NAN
16117,2237,6,,NAN
16160,2237,7,,NAN
16196,2237,8,,NAN
16235,2237,9,,NAN
16284,2301,0,,NAN
16316,2317,0,0,FINITE
16348,2327,0,0.042048888738135594,FINITE
16386,2327,1,0.040963409913608924,FINITE
16425,2327,2,0.03632136052440049,FINITE
16457,2327,3,0.03473755744628498,FINITE
16487,2327,4,0.03318113714737819,FINITE
16525,2327,5,0.030557969204980894,FINITE
19792,2886,1,0.018004899949193447,FINITE
19806,2886,2,0.0178347531462542,FINITE
19819,2898,0,,NAN
19834,2904,0,0,FINITE
19857,2906,0,0.4979762142076959,FINITE
19883,2906,1,,NAN
19902,2906,2,,NAN
19919,2906,3,,NAN
19932,2906,4,,NAN
19954,2906,5,,NAN
19970,2906,6,,NAN
19982,2906,7,,NAN
20005,2906,8,,NAN
20020,2906,9,,NAN
20036,2930,0,0,FINITE
20049,2936,0,0.028117355317794454,FINITE
20068,2936,1,,NAN
21291,3235,0,0.6810171696390732,FINITE
21360,3235,1,0.3553631315630293,FINITE
21455,3235,2,,NAN
21746,3189,6,,NAN
21836,3189,7,,NAN
21906,3189,8,,NAN
21985,3189,9,,NAN
22103,3439,0,,NAN
22191,3446,0,0.02982938994572589,FINITE
22262,3446,1,0.027122634520849665,FINITE
22338,3446,2,0.02705027010880968,FINITE
22408,3446,3,0.027282380585945364,FINITE
22461,3498,0,,NAN
22603,3535,0,0.5998564326196775,FINITE
22737,3535,1,0.5989800215918073,FINITE
763,110,5,0,FINITE
1358,101,4,,NAN
1647,80,9,,NAN
1728,233,0,0.0010211211481455584,FINITE
1905,265,0,0.0029246901339921136,FINITE
1983,265,1,0.0014623450669960568,FINITE
2425,254,6,0.002566294385181907,FINITE
2514,254,7,0.0026110938537831827,FINITE
2604,254,8,0.002434430219823447,FINITE
2701,254,9,0.002599429654898668,FINITE
2786,330,0,,NAN
2945,352,1,0.5135736749500666,FINITE
3066,352,2,,NAN
3570,412,8,0.026668311138588262,FINITE
3635,412,9,0.02683571121185918,FINITE
3719,497,0,,NAN
3814,520,0,0.024970452297741575,FINITE
3890,520,1,0.021647439715585665,FINITE
3975,520,2,0.021376472776977407,FINITE
4093,529,3,0.025435421225662405,FINITE
4167,529,4,0.02496141331016017,FINITE
4241,529,5,,NAN
4314,529,6,,NAN
4383,529,7,,NAN
4458,529,8,,NAN
4970,552,6,,NAN
5776,732,1,0.03138524778189148,FINITE
5901,732,2,0.027712258171612183,FINITE
6039,732,3,,NAN
6175,732,4,,NAN
6306,732,5,,NAN
6537,702,8,,NAN
6666,702,9,,NAN
6818,864,0,0.020418608998434565,FINITE
6944,864,1,0.023359614734580703,FINITE
7076,864,2,0.02418386333039361,FINITE
7302,916,1,,NAN
7438,916,2,,NAN
7552,916,3,,NAN
7687,916,4,,NAN
7927,916,5,,NAN
8998,1123,9,,NAN
9143,1196,0,0.4788068415715909,FINITE
9271,1196,1,,NAN
9361,1196,2,,NAN
9473,1196,3,,NAN
9611,1196,4,,NAN
9767,1196,5,,NAN
9884,1196,6,,NAN
10985,1375,9,,NAN
11036,1490,0,0,FINITE
11098,1505,0,0.028688051022111735,FINITE
11152,1505,1,0.029933934102522708,FINITE
11206,1505,2,,NAN
11256,1505,3,,NAN
11319,1505,4,,NAN
11368,1505,5,,NAN
11419,1505,6,,NAN
11472,1505,7,,NAN
11521,1505,8,,NAN
11569,1505,9,,NAN
11615,1586,0,0.025548151081947253,FINITE
11675,1586,1,0.02152035920636229,FINITE
11726,1586,2,0.021060680270091767,FINITE
11795,1586,3,0.023521142848081232,FINITE
11843,1586,4,,NAN
11911,1586,5,,NAN
11982,1586,6,,NAN
12034,1586,7,,NAN
12105,1586,8,,NAN
12154,1586,9,,NAN
13493,1857,1,0.022002019658249897,FINITE
13527,1857,2,0.023864627266339214,FINITE
13564,1857,3,0.020126581334835702,FINITE
13601,1857,4,0.019161706786990813,FINITE
13638,1857,5,0.01893876835393249,FINITE
13689,1857,6,,NAN
13723,1857,7,,NAN
13765,1857,8,,NAN
13803,1857,9,,NAN
13845,1914,0,0.01846307043387168,FINITE
14970,2112,0,0.017217172939491425,FINITE
15010,2112,1,0.018515395470731714,FINITE
15046,2112,2,0.020677754688965187,FINITE
15084,2112,3,0.024704286008945753,FINITE
15124,2112,4,0.028101871151832363,FINITE
15163,2112,5,,NAN
15222,2112,6,,NAN
15265,2112,7,,NAN
15306,2112,8,,NAN
15361,2112,9,,NAN
15403,2156,0,0.03481304608050161,FINITE
15458,2156,1,0.027520340865556638,FINITE
15496,2156,2,0.025752599686587985,FINITE
15565,2156,3,0.02753566695744608,FINITE
15615,2156,4,0.027866636769821616,FINITE
15668,2156,5,,NAN
15708,2156,6,,NAN
15745,2156,7,,NAN
15781,2156,8,,NAN
15815,2156,9,,NAN
15852,2231,0,0,FINITE
15896,2243,0,0.02204642312232194,FINITE
15924,2243,1,0.024017886893242475,FINITE
15961,2243,2,0.0269645273966713,FINITE
16003,2243,3,0.027170330214885748,FINITE
16045,2243,4,0.026989591624918013,FINITE
16079,2243,5,0.026496981754152844,FINITE
16119,2243,6,0.027689845687299763,FINITE
16161,2243,7,0.028487052417751076,FINITE
16200,2243,8,0.02774061731816072,FINITE
16239,2243,9,0.028431261622044977,FINITE
16282,2302,0,0,FINITE
16321,2316,0,0,FINITE
16349,2330,0,0.039423218090879876,FINITE
16388,2330,1,0.02869296878998133,FINITE
16421,2330,2,0.026725324984027746,FINITE
16448,2330,3,0.028135063431503782,FINITE
16476,2330,4,,NAN
16511,2330,5,,NAN
19942,2879,7,,NAN
19965,2879,8,,NAN
19995,2879,9,,NAN
20014,2926,0,0.030297649894433294,FINITE
20037,2926,1,0.02379710662389878,FINITE
20058,2926,2,0.02517964735315674,FINITE
20075,2926,3,,NAN
20092,2926,4,,NAN
20108,2926,5,,NAN
20126,2926,6,,NAN
20146,2926,7,,NAN
20162,2926,8,,NAN
20175,2926,9,,NAN
20190,2968,0,0.01708041182860924,FINITE
20206,2968,1,0.022290520182161582,FINITE
20218,2968,2,0.024019833897507486,FINITE
20231,2968,3,0.023085344910800495,FINITE
20243,2968,4,0.023098614908882768,FINITE
20257,2968,5,0.0242924531119391,FINITE
20273,2968,6,0.023096503745693154,FINITE
20283,2968,7,0.023868792870476226,FINITE
20296,2968,8,0.022639541935624993,FINITE
20310,2968,9,0.02255250139420628,FINITE
20320,2993,0,0.003945781270133631,FINITE
21294,3228,0,,NAN
21370,3315,0,0,FINITE
21466,3360,0,0,FINITE
21541,3390,0,0.14385094690164374,FINITE
21636,3390,1,,NAN
21747,3344,0,1.2855115378718227,FINITE
22167,3344,1,,NAN
22462,3438,5,,NAN
22600,3438,6,,NAN
22663,3438,7,,NAN
22726,3438,8,,NAN
22798,3438,9,,NAN
765,88,5,0,FINITE
1359,177,4,0.0025716909893075414,FINITE
1648,101,5,,NAN
1906,269,0,0,FINITE
1976,269,1,0,FINITE
2426,298,0,0,FINITE
2576,298,1,0,FINITE
2676,298,2,0.0013152604233778772,FINITE
2787,308,0,0.8187578842093837,FINITE
2946,385,1,0.03247238021603522,FINITE
3027,385,2,0.030368912534118376,FINITE
3571,366,9,,NAN
3638,475,0,0,FINITE
3716,475,1,0,FINITE
3801,518,0,0.013826525487847496,FINITE
3875,518,1,0.013757203837626481,FINITE
3958,518,2,0.0196397271372298,FINITE
4095,505,4,,NAN
4168,505,5,,NAN
4240,505,6,,NAN
4317,505,7,,NAN
4393,505,8,,NAN
4469,505,9,,NAN
4980,531,8,,NAN
5777,641,7,0.023697660467466023,FINITE
5909,641,8,0.023410131884959516,FINITE
6046,641,9,,NAN
6167,796,0,,NAN
6308,827,0,0.012114150059027039,FINITE
6571,304,4,,NAN
7317,908,3,,NAN
7395,908,4,,NAN
7471,908,5,,NAN
7546,908,6,,NAN
7615,908,7,,NAN
7789,908,8,,NAN
7872,908,9,,NAN
7972,1063,0,0.030263666688753646,FINITE
8999,1164,4,0.026358317386228985,FINITE
9076,1164,5,0.026025855996622865,FINITE
9142,1164,6,0.026508810454992725,FINITE
9211,1164,7,0.02630232252134388,FINITE
9283,1164,8,,NAN
9326,1164,9,,NAN
9393,1239,0,,NAN
9454,1251,0,,NAN
9604,1260,0,0.7208211046586176,FINITE
9744,1260,1,0.7193481578737231,FINITE
10986,1455,2,0.021809171860355258,FINITE
11041,1455,3,0.024346207480906247,FINITE
11114,1455,4,0.024228685614797275,FINITE
11184,1455,5,0.025280730227270665,FINITE
11262,1455,6,0.02701791454393852,FINITE
11309,1455,7,0.028638764492425736,FINITE
11389,1455,8,0.02870889137473361,FINITE
11450,1455,9,,NAN
11517,1576,0,0.017771746141259665,FINITE
11594,1576,1,0.020695850495589568,FINITE
11669,1576,2,0.020805096987675176,FINITE
11748,1576,3,0.019990520137695582,FINITE
11815,1576,4,0.022226994978905602,FINITE
11901,1576,5,0.02207264191120978,FINITE
11947,1576,6,0.022194933162831602,FINITE
12015,1576,7,0.02326943497349004,FINITE
12075,1576,8,0.02287586494853683,FINITE
12164,1576,9,0.023427742645551,FINITE
13494,1746,3,,NAN
13681,1746,4,,NAN
13872,1746,5,,NAN
14971,2068,5,0.027788964101227425,FINITE
15009,2068,6,0.02778878903955625,FINITE
15050,2068,7,0.026212330803501833,FINITE
15085,2068,8,0.026708693668677144,FINITE
15121,2068,9,0.026727686146363578,FINITE
15161,2132,0,0.028860899371058596,FINITE
15205,2132,1,0.03146523080299711,FINITE
15244,2132,2,0.03133452869950665,FINITE
15291,2132,3,,NAN
15346,2132,4,,NAN
15391,2132,5,,NAN
15436,2132,6,,NAN
15499,2132,7,,NAN
15571,2132,8,,NAN
15626,2132,9,,NAN
15691,2200,0,0.2944063986986091,FINITE
15746,2200,1,0.30160256624956006,FINITE
15786,2200,2,0.2885422251049851,FINITE
15828,2200,3,,NAN
15869,2200,4,,NAN
15909,2200,5,,NAN
15957,2200,6,,NAN
15991,2200,7,,NAN
16042,2200,8,,NAN
16087,2200,9,,NAN
16130,2286,0,0.02714884467993403,FINITE
16171,2286,1,0.025038762676248265,FINITE
16210,2286,2,0.027160088831095833,FINITE
16263,2286,3,0.028199681744165775,FINITE
16304,2286,4,0.029721452756916778,FINITE
16336,2286,5,0.02718186173891576,FINITE
16374,2286,6,0.02734735425835208,FINITE
16412,2286,7,,NAN
16441,2286,8,,NAN
16465,2286,9,,NAN
16490,2358,0,,NAN
16524,2364,0,0.017633102840817743,FINITE
19973,2923,0,,NAN
19986,2924,0,0.02913818597194256,FINITE
20002,2924,1,,NAN
20017,2924,2,,NAN
20030,2924,3,,NAN
20044,2924,4,,NAN
20060,2924,5,,NAN
20077,2924,6,,NAN
20093,2924,7,,NAN
20109,2924,8,,NAN
20125,2924,9,,NAN
20140,2953,0,0.24720002672658054,FINITE
20154,2953,1,,NAN
20170,2953,2,,NAN
20185,2953,3,,NAN
20200,2953,4,,NAN
20219,2953,5,,NAN
20237,2953,6,,NAN
20254,2953,7,,NAN
20271,2953,8,,NAN
20289,2953,9,,NAN
20305,2989,0,0.036802226810588985,FINITE
20321,2989,1,0.031110314918673665,FINITE
21295,3168,0,0.5943128213288911,FINITE
21385,3168,1,0.3034205345924111,FINITE
21589,3168,2,,NAN
21748,3241,4,,NAN
21947,3241,5,,NAN
22142,3241,6,,NAN
22321,3241,7,,NAN
22463,3173,8,,NAN
22632,3173,9,,NAN
22695,3579,0,,NAN
22837,3589,0,,NAN
22907,3619,0,0.0010211211481455584,FINITE
22961,3636,0,0.029215563857388334,FINITE
23034,3636,1,0.02672023480276927,FINITE
23081,3636,2,0.027304166480587488,FINITE
23137,3636,3,0.02560435542331449,FINITE
23209,3636,4,0.02505836599871719,FINITE
23266,3636,5,,NAN
23315,3636,6,,NAN
23371,3636,7,,NAN
23432,3636,8,,NAN
23473,3636,9,,NAN
23528,3716,0,0.03393091893449379,FINITE
23598,3716,1,0.029520007266338754,FINITE
23653,3716,2,0.02489451182667031,FINITE
23704,3716,3,,NAN
23744,3705,3,,NAN
23802,3705,4,,NAN
23865,3705,5,,NAN
767,75,5,,NAN
1360,121,9,0,FINITE
1649,143,7,,NAN
1742,143,8,,NAN
1825,143,9,,NAN
1907,221,3,0.0017522936818937641,FINITE
2061,221,4,0.0018102814041731133,FINITE
2427,287,5,0.02723376341457044,FINITE
2537,287,6,0.027107933000790112,FINITE
2644,287,7,0.028565804829883534,FINITE
2721,287,8,0.027047363909922795,FINITE
2788,318,0,,NAN
2947,295,5,0.0018171043252213825,FINITE
3083,295,6,0.00199513705510892,FINITE
3572,301,7,0.0015143450577877046,FINITE
3699,301,8,0.0015729991950657943,FINITE
3800,301,9,0.001619922504888266,FINITE
3947,535,0,0.030434270633342215,FINITE
4096,508,4,0.027158743426330408,FINITE
4177,508,5,0.02789790527004439,FINITE
4247,508,6,0.026557547443074172,FINITE
4322,508,7,,NAN
4397,508,8,,NAN
4466,508,9,,NAN
4981,567,5,0.027916616934483097,FINITE
5778,734,1,0.0194238080251272,FINITE
5897,734,2,0.01928547820535532,FINITE
6042,734,3,0.02172707683373695,FINITE
6188,734,4,0.02333027680552259,FINITE
6321,734,5,0.0240069232729196,FINITE
6588,839,0,,NAN
6719,853,0,,NAN
6873,866,0,0.030020363293549228,FINITE
6987,866,1,0.025219486145992006,FINITE
7125,866,2,0.024686309047301125,FINITE
7340,959,0,0.6256893996406927,FINITE
7654,959,1,,NAN
7747,959,2,,NAN
7865,959,3,,NAN
9001,1144,8,,NAN
9078,1144,9,,NAN
9145,1207,0,0.02910219023783597,FINITE
9210,1207,1,0.030467556411998907,FINITE
9265,1207,2,0.028801948632712415,FINITE
9321,1207,3,,NAN
9391,1207,4,,NAN
9438,1207,5,,NAN
9506,1207,6,,NAN
9572,1207,7,,NAN
9636,1207,8,,NAN
9683,1207,9,,NAN
9738,1279,0,0.026075663917224073,FINITE
9798,1279,1,,NAN
9857,1279,2,,NAN
10987,1373,8,,NAN
11048,1373,9,,NAN
11126,1509,0,0.024631950432299113,FINITE
11186,1509,1,0.032701681190873175,FINITE
11270,1509,2,0.02613329006212828,FINITE
11337,1509,3,0.03102941052174697,FINITE
11416,1509,4,0.03266260058612438,FINITE
11488,1509,5,0.03158640081232552,FINITE
11564,1509,6,0.03077835752164953,FINITE
11646,1509,7,0.03021439248957422,FINITE
11723,1509,8,,NAN
11788,1509,9,,NAN
11879,1613,0,0.023014993925623346,FINITE
11932,1613,1,0.02542406990167281,FINITE
12001,1613,2,0.02418831542580076,FINITE
12070,1613,3,0.02707352316786253,FINITE
12141,1613,4,0.02405391988600705,FINITE
13495,1809,9,,NAN
13561,1868,0,,NAN
13600,1873,0,0,FINITE
13639,1880,0,0.026905541284729613,FINITE
13687,1880,1,0.030919441911985857,FINITE
13729,1880,2,0.030095285263343808,FINITE
13772,1880,3,,NAN
13810,1880,4,,NAN
13848,1880,5,,NAN
14972,1714,9,,NAN
15002,2117,0,0.019068071452380757,FINITE
15035,2117,1,0.02436342371020595,FINITE
15063,2117,2,0.025274454017654952,FINITE
15097,2117,3,0.023156621820172536,FINITE
15142,2117,4,0.023972329042737002,FINITE
15178,2117,5,0.02417584861449006,FINITE
15219,2117,6,0.024572291454266166,FINITE
15258,2117,7,0.023722223290140353,FINITE
15298,2117,8,,NAN
15325,2117,9,,NAN
15373,2154,0,0.029085855924561588,FINITE
15414,2154,1,0.02809018904594031,FINITE
15454,2154,2,0.032896271084644504,FINITE
15486,2154,3,,NAN
15517,2154,4,,NAN
15556,2154,5,,NAN
15588,2154,6,,NAN
15628,2154,7,,NAN
15667,2154,8,,NAN
15707,2154,9,,NAN
15794,2218,0,,NAN
15843,2226,0,0,FINITE
15889,2238,0,0.035262959187507575,FINITE
15934,2238,1,0.03668811699704844,FINITE
15989,2238,2,0.03290046697620213,FINITE
16021,2238,3,0.033001767443062324,FINITE
16063,2238,4,0.029789767660083344,FINITE
16101,2238,5,,NAN
16139,2238,6,,NAN
16173,2238,7,,NAN
16218,2238,8,,NAN
16255,2238,9,,NAN
16298,2307,0,0.035315289234888664,FINITE
16350,2307,1,0.029372135368492456,FINITE
16385,2307,2,0.02686657350382791,FINITE
16433,2307,3,0.026924058786009168,FINITE
16492,2307,4,0.026560673672846237,FINITE
19976,2897,9,,NAN
19993,2925,0,0.018654043781695013,FINITE
20008,2925,1,,NAN
20021,2925,2,,NAN
20038,2931,0,0.010902165651132098,FINITE
20050,2937,0,0.031732357789056344,FINITE
20067,2937,1,0.049917678223762876,FINITE
20083,2937,2,0.04112299934812813,FINITE
20100,2937,3,0.04824942927750795,FINITE
20117,2937,4,0.14502956864435734,FINITE
20133,2937,5,0.12410530742924895,FINITE
20147,2937,6,0.11222126038065301,FINITE
20163,2937,7,,NAN
20178,2937,8,,NAN
20195,2937,9,,NAN
20209,2972,0,0,FINITE
20223,2976,0,,NAN
20238,2979,0,0.16564672408619713,FINITE
20253,2979,1,0.16004765975215715,FINITE
20272,2979,2,,NAN
20284,2979,3,,NAN
20303,2979,4,,NAN
20317,2979,5,,NAN
21297,3142,0,,NAN
21378,3316,0,0,FINITE
21749,3156,4,,NAN
21939,3156,5,,NAN
22124,3156,6,,NAN
22318,3156,7,,NAN
22464,3196,9,,NAN
22646,3536,0,,NAN
22812,3583,0,0.6175709229899372,FINITE
22988,3583,1,,NAN
23146,3583,2,,NAN
23317,3583,3,,NAN
23489,3583,4,,NAN
23683,3583,5,,NAN
772,119,5,0,FINITE
777,74,5,0,FINITE
778,52,8,0,FINITE
779,61,8,0.00132486190038613,FINITE
780,108,5,0.027223606184405072,FINITE
781,79,5,0,FINITE
782,34,8,0,FINITE
783,6,8,0.00011345790534950649,FINITE
784,62,8,0,FINITE
785,83,5,0,FINITE
786,13,8,0,FINITE
787,65,5,,NAN
788,25,8,0,FINITE
789,21,8,0,FINITE
790,56,8,0,FINITE
791,77,4,,NAN
792,16,8,0,FINITE
793,73,5,0.001485455618236716,FINITE
794,85,5,0.0019729006390681626,FINITE
795,81,5,0,FINITE
796,45,7,,NAN
797,12,8,0,FINITE
798,84,5,0,FINITE
799,33,8,0,FINITE
800,66,5,0,FINITE
801,82,5,0,FINITE
802,46,8,0,FINITE
803,118,5,0,FINITE
804,43,8,0.0017844924090459997,FINITE
805,90,5,,NAN
806,114,5,0.0011913046718362828,FINITE
807,17,8,0,FINITE
808,111,5,0,FINITE
809,100,5,,NAN
810,72,5,0.11144840996188732,FINITE
811,18,8,,NAN
812,3,8,0,FINITE
813,71,5,0,FINITE
814,63,5,0,FINITE
815,49,8,0,FINITE
816,67,5,0,FINITE
817,60,8,0.02732297395459767,FINITE
818,57,8,0,FINITE
819,64,5,,NAN
820,19,8,,NAN
821,70,5,0,FINITE
822,121,5,0,FINITE
823,22,8,0,FINITE
824,42,9,0,FINITE
825,95,5,0,FINITE
826,30,8,0,FINITE
827,98,5,0,FINITE
828,23,9,0,FINITE
829,103,5,,NAN
830,54,9,0.00010211211481455584,FINITE
831,8,8,,NAN
832,39,9,0,FINITE
833,35,9,,NAN
834,96,5,,NAN
835,76,6,0,FINITE
836,37,9,0,FINITE
837,116,2,,NAN
838,10,9,0,FINITE
839,50,9,0,FINITE
840,5,9,0,FINITE
841,38,8,,NAN
842,27,9,0.0014156972748590225,FINITE
843,58,9,0,FINITE
844,4,4,,NAN
845,11,9,0,FINITE
846,7,9,0,FINITE
847,40,9,0,FINITE
848,97,6,0.0258642389793515,FINITE
849,9,9,0,FINITE
850,53,9,0,FINITE
851,36,9,,NAN
852,102,5,,NAN
853,59,9,0,FINITE
854,69,6,0,FINITE
855,51,8,,NAN
856,48,9,0,FINITE
857,91,6,0,FINITE
858,31,9,0,FINITE
859,99,6,0,FINITE
860,26,5,,NAN
861,24,8,,NAN
862,44,9,0,FINITE
863,21,9,0,FINITE
864,47,9,0.0020645217290975104,FINITE
865,32,9,0,FINITE
866,14,8,,NAN
867,15,9,0,FINITE
868,34,9,0,FINITE
869,78,6,0.0020890500885625985,FINITE
870,52,9,0,FINITE
871,12,9,0,FINITE
872,113,6,0.001438928308286841,FINITE
873,62,9,0,FINITE
874,61,9,0.0015678565025785574,FINITE
875,16,9,0,FINITE
876,86,6,0,FINITE
877,46,9,0,FINITE
878,6,9,0.00010211211481455584,FINITE
879,33,9,0,FINITE
880,18,9,,NAN
881,25,9,0,FINITE
882,122,6,0,FINITE
883,107,1,,NAN
884,120,6,0,FINITE
885,13,9,0,FINITE
886,104,6,0,FINITE
887,17,9,0,FINITE
888,87,6,0,FINITE
889,43,9,0.0016060431681413998,FINITE
890,117,6,0,FINITE
891,56,9,0,FINITE
892,75,6,,NAN
893,119,6,0,FINITE
894,60,9,0.027834864409358173,FINITE
895,49,9,0,FINITE
896,110,6,0,FINITE
897,115,6,0,FINITE
898,88,6,0,FINITE
899,3,9,0,FINITE
900,57,9,0,FINITE
901,84,6,0,FINITE
902,85,6,0.0019828051610999266,FINITE
903,79,6,0,FINITE
904,45,8,,NAN
905,74,6,0,FINITE
906,73,6,0.0014191221225094077,FINITE
907,19,9,,NAN
908,22,9,0,FINITE
909,108,6,,NAN
910,65,6,,NAN
911,41,6,,NAN
912,90,6,,NAN
913,112,6,0,FINITE
914,94,6,0,FINITE
915,71,6,0,FINITE
916,66,6,0,FINITE
917,30,9,0,FINITE
918,114,6,0.001312865760615458,FINITE
919,83,6,0,FINITE
920,81,6,0,FINITE
1361,63,9,0,FINITE
1650,166,7,0.0029939830194562794,FINITE
1753,166,8,0.0028728281276109682,FINITE
1908,264,0,0.0010211211481455584,FINITE
1985,264,1,0.0010211211481455584,FINITE
2428,262,6,0.0018765416532047657,FINITE
2512,262,7,0.0018972529832154837,FINITE
2617,262,8,0.0021402720484777257,FINITE
2706,262,9,0.0023208229706433168,FINITE
2789,347,0,,NAN
2948,378,0,0.5798678755335956,FINITE
3029,378,1,,NAN
3573,406,8,0.024983590629081065,FINITE
3652,406,9,,NAN
3731,498,0,,NAN
3816,523,0,0.02836065871299898,FINITE
3900,523,1,,NAN
3953,523,2,,NAN
4097,506,4,,NAN
4169,506,5,,NAN
4238,506,6,,NAN
4292,506,7,,NAN
4357,506,8,,NAN
4441,506,9,,NAN
4983,641,1,0.0230561280187762,FINITE
5779,745,2,,NAN
5855,745,3,,NAN
5926,745,4,,NAN
6012,745,5,,NAN
6099,745,6,,NAN
6165,745,7,,NAN
6249,745,8,,NAN
6319,745,9,,NAN
6836,327,4,,NAN
7352,975,0,0.6693145098662362,FINITE
7428,975,1,,NAN
7508,975,2,,NAN
7582,975,3,,NAN
7645,975,4,,NAN
7731,975,5,,NAN
7922,975,6,,NAN
7987,975,7,,NAN
9002,1159,5,0.021446615137583603,FINITE
9080,1159,6,0.021950020446177634,FINITE
9144,1159,7,0.021851547049441512,FINITE
9216,1159,8,0.022762969210528994,FINITE
9280,1159,9,0.02340572389140847,FINITE
9335,1233,0,0.027148844679934035,FINITE
9398,1233,1,,NAN
9459,1233,2,,NAN
9515,1233,3,,NAN
9576,1233,4,,NAN
9638,1233,5,,NAN
9693,1233,6,,NAN
9748,1233,7,,NAN
9800,1233,8,,NAN
9864,1233,9,,NAN
10988,1392,8,0.0016864515426367813,FINITE
11047,1392,9,0.0015178063883731032,FINITE
11110,1508,0,0.02913818597194278,FINITE
11162,1508,1,0.02422478040976398,FINITE
11210,1508,2,0.025989897829039026,FINITE
11264,1508,3,,NAN
11327,1508,4,,NAN
11371,1508,5,,NAN
11426,1508,6,,NAN
11491,1508,7,,NAN
11545,1508,8,,NAN
11604,1508,9,,NAN
11661,1595,0,0.032502922074374024,FINITE
11717,1595,1,0.031193327297953974,FINITE
11781,1595,2,0.027244004216390963,FINITE
11838,1595,3,0.0295039330612473,FINITE
11890,1595,4,0.02715749567724977,FINITE
11972,1595,5,0.026591012756101706,FINITE
12020,1595,6,,NAN
12086,1595,7,,NAN
12139,1595,8,,NAN
12193,1595,9,,NAN
13496,1858,1,0.022732823592327284,FINITE
13532,1858,2,0.022411594568697474,FINITE
13570,1858,3,0.021878687351021324,FINITE
13607,1858,4,0.022513910515379744,FINITE
13650,1858,5,0.02243599594987013,FINITE
13683,1858,6,0.02540282577815325,FINITE
13716,1858,7,0.027089435712834502,FINITE
13762,1858,8,0.02623479708925799,FINITE
13797,1858,9,0.02760617817814869,FINITE
13839,1912,0,0.0389026280947915,FINITE
14974,2073,5,0.021423471317572607,FINITE
15019,2073,6,0.023061802787806316,FINITE
15061,2073,7,0.02293488032962077,FINITE
15099,2073,8,,NAN
15129,2073,9,,NAN
15164,2134,0,0.014761193249794625,FINITE
15216,2134,1,0.02173681289374005,FINITE
15254,2134,2,0.024221380602268024,FINITE
15302,2134,3,0.02426541851526899,FINITE
15353,2134,4,0.024025411141845438,FINITE
15390,2134,5,0.023107076031746675,FINITE
15434,2134,6,0.024732269374673804,FINITE
15493,2134,7,0.024651762552667926,FINITE
15560,2134,8,0.02381050136110585,FINITE
15609,2134,9,0.024963478910916603,FINITE
15670,2197,0,0,FINITE
15769,2211,0,,NAN
15810,2224,0,0.17054671145472422,FINITE
15838,2224,1,0.17088725450635897,FINITE
15876,2224,2,0.1756625907633735,FINITE
15915,2224,3,0.17382978844437522,FINITE
15950,2224,4,0.17358338092102646,FINITE
15988,2224,5,,NAN
16025,2224,6,,NAN
16068,2224,7,,NAN
16109,2224,8,,NAN
16155,2224,9,,NAN
16194,2293,0,,NAN
16234,2294,0,0.032632851850025964,FINITE
16280,2294,1,0.024761145165406048,FINITE
16314,2294,2,0.024767256426910186,FINITE
16363,2294,3,,NAN
16410,2294,4,,NAN
16440,2294,5,,NAN
16469,2294,6,,NAN
16502,2294,7,,NAN
20031,2919,5,0.029316152856749173,FINITE
20045,2919,6,0.02836889920255043,FINITE
20062,2919,7,,NAN
20079,2919,8,,NAN
20095,2919,9,,NAN
20112,2944,0,0.4819417573698692,FINITE
20129,2944,1,0.5348246063787276,FINITE
20143,2944,2,0.5423116973547386,FINITE
20160,2944,3,,NAN
20177,2944,4,,NAN
20192,2944,5,,NAN
20211,2944,6,,NAN
20226,2944,7,,NAN
20244,2944,8,,NAN
20261,2944,9,,NAN
20278,2984,0,,NAN
20292,2987,0,,NAN
20306,2991,0,,NAN
21299,3177,0,,NAN
21395,3318,0,0,FINITE
21499,3372,0,0.540642029424562,FINITE
21598,3372,1,0.47864872034000744,FINITE
21750,3423,0,,NAN
21818,3429,0,0.02463887327148723,FINITE
21904,3429,1,0.027559275556511317,FINITE
21978,3429,2,0.024948618620644597,FINITE
22056,3429,3,0.02438232270360964,FINITE
22140,3429,4,0.024655462097892433,FINITE
22217,3429,5,0.023632118495119175,FINITE
22294,3429,6,0.024067613671705967,FINITE
921,72,6,0.09959853739782354,FINITE
1362,165,4,0.00040844845925822336,FINITE
1651,169,7,0.0014731342233784727,FINITE
1757,169,8,0.0018707208236687996,FINITE
1909,236,1,0.00547739796183907,FINITE
1981,236,2,0.00433234273898955,FINITE
2066,236,3,0.0035045373412785526,FINITE
2429,261,6,0.0017504776771051986,FINITE
2524,261,7,0.001914584646771317,FINITE
2623,261,8,0.001928767718606783,FINITE
2711,261,9,0.0017358909467461048,FINITE
2790,346,0,0.6581580209390917,FINITE
2949,384,1,0.02704418458517159,FINITE
3026,384,2,0.02826664213485656,FINITE
3574,365,9,,NAN
3641,476,0,0,FINITE
3727,476,1,0.0017649256844037102,FINITE
3807,476,2,0.002087856051658769,FINITE
3874,476,3,0.001565892038744077,FINITE
3962,476,4,0.0012527136309952616,FINITE
4098,491,2,,NAN
4236,491,3,,NAN
4377,491,4,,NAN
4984,554,6,,NAN
5780,737,1,0.029592794783388825,FINITE
5914,737,2,0.027076693463102142,FINITE
6048,737,3,0.02399781840977529,FINITE
6169,737,4,0.025648844284849155,FINITE
6307,737,5,0.02517237646606102,FINITE
7126,303,5,,NAN
7381,304,5,,NAN
9004,1050,9,,NAN
9215,1197,0,0.47751323858507627,FINITE
9773,1197,1,,NAN
10989,1422,6,,NAN
11049,1422,7,,NAN
11115,1422,8,,NAN
11167,1422,9,,NAN
11218,1535,0,0.03837543747872315,FINITE
11279,1535,1,0.0335066913963031,FINITE
11338,1535,2,,NAN
11379,1535,3,,NAN
11436,1535,4,,NAN
11494,1535,5,,NAN
11553,1535,6,,NAN
11606,1535,7,,NAN
11662,1535,8,,NAN
11714,1535,9,,NAN
11778,1605,0,0.020609582346257795,FINITE
11827,1605,1,,NAN
11877,1605,2,,NAN
11962,1605,3,,NAN
12016,1605,4,,NAN
12080,1605,5,,NAN
12134,1605,6,,NAN
12188,1605,7,,NAN
13497,1856,0,0.6350386595098156,FINITE
13585,1856,1,,NAN
13667,1856,2,,NAN
13773,1856,3,,NAN
13866,1856,4,,NAN
14975,2071,2,,NAN
15072,2071,3,,NAN
15140,2071,4,,NAN
15191,2071,5,,NAN
20035,2915,9,,NAN
20047,2935,0,0.028499302013440912,FINITE
20063,2935,1,0.02635293045994468,FINITE
20080,2935,2,0.026058207195987962,FINITE
20097,2935,3,0.02627004071817335,FINITE
20113,2935,4,0.026518122988267678,FINITE
20128,2935,5,,NAN
20142,2935,6,,NAN
20158,2935,7,,NAN
20173,2935,8,,NAN
20188,2935,9,,NAN
20202,2970,0,0.028444969469732496,FINITE
20220,2970,1,0.025591338397235888,FINITE
20235,2970,2,0.03663248734442457,FINITE
20251,2970,3,0.037604661937082104,FINITE
20266,2970,4,0.03772603444914398,FINITE
20280,2970,5,0.03589835789846989,FINITE
20295,2970,6,0.03246100154985177,FINITE
20311,2970,7,0.031886767491545544,FINITE
20328,2970,8,0.031075849503828832,FINITE
21300,3218,0,,NAN
21387,3319,0,0,FINITE
21479,3368,0,0,FINITE
21546,3395,0,0.050068844152956385,FINITE
21638,3395,1,0.0427341869493696,FINITE
21751,3255,3,0.3503855617278505,FINITE
21830,3255,4,0.2865058116301734,FINITE
21909,3255,5,0.24628661829314347,FINITE
21990,3255,6,0.21431144721181655,FINITE
22068,3255,7,0.190485799823212,FINITE
22169,3255,8,0.1713933824852657,FINITE
22349,3255,9,0.2248492803863708,FINITE
22401,3503,0,,NAN
22465,3206,9,,NAN
22626,3537,0,0.5986504102562488,FINITE
22789,3537,1,0.6064275278992816,FINITE
22960,3537,2,,NAN
23021,3537,3,,NAN
23201,3537,4,,NAN
23376,3537,5,,NAN
23551,3537,6,,NAN
23745,3692,4,0.1626298380642648,FINITE
23780,3692,5,0.14219204188247694,FINITE
23828,3692,6,0.12504791220254755,FINITE
23934,3692,7,,NAN
24026,3692,8,,NAN
24136,3692,9,,NAN
24183,3848,0,0.18009601109359819,FINITE
24240,3848,1,0.17970058637346992,FINITE
24283,3848,2,,NAN
24321,3848,3,,NAN
24341,3755,9,,NAN
24355,3848,4,,NAN
24399,3848,5,,NAN
24432,3848,6,,NAN
24648,3886,0,1.2841167968043954,FINITE
24849,3903,4,,NAN
24884,3954,3,0.03286110284955089,FINITE
24925,3903,5,,NAN
24927,3954,4,0.03343512610688369,FINITE
24987,3954,5,0.031836756989640114,FINITE
25003,3903,6,,NAN
25043,3954,6,0.032345724526231925,FINITE
25082,3761,3,,NAN
25084,3903,7,,NAN
25094,3954,7,,NAN
25146,3954,8,,NAN
25153,3903,8,,NAN
25185,3903,9,,NAN
25203,3954,9,,NAN
25212,3985,8,0.029148120699983238,FINITE
25213,4019,0,0.032200617737763525,FINITE
25240,4019,1,0.03620834439194069,FINITE
25241,3985,9,0.02857620678019453,FINITE
25260,4019,2,,NAN
25275,4029,0,,NAN
25293,4024,0,,NAN
25298,4019,3,,NAN
25301,4035,0,0,FINITE
25304,4036,0,0,FINITE
25322,4042,0,0.024777516571929364,FINITE
25325,4043,0,0.05758323658059719,FINITE
25337,4040,0,0.02455452239641558,FINITE
25349,4042,1,0.03386900896228844,FINITE
25352,4026,1,,NAN
25357,4043,1,,NAN
25358,4019,4,,NAN
25373,4042,2,0.02875113946860992,FINITE
25375,4040,1,0.01870619345030602,FINITE
25379,4043,2,,NAN
25398,4026,2,,NAN
25401,4042,3,,NAN
922,124,0,0,FINITE
1363,114,9,0.0013741032841261187,FINITE
1652,220,1,0.0010211161466452553,FINITE
1767,220,2,0.001021117813812023,FINITE
1910,268,0,0.017269502986872833,FINITE
1994,268,1,0.023618768116520434,FINITE
2430,232,5,0.0018720270930958054,FINITE
2573,232,6,0.0017504691009600558,FINITE
2677,232,7,0.0015316604633400488,FINITE
2791,309,0,,NAN
2950,321,2,,NAN
3033,321,3,,NAN
3575,363,9,,NAN
3646,477,0,0,FINITE
3723,477,1,0,FINITE
3810,521,0,0.031639121696807285,FINITE
3873,521,1,0.03164258311640134,FINITE
3960,521,2,0.033068428658224625,FINITE
4099,507,4,0.03255133020133243,FINITE
4179,507,5,0.03216133127467244,FINITE
4250,507,6,0.029947495653616842,FINITE
4318,507,7,0.031266090989507875,FINITE
4395,507,8,0.03098947961448755,FINITE
4462,507,9,0.031166050746991976,FINITE
4985,544,7,0.02142531642399794,FINITE
5781,672,6,0.02467596123450243,FINITE
5861,672,7,0.023192157887291533,FINITE
5931,672,8,0.02422013158125558,FINITE
6004,672,9,0.02384521232771162,FINITE
6081,783,0,,NAN
6160,811,0,,NAN
6244,826,0,0.030383963147494017,FINITE
6342,826,1,0.024242662968509417,FINITE
7450,949,1,0.3608915542679945,FINITE
7729,949,2,,NAN
7961,949,3,,NAN
9005,1069,7,0.021159456139915482,FINITE
9106,1069,8,0.02070622899421479,FINITE
9209,1069,9,0.021149717737380738,FINITE
9315,1224,0,0.02872225607061646,FINITE
9457,1224,1,,NAN
9581,1224,2,,NAN
9701,1224,3,,NAN
9829,1224,4,,NAN
10990,1202,9,,NAN
11050,1491,0,0,FINITE
11107,1510,0,0.028999542671500633,FINITE
11161,1510,1,0.031989146209468015,FINITE
11209,1510,2,,NAN
11268,1510,3,,NAN
11325,1510,4,,NAN
11370,1510,5,,NAN
11428,1510,6,,NAN
11489,1510,7,,NAN
11543,1510,8,,NAN
11597,1510,9,,NAN
11660,1591,0,0.028669926023235485,FINITE
11715,1591,1,0.03455692715829954,FINITE
11782,1591,2,0.029365838248853082,FINITE
11834,1591,3,0.028467159986715732,FINITE
11888,1591,4,0.02708936062409554,FINITE
11970,1591,5,,NAN
12024,1591,6,,NAN
12087,1591,7,,NAN
12137,1591,8,,NAN
12189,1591,9,,NAN
13498,1764,9,,NAN
13587,1869,0,0.5159803140071293,FINITE
13668,1869,1,0.5036263832751469,FINITE
13755,1869,2,0.5052200081731028,FINITE
13841,1869,3,0.5002565534121467,FINITE
14976,2033,9,,NAN
15017,2118,0,0.029934050040488387,FINITE
15059,2118,1,,NAN
15095,2118,2,,NAN
15131,2118,3,,NAN
15181,2118,4,,NAN
15229,2118,5,,NAN
15268,2118,6,,NAN
15327,2118,7,,NAN
15369,2118,8,,NAN
15415,2118,9,,NAN
15464,2159,0,,NAN
15518,2166,0,0.031120564296364374,FINITE
15594,2166,1,0.03288831011736132,FINITE
15646,2166,2,0.030707549304547516,FINITE
15696,2166,3,0.03233918661718792,FINITE
15733,2166,4,0.03233199633410248,FINITE
15767,2166,5,,NAN
15807,2166,6,,NAN
15841,2166,7,,NAN
15880,2166,8,,NAN
15916,2166,9,,NAN
15943,2255,0,,NAN
15974,2262,0,,NAN
16016,2269,0,0.15297418456003173,FINITE
16061,2269,1,,NAN
16103,2269,2,,NAN
16153,2269,3,,NAN
16193,2269,4,,NAN
16237,2269,5,,NAN
16291,2269,6,,NAN
16331,2269,7,,NAN
16367,2269,8,,NAN
16406,2269,9,,NAN
16432,2342,0,0.02858361277017443,FINITE
16461,2342,1,0.01932786534802126,FINITE
16486,2342,2,0.02467375907871519,FINITE
16521,2342,3,0.023285419683976908,FINITE
20144,2941,3,0.0317001754158759,FINITE
20161,2941,4,0.028301912973183428,FINITE
20176,2941,5,0.028132842141048886,FINITE
20193,2941,6,0.028067601225981714,FINITE
20207,2941,7,0.027891065454026122,FINITE
20224,2941,8,0.02689553933497644,FINITE
20241,2941,9,0.027953485766441334,FINITE
20259,2981,0,,NAN
20276,2983,0,,NAN
20290,2986,0,0.03220061773776331,FINITE
20307,2986,1,0.025911631195956044,FINITE
20324,2986,2,0.023152121744243203,FINITE
21302,3236,0,,NAN
21376,3320,0,0,FINITE
21474,3364,0,0.2195405849767533,FINITE
21554,3364,1,,NAN
21650,3364,2,,NAN
21752,3163,4,,NAN
21937,3163,5,,NAN
22133,3163,6,,NAN
22206,3163,7,,NAN
22282,3163,8,,NAN
22362,3163,9,,NAN
22466,3496,1,0.024155579084393836,FINITE
22532,3496,2,0.02447276379632736,FINITE
22597,3496,3,,NAN
22654,3496,4,,NAN
22714,3496,5,,NAN
22772,3496,6,,NAN
22833,3496,7,,NAN
22902,3496,8,,NAN
22956,3496,9,,NAN
23024,3642,0,0.019674974701530082,FINITE
23080,3642,1,0.021232506036825277,FINITE
23143,3642,2,0.022872694656533566,FINITE
23212,3642,3,0.02094880178018041,FINITE
23269,3642,4,0.019115948106296708,FINITE
23313,3642,5,0.017948981765085095,FINITE
23360,3642,6,0.01959909484113873,FINITE
23422,3642,7,0.01941164180848725,FINITE
23472,3642,8,,NAN
23527,3642,9,,NAN
23601,3725,0,0.029354207157830377,FINITE
23650,3725,1,0.027507956789896572,FINITE
23705,3725,2,0.023599359275856126,FINITE
23746,3700,5,0.02967291907878859,FINITE
923,82,6,0,FINITE
924,123,0,0,FINITE
1364,155,3,0.14014037573964483,FINITE
1653,223,1,0.0010211211481455584,FINITE
1911,234,1,0,FINITE
2431,244,6,0.0015575151340459195,FINITE
2513,244,7,0.001745742421594448,FINITE
2621,244,8,0.0016652289467667936,FINITE
2709,244,9,0.002097499404430725,FINITE
2792,326,0,,NAN
2953,329,1,1.099831176920881,FINITE
3067,329,2,1.0187650586148995,FINITE
3576,431,7,0.02478002960727007,FINITE
3645,431,8,0.02533147928342508,FINITE
3725,431,9,,NAN
3803,522,0,0.0213802669866033,FINITE
3859,522,1,0.024774976175889418,FINITE
3948,522,2,0.022163906959982018,FINITE
4100,484,5,0.030471264690953907,FINITE
4180,484,6,0.028636971253849005,FINITE
4257,484,7,0.02835146866188137,FINITE
4335,484,8,0.02738741377739788,FINITE
4407,484,9,0.02700184132425209,FINITE
4986,577,4,,NAN
5782,707,5,,NAN
5863,707,6,,NAN
5934,707,7,,NAN
6011,707,8,,NAN
6113,707,9,,NAN
6186,818,0,,NAN
6268,830,0,0,FINITE
6384,837,0,0.6969890770180724,FINITE
7533,327,5,,NAN
9006,1168,4,0.025452326399533303,FINITE
9079,1168,5,0.02528524904988658,FINITE
9147,1168,6,0.027585247476729184,FINITE
9213,1168,7,0.027396549531791017,FINITE
9281,1168,8,0.028497197044203518,FINITE
9332,1168,9,0.0286963396640088,FINITE
9402,1241,0,0.237009008285206,FINITE
9466,1241,1,0.2878599078222256,FINITE
9531,1241,2,,NAN
9606,1241,3,,NAN
9658,1241,4,,NAN
10991,1471,0,,NAN
11053,1493,0,0,FINITE
11121,1511,0,0.029363142525445654,FINITE
11178,1511,1,0.0308773668055162,FINITE
11254,1511,2,0.026323968850174573,FINITE
11314,1511,3,,NAN
11393,1511,4,,NAN
11461,1511,5,,NAN
11529,1511,6,,NAN
11614,1511,7,,NAN
11679,1511,8,,NAN
11757,1511,9,,NAN
11833,1607,0,0.018983660429960157,FINITE
11909,1607,1,0.026569767958978523,FINITE
11965,1607,2,0.02393119323321735,FINITE
12043,1607,3,,NAN
12104,1607,4,,NAN
12180,1607,5,,NAN
13499,1817,6,,NAN
13544,1817,7,,NAN
13586,1817,8,,NAN
13625,1817,9,,NAN
13666,1884,0,0.0010211211481455584,FINITE
13711,1893,0,0.03252819175526358,FINITE
13749,1893,1,0.030625223912939967,FINITE
13793,1893,2,0.02781119398295032,FINITE
13827,1893,3,0.028142941980198434,FINITE
13864,1893,4,0.02848390094164428,FINITE
14980,2098,1,,NAN
15034,2098,2,,NAN
15086,2098,3,,NAN
15141,2098,4,,NAN
15211,2098,5,,NAN
15266,2098,6,,NAN
15338,2098,7,,NAN
15393,2098,8,,NAN
15462,2098,9,,NAN
15519,2165,0,0.025714036469343955,FINITE
15591,2165,1,0.021232415824844083,FINITE
15634,2165,2,0.024502001844059974,FINITE
15684,2165,3,0.027152475458844305,FINITE
15728,2165,4,0.025580585968252172,FINITE
15766,2165,5,0.026730139029984723,FINITE
15809,2165,6,0.028216096805537542,FINITE
15840,2165,7,0.027386355101547192,FINITE
15872,2165,8,0.027498164470525416,FINITE
15913,2165,9,0.026020270143848317,FINITE
15952,2254,0,0,FINITE
15996,2266,0,0.2494573094039628,FINITE
16041,2266,1,0.20129599897741013,FINITE
16088,2266,2,,NAN
16133,2266,3,,NAN
16181,2266,4,,NAN
16228,2266,5,,NAN
16283,2266,6,,NAN
16323,2266,7,,NAN
16355,2266,8,,NAN
16395,2266,9,,NAN
16442,2340,0,,NAN
16473,2350,0,,NAN
20232,2978,0,0.026068741078035744,FINITE
20245,2978,1,0.023962095426267333,FINITE
20258,2978,2,,NAN
20274,2978,3,,NAN
20286,2978,4,,NAN
20298,2978,5,,NAN
20315,2978,6,,NAN
20322,2978,7,,NAN
21303,3209,0,,NAN
21391,3321,0,0,FINITE
21486,3370,0,0,FINITE
21545,3400,0,0.05511712807062395,FINITE
21652,3400,1,0.049255953083149555,FINITE
21753,3230,6,,NAN
21859,3230,7,,NAN
21938,3230,8,,NAN
22045,3230,9,,NAN
22122,3444,0,0.026950948492922684,FINITE
22207,3444,1,0.03367127336945261,FINITE
22266,3444,2,0.02651372598219035,FINITE
22333,3444,3,0.027637092155845817,FINITE
22467,3478,1,,NAN
22540,3478,2,,NAN
22638,3478,3,,NAN
22708,3478,4,,NAN
22792,3478,5,,NAN
22882,3478,6,,NAN
22974,3478,7,,NAN
23747,3648,9,,NAN
24165,3761,0,1.2692796747534016,FINITE
24342,3867,0,0.6486553470850503,FINITE
24446,3867,1,,NAN
24509,3867,2,,NAN
24525,3761,1,,NAN
24545,3867,3,,NAN
24585,3867,4,,NAN
24621,3867,5,,NAN
24660,3867,6,,NAN
24714,3867,7,,NAN
24755,3867,8,,NAN
24822,3761,2,,NAN
24850,3957,2,,NAN
24886,3876,7,,NAN
24898,3957,3,,NAN
24949,3957,4,,NAN
25002,3957,5,,NAN
25033,3876,8,,NAN
25054,3957,6,,NAN
25091,3767,3,,NAN
25113,3957,7,,NAN
25173,3957,8,,NAN
25222,4012,0,,NAN
25252,3957,9,,NAN
25295,4026,0,0.5373657335829047,FINITE
25306,4032,0,0.020366278951053588,FINITE
925,100,6,,NAN
1365,166,4,0.002599403641392124,FINITE
1654,227,1,0.0010211161466452553,FINITE
1775,227,2,0.001021117813812023,FINITE
1912,274,0,0.01818578383298772,FINITE
1986,274,1,0.018419913807341367,FINITE
2432,258,6,0.0026450028267607853,FINITE
2506,258,7,0.0026799637401647013,FINITE
2615,258,8,0.002495647896607019,FINITE
2703,258,9,0.0023481952217608727,FINITE
2793,224,6,0.2574518656062075,FINITE
2964,275,8,,NAN
3087,275,9,,NAN
3577,459,1,0.0019728906350668157,FINITE
3711,459,2,0.0019960045211413805,FINITE
3822,459,3,0.001752283677892425,FINITE
3968,459,4,0.00140182694231394,FINITE
4103,554,0,0.025661706421962763,FINITE
4245,554,1,0.023922420272466896,FINITE
4403,554,2,0.024685721775817748,FINITE
4987,640,1,0.021828168232536797,FINITE
5783,585,9,,NAN
5917,762,0,0.033082764957031816,FINITE
6049,762,1,,NAN
6170,762,2,,NAN
6314,762,3,,NAN
7805,303,6,,NAN
9007,1112,4,,NAN
9103,1112,5,,NAN
9212,1112,6,,NAN
9318,1112,7,,NAN
9453,1112,8,,NAN
9566,1112,9,,NAN
10992,1481,0,,NAN
11045,1492,0,0,FINITE
11116,1507,0,0.024088214798626773,FINITE
11168,1507,1,0.022487541872884424,FINITE
11216,1507,2,,NAN
11269,1507,3,,NAN
11330,1507,4,,NAN
11380,1507,5,,NAN
11442,1507,6,,NAN
11500,1507,7,,NAN
11548,1507,8,,NAN
11603,1507,9,,NAN
11663,1594,0,0.029743076692665155,FINITE
11716,1594,1,0.02932815305555242,FINITE
11777,1594,2,0.03143064143906344,FINITE
11830,1594,3,,NAN
11881,1594,4,,NAN
11959,1594,5,,NAN
12009,1594,6,,NAN
12064,1594,7,,NAN
12129,1594,8,,NAN
12175,1594,9,,NAN
13500,1859,1,0.03884581574524182,FINITE
13533,1859,2,,NAN
13576,1859,3,,NAN
13610,1859,4,,NAN
13657,1859,5,,NAN
13705,1859,6,,NAN
13746,1859,7,,NAN
13788,1859,8,,NAN
13822,1859,9,,NAN
13863,1917,0,0.029647818038883313,FINITE
14982,2015,6,,NAN
15060,2015,7,,NAN
15157,2015,8,,NAN
15243,2015,9,,NAN
15276,2146,0,0.017962719489082783,FINITE
15312,2146,1,0.02549208944632682,FINITE
15352,2146,2,0.022797441726656098,FINITE
15387,2146,3,,NAN
15425,2146,4,,NAN
15468,2146,5,,NAN
15498,2146,6,,NAN
15531,2146,7,,NAN
15564,2146,8,,NAN
15605,2146,9,,NAN
15640,2196,0,0.02912634991058452,FINITE
15673,2196,1,,NAN
15714,2196,2,,NAN
15751,2196,3,,NAN
15788,2196,4,,NAN
15833,2196,5,,NAN
15877,2196,6,,NAN
15921,2196,7,,NAN
15967,2196,8,,NAN
16008,2196,9,,NAN
16046,2276,0,0,FINITE
16085,2282,0,0.041792102062541955,FINITE
16122,2282,1,0.03877311302088293,FINITE
16163,2282,2,0.03524602286112088,FINITE
16206,2282,3,0.03135278275805151,FINITE
16250,2282,4,0.030937592060918152,FINITE
16275,2282,5,0.029262471541955437,FINITE
16326,2282,6,0.030221039862997883,FINITE
16371,2282,7,0.030081435225906013,FINITE
16404,2282,8,0.028790505804568864,FINITE
16459,2282,9,,NAN
16510,2356,0,0.013601568934344511,FINITE
20247,2945,9,,NAN
20260,2982,0,0.38231162821430825,FINITE
20275,2982,1,0.37485053595755496,FINITE
20287,2982,2,0.37827458588779733,FINITE
20302,2982,3,,NAN
20316,2982,4,,NAN
20327,2982,5,,NAN
21304,3167,0,0.7113857712215246,FINITE
21389,3167,1,,NAN
21594,3167,2,,NAN
21754,3232,7,0.02278063823103732,FINITE
21843,3232,8,,NAN
21917,3232,9,,NAN
22108,3434,0,,NAN
22184,3447,0,0.028963546937393923,FINITE
22254,3447,1,0.030113822388871427,FINITE
22308,3447,2,0.027626346283140393,FINITE
22389,3447,3,0.026659409249945643,FINITE
22468,3504,0,,NAN
22531,3538,0,0.03512431588706544,FINITE
22601,3538,1,0.029068683743917682,FINITE
22711,3538,2,,NAN
22775,3538,3,,NAN
22842,3538,4,,NAN
22913,3538,5,,NAN
22968,3538,6,,NAN
23126,3538,7,,NAN
23176,3538,8,,NAN
23243,3538,9,,NAN
23373,3673,0,,NAN
23435,3692,0,0.027755747929083478,FINITE
23478,3692,1,0.031025133358761087,FINITE
23540,3692,2,0.02789358664617263,FINITE
23604,3692,3,0.028970344419070357,FINITE
23748,3695,6,0.029089415605168117,FINITE
23786,3695,7,0.029257775303881503,FINITE
23830,3695,8,0.030001811708733624,FINITE
23878,3695,9,,NAN
23919,3787,0,0.022599064024297132,FINITE
23958,3787,1,0.026171070358481142,FINITE
23990,3787,2,0.023959490706016776,FINITE
24034,3787,3,0.025371229509675075,FINITE
24068,3787,4,0.02797207110348467,FINITE
24116,3787,5,0.02722361117781676,FINITE
24159,3787,6,0.026987869689962498,FINITE
24200,3787,7,0.02527361027940752,FINITE
24244,3787,8,,NAN
24282,3787,9,,NAN
24316,3877,0,0.02273770732473917,FINITE
24349,3876,0,0.4801462263501397,FINITE
24352,3877,1,0.02746916253125129,FINITE
24398,3877,2,0.029408549021481354,FINITE
24427,3877,3,0.02655338367760511,FINITE
24434,3876,1,0.4920401385407543,FINITE
24464,3877,4,0.028340290090286203,FINITE
24495,3877,5,0.02815043752979106,FINITE
926,118,6,0,FINITE
927,125,0,0,FINITE
1366,164,4,0.0022187178588298807,FINITE
1655,222,1,0.0040843445225487145,FINITE
1760,222,2,0.0027228963483658095,FINITE
1913,272,0,0.0029246901339921136,FINITE
1984,272,1,0.0014623450669960568,FINITE
2433,236,7,0.0032839266338547607,FINITE
2527,236,8,0.0031305557848540625,FINITE
2633,236,9,0.0034301578887534815,FINITE
2714,323,0,0.5286923198408081,FINITE
2794,353,0,,NAN
2965,311,2,,NAN
3578,466,0,0.0010211211481455584,FINITE
3715,466,1,0.0005105605740727792,FINITE
3833,466,2,0.00034037371604851946,FINITE
3969,466,3,0.0007658383603590172,FINITE
4104,325,9,,NAN
4237,567,0,0.022590198860255824,FINITE
4402,567,1,0.02419527429133031,FINITE
5046,327,2,,NAN
5784,752,1,0.022848853518761997,FINITE
5867,752,2,0.02255196153566405,FINITE
5935,752,3,0.02416385681962317,FINITE
6015,752,4,,NAN
6107,752,5,,NAN
6164,752,6,,NAN
6247,752,7,,NAN
6324,752,8,,NAN
7993,1007,7,,NAN
8057,1007,8,,NAN
8137,1007,9,,NAN
8205,1100,0,0.023283415362465986,FINITE
8274,1100,1,0.01967143310556275,FINITE
8339,1100,2,0.01921110337962513,FINITE
8409,1100,3,0.022120877668385983,FINITE
8480,1100,4,0.02262486926460405,FINITE
8534,1100,5,0.022620568391219564,FINITE
8603,1100,6,0.022172487385860622,FINITE
8660,1100,7,0.022252820889347897,FINITE
8722,1100,8,0.02211042522658318,FINITE
8795,1100,9,0.02211769611622195,FINITE
8851,1177,0,0.031029317753914862,FINITE
8904,1177,1,0.034097572209224485,FINITE
9008,1091,6,,NAN
9099,1091,7,,NAN
9205,1091,8,,NAN
9317,1091,9,,NAN
9441,1237,0,0.019813618001972004,FINITE
9551,1237,1,0.028488675922516797,FINITE
9661,1237,2,,NAN
9796,1237,3,,NAN
10993,1466,2,,NAN
11044,1466,3,,NAN
11113,1466,4,,NAN
11159,1466,5,,NAN
11203,1466,6,,NAN
11259,1466,7,,NAN
11320,1466,8,,NAN
11355,1466,9,,NAN
11408,1562,0,0.03476071603312043,FINITE
11471,1562,1,0.03325571033193911,FINITE
11532,1562,2,0.03307754279924341,FINITE
11582,1562,3,0.03531873917366618,FINITE
11634,1562,4,0.03298944831839305,FINITE
11689,1562,5,0.034031420346503416,FINITE
11743,1562,6,0.031755697838363614,FINITE
11806,1562,7,0.03139865695801176,FINITE
11859,1562,8,0.029905775017019662,FINITE
11920,1562,9,0.028813563558313708,FINITE
11999,1626,0,0.011923176711203924,FINITE
12054,1626,1,0.015452467455261867,FINITE
12124,1626,2,0.02172634805107851,FINITE
12174,1626,3,0.02535667444051415,FINITE
13501,1847,2,0.023279617805793535,FINITE
13536,1847,3,0.022356878716462435,FINITE
13572,1847,4,,NAN
13606,1847,5,,NAN
13649,1847,6,,NAN
13696,1847,7,,NAN
13735,1847,8,,NAN
13775,1847,9,,NAN
13814,1907,0,0.032166634532083765,FINITE
13856,1907,1,0.020098340138369523,FINITE
14984,2103,0,0.652511298681237,FINITE
15089,2103,1,,NAN
15127,2103,2,,NAN
15170,2103,3,,NAN
15288,2103,4,,NAN
15343,2103,5,,NAN
15382,2103,6,,NAN
15427,2103,7,,NAN
15598,2103,8,,NAN
15650,2103,9,,NAN
20299,2965,4,,NAN
20313,2965,5,,NAN
21305,3145,0,,NAN
21413,3322,0,0.537434274884053,FINITE
21506,3322,1,0.5075469510209781,FINITE
21610,3322,2,,NAN
21755,3184,4,,NAN
21828,3184,5,,NAN
21895,3184,6,,NAN
21983,3184,7,,NAN
22173,3184,8,,NAN
22356,3184,9,,NAN
22469,3515,0,0.026214307217665777,FINITE
22547,3515,1,0.02205794080529066,FINITE
22623,3515,2,0.025732882189204342,FINITE
22683,3515,3,0.02746688106352096,FINITE
22762,3515,4,0.02867283328911,FINITE
22831,3515,5,0.028225586184952172,FINITE
22986,3515,6,0.12016274164614324,FINITE
23060,3515,7,0.1075949904905581,FINITE
23138,3515,8,0.10170071285864771,FINITE
23216,3515,9,0.09564666972121112,FINITE
23388,3670,0,,NAN
23466,3696,0,0.028342311871297435,FINITE
23534,3696,1,0.02820020715126134,FINITE
23617,3696,2,0.026690899733274414,FINITE
23682,3696,3,0.025321815629873273,FINITE
23749,3716,4,,NAN
23787,3716,5,,NAN
23834,3716,6,,NAN
23871,3716,7,,NAN
23912,3716,8,,NAN
23945,3716,9,,NAN
24017,3804,0,,NAN
24060,3822,0,0,FINITE
24113,3830,0,0.0394210951428884,FINITE
24156,3830,1,,NAN
24203,3830,2,,NAN
24256,3830,3,,NAN
24293,3830,4,,NAN
24326,3830,5,,NAN
24360,3830,6,,NAN
24364,3840,3,,NAN
24401,3830,7,,NAN
24433,3830,8,,NAN
24437,3840,4,,NAN
24468,3830,9,,NAN
24497,3840,5,,NAN
24543,3840,6,,NAN
24560,3903,0,0.7152407232625271,FINITE
24581,3840,7,,NAN
24620,3840,8,,NAN
24656,3903,1,,NAN
24666,3840,9,,NAN
24687,3903,2,,NAN
24721,3946,0,0.028167682868848326,FINITE
24765,3946,1,0.03194391182119634,FINITE
24772,3903,3,,NAN
24815,3946,2,0.03300335559576384,FINITE
24851,3938,5,0.023203977614589612,FINITE
24881,3938,6,0.02287296209066852,FINITE
24889,3939,4,0.02573333012892246,FINITE
24910,3938,7,,NAN
928,111,6,0,FINITE
1367,112,9,0,FINITE
1656,135,8,0.0010825401667487993,FINITE
1764,135,9,0.0011785093794029703,FINITE
1914,273,0,0.026266637265047077,FINITE
1992,273,1,0.027810422211438833,FINITE
2434,251,6,0.001312865760615458,FINITE
2542,251,7,0.0012763976840567206,FINITE
2654,251,8,0.001248033624511036,FINITE
2725,251,9,0.0011232302620599324,FINITE
2795,335,0,0.003945781270133631,FINITE
2979,382,0,,NAN
3072,439,0,0,FINITE
3579,429,7,,NAN
3654,429,8,,NAN
3735,429,9,,NAN
3824,524,0,0.03377392879235032,FINITE
3904,524,1,0.02946669602996307,FINITE
3983,524,2,0.025291720196031115,FINITE
4105,327,1,,NAN
5102,92,8,,NAN
5785,673,3,,NAN
5938,673,4,,NAN
6060,673,5,,NAN
6197,673,6,,NAN
6330,673,7,,NAN
7994,993,6,,NAN
8099,993,7,,NAN
8217,993,8,,NAN
8352,993,9,,NAN
8482,1121,0,0.027010201379491998,FINITE
8655,1121,1,0.026638419322269534,FINITE
8812,1121,2,0.033502192238975555,FINITE
8946,1121,3,0.032320791332812876,FINITE
9009,1061,3,,NAN
9228,1061,4,,NAN
9426,1061,5,,NAN
9759,1061,6,,NAN
10994,1385,8,0.00130945153100256,FINITE
11054,1385,9,0.0013827296072313551,FINITE
11120,1512,0,0.03266887768647093,FINITE
11187,1512,1,0.025548982457331535,FINITE
11255,1512,2,,NAN
11324,1512,3,,NAN
11412,1512,4,,NAN
11474,1512,5,,NAN
11547,1512,6,,NAN
11620,1512,7,,NAN
11692,1512,8,,NAN
11754,1512,9,,NAN
11824,1606,0,0.032391591085586646,FINITE
11896,1606,1,0.023135223310407613,FINITE
11956,1606,2,0.022918661795436224,FINITE
12012,1606,3,0.023024663408836018,FINITE
12082,1606,4,,NAN
12149,1606,5,,NAN
13502,1846,1,,NAN
13534,1846,2,,NAN
13622,1846,3,,NAN
13736,1846,4,,NAN
13838,1846,5,,NAN
14985,2056,3,,NAN
15071,2056,4,,NAN
15135,2056,5,,NAN
15233,2056,6,,NAN
15336,2056,7,,NAN
15418,2056,8,,NAN
15529,2056,9,,NAN
15586,2178,0,0.005572003622079901,FINITE
15632,2178,1,0.0027860018110399507,FINITE
15685,2178,2,0.0028784456855046824,FINITE
15726,2178,3,0.0029246676227370483,FINITE
15771,2178,4,0.003509592142782432,FINITE
15808,2178,5,0.0030948469770096195,FINITE
15844,2178,6,0.0032164090188844786,FINITE
15879,2178,7,0.003179944158272933,FINITE
15911,2178,8,0.0028266170295759407,FINITE
15954,2178,9,0.0029990485765129396,FINITE
16065,2267,0,0.6921297291113426,FINITE
16174,2267,1,0.7036545434228483,FINITE
16287,2267,2,0.7205945745407698,FINITE
16325,2267,3,0.5475787515862757,FINITE
16354,2267,4,0.4442539733949067,FINITE
16396,2267,5,0.37486037762313756,FINITE
16472,2267,6,0.4242177428220778,FINITE
16497,2267,7,0.3748632111402115,FINITE
16528,2267,8,0.33705864020604115,FINITE
20326,2966,9,,NAN
21306,3152,0,0.697477004418485,FINITE
21397,3152,1,0.35861819006019463,FINITE
21605,3152,2,,NAN
21756,3402,2,0.028768763452971136,FINITE
21850,3402,3,0.03142614024702802,FINITE
21921,3402,4,,NAN
22019,3402,5,,NAN
22100,3402,6,,NAN
22179,3402,7,,NAN
22261,3402,8,,NAN
22332,3402,9,,NAN
22470,3495,1,0.023766243934419323,FINITE
22526,3495,2,0.02829573168657452,FINITE
22592,3495,3,,NAN
22647,3495,4,,NAN
22704,3495,5,,NAN
22773,3495,6,,NAN
22840,3495,7,,NAN
22905,3495,8,,NAN
22957,3495,9,,NAN
23025,3643,0,,NAN
23082,3653,0,0.020557252298876706,FINITE
23144,3653,1,0.021811316973513965,FINITE
23210,3653,2,,NAN
23267,3653,3,,NAN
23314,3653,4,,NAN
23364,3653,5,,NAN
23416,3653,6,,NAN
23465,3702,0,0.02315169490121207,FINITE
23515,3702,1,0.02877772593150549,FINITE
23581,3702,2,0.02886910819396427,FINITE
23637,3702,3,0.02807984716129291,FINITE
23686,3702,4,0.025267377496168454,FINITE
23750,3704,5,0.02307041552032148,FINITE
23782,3704,6,0.024547839246746535,FINITE
23827,3704,7,0.024431853697143138,FINITE
23864,3704,8,,NAN
23906,3704,9,,NAN
23935,3794,0,,NAN
24023,3801,0,0.5262845672154333,FINITE
24125,3801,1,0.5407082369669403,FINITE
24218,3801,2,0.52210699779034,FINITE
24311,3801,3,,NAN
24375,3868,0,0.7252396219276689,FINITE
24403,3801,4,,NAN
24472,3801,5,,NAN
24558,3801,6,,NAN
24636,3801,7,,NAN
24697,3801,8,,NAN
24781,3801,9,,NAN
24852,3941,3,,NAN
24891,3963,2,,NAN
24907,3941,4,,NAN
24954,3941,5,,NAN
24966,3963,3,,NAN
25015,3941,6,,NAN
25038,3963,4,,NAN
25067,4003,0,,NAN
25103,4007,0,0.031232147230314772,FINITE
25107,3980,6,0.03105671297806101,FINITE
25130,4007,1,,NAN
25135,3980,7,0.030127118212043304,FINITE
25142,4000,0,0.6276142521427615,FINITE
25160,4007,2,,NAN
25170,3980,8,0.029125419021887946,FINITE
25197,4007,3,,NAN
25198,3980,9,,NAN
25221,4007,4,,NAN
25232,4013,2,,NAN
25237,4021,0,,NAN
25254,4007,5,,NAN
929,64,6,,NAN
1368,83,9,0,FINITE
1657,226,1,0.0019729056410688357,FINITE
1915,155,8,,NAN
1988,155,9,,NAN
2435,275,4,,NAN
2562,275,5,,NAN
2699,275,6,,NAN
2796,351,0,,NAN
2981,20,5,,NAN
3580,458,2,0.0013152704273792237,FINITE
3653,458,3,0.0009864528205344178,FINITE
3732,458,4,0.001744340066917273,FINITE
3823,458,5,0.0016238035804553204,FINITE
3905,458,6,0.0016835791108603477,FINITE
3984,458,7,0.0017284107586641182,FINITE
4109,540,1,0.03261449999026125,FINITE
4254,540,2,,NAN
4423,540,3,,NAN
5119,642,4,0.025534889935208027,FINITE
5205,642,5,0.028206573683581742,FINITE
5275,642,6,0.028224689805324617,FINITE
5344,642,7,0.02736346105196033,FINITE
5423,642,8,0.02743182227033723,FINITE
5504,642,9,0.027732067106637736,FINITE
5581,736,0,0.028940289784931326,FINITE
5651,736,1,0.028502657527672295,FINITE
5786,709,5,0.027688508179789333,FINITE
5875,709,6,0.027465577577620134,FINITE
5945,709,7,0.027685191217489687,FINITE
6032,709,8,0.027702399828536433,FINITE
6101,709,9,0.027275057995892405,FINITE
6176,815,0,0.022512750771236396,FINITE
6251,815,1,0.028860653584598037,FINITE
6343,815,2,0.027067539572891097,FINITE
7995,1049,1,0.03511222141572794,FINITE
8096,1049,2,0.02947007555481453,FINITE
8198,1049,3,0.0311303299385345,FINITE
8329,1049,4,,NAN
8462,1049,5,,NAN
8608,1049,6,,NAN
8784,1049,7,,NAN
8925,1049,8,,NAN
9011,1184,0,0.02543674986845989,FINITE
9100,1184,1,0.0318116584309985,FINITE
9204,1184,2,,NAN
9309,1184,3,,NAN
9432,1184,4,,NAN
9561,1184,5,,NAN
9673,1184,6,,NAN
9801,1184,7,,NAN
10995,1439,4,0.027551254903266487,FINITE
11043,1439,5,0.025635954227498658,FINITE
11117,1439,6,0.026739103465145166,FINITE
11174,1439,7,0.026524318027893717,FINITE
11252,1439,8,0.02816012655116583,FINITE
11316,1439,9,0.027570366349733623,FINITE
11398,1554,0,0.02292868067256239,FINITE
11466,1554,1,0.02538537092735329,FINITE
11539,1554,2,0.028308872447567746,FINITE
11626,1554,3,0.03074363525894958,FINITE
11695,1554,4,0.03463685038490251,FINITE
11770,1554,5,0.03666401831036003,FINITE
11836,1554,6,0.0345757904263546,FINITE
11908,1554,7,,NAN
11971,1554,8,,NAN
12051,1554,9,,NAN
12119,1637,0,0.022737707324739165,FINITE
12196,1637,1,0.021344984313576655,FINITE
13503,1823,2,,NAN
13602,1823,3,,NAN
13637,1823,4,,NAN
13733,1823,5,,NAN
13779,1823,6,,NAN
14988,2036,5,0.36724472290174376,FINITE
15091,2036,6,,NAN
15125,2036,7,,NAN
15231,2036,8,,NAN
15272,2036,9,,NAN
15335,2147,0,,NAN
15378,2155,0,0.0304293703556871,FINITE
15419,2155,1,,NAN
15479,2155,2,,NAN
15532,2155,3,,NAN
15597,2155,4,,NAN
15645,2155,5,,NAN
15697,2155,6,,NAN
15737,2155,7,,NAN
15774,2155,8,,NAN
15811,2155,9,,NAN
15847,2229,0,,NAN
15881,2239,0,0.029770137059156473,FINITE
15918,2239,1,0.030336333820603155,FINITE
15955,2239,2,,NAN
15979,2239,3,,NAN
16023,2239,4,,NAN
16062,2239,5,,NAN
16104,2239,6,,NAN
16144,2239,7,,NAN
16180,2239,8,,NAN
16211,2239,9,,NAN
16260,2297,0,0,FINITE
16305,2308,0,,NAN
16337,2323,0,0.031118531700718786,FINITE
16372,2323,1,0.02778419700118599,FINITE
16408,2323,2,0.030118032553272445,FINITE
16431,2323,3,0.028071751387098984,FINITE
16460,2323,4,0.027461565103105923,FINITE
16482,2323,5,0.027924033326976766,FINITE
16518,2323,6,,NAN
20331,2977,8,0.02385470796475074,FINITE
20340,2977,9,0.02327414044249003,FINITE
20350,2997,0,0.03600850573709882,FINITE
20362,2997,1,,NAN
20371,2997,2,,NAN
20382,2997,3,,NAN
20391,2997,4,,NAN
20403,2997,5,,NAN
20415,2997,6,,NAN
20427,2997,7,,NAN
20441,2997,8,,NAN
20455,2997,9,,NAN
20469,3019,0,0.0199503490497276,FINITE
20483,3019,1,0.028679739554733012,FINITE
20497,3019,2,0.03456980798003597,FINITE
20511,3019,3,0.03274922798012102,FINITE
20524,3019,4,0.033317897551251384,FINITE
20538,3019,5,0.031664081008778884,FINITE
20552,3019,6,0.0325757581261616,FINITE
20566,3019,7,0.031367337298642356,FINITE
20580,3019,8,,NAN
20594,3019,9,,NAN
20608,3038,0,0.03465605593835802,FINITE
20622,3038,1,0.03621334651528452,FINITE
20636,3038,2,0.03547519279214074,FINITE
20650,3038,3,0.03357999240148693,FINITE
20665,3038,4,0.03540700289596039,FINITE
20679,3038,5,0.03450807582236049,FINITE
20693,3038,6,0.033125751990208924,FINITE
20706,3038,7,0.03288251013929955,FINITE
20719,3038,8,0.03089304954733456,FINITE
20730,3038,9,0.02999956234954792,FINITE
20741,3060,0,0.38492563522658657,FINITE
20754,3060,1,0.3658015147318384,FINITE
20765,3060,2,0.3603747384296894,FINITE
20776,3060,3,,NAN
20789,3060,4,,NAN
20803,3060,5,,NAN
20813,3060,6,,NAN
20825,3060,7,,NAN
20836,3060,8,,NAN
20844,3060,9,,NAN
20851,3082,0,0.0020422322932905105,FINITE
20859,3085,0,0,FINITE
21307,3180,0,,NAN
930,63,6,0,FINITE
1377,111,9,0,FINITE
1658,180,7,0.0011075529586301281,FINITE
1763,180,8,0.0009844915187823362,FINITE
1916,271,0,0.0398984008787754,FINITE
1991,271,1,0.037399911458181764,FINITE
2436,245,6,0.0013128629024723262,FINITE
2531,245,7,0.0015316717189675538,FINITE
2628,245,8,0.0013614859724156033,FINITE
2710,245,9,0.0013274494899885988,FINITE
2797,333,0,,NAN
3025,227,9,,NAN
3581,457,2,0.0020422289586234047,FINITE
3647,457,3,0.0015316717189675535,FINITE
3730,457,4,0.0018380040620608721,FINITE
3818,457,5,0.0018489348838588065,FINITE
3898,457,6,0.0017306757787569139,FINITE
3973,457,7,0.0015143413064122996,FINITE
4111,544,1,0.019233620439388963,FINITE
4255,544,2,0.022736772523814324,FINITE
4410,544,3,0.02389602970121997,FINITE
5120,629,6,,NAN
5190,629,7,,NAN
5276,629,8,,NAN
5345,629,9,,NAN
5409,714,0,0.02836065871299898,FINITE
5476,714,1,0.029259832653495122,FINITE
5562,714,2,0.03378122213219222,FINITE
5629,714,3,0.030047170881523724,FINITE
5696,714,4,0.02746390864250512,FINITE
5787,716,2,0.0269121601877251,FINITE
5924,716,3,0.025033542165955356,FINITE
6061,716,4,0.025148709007680597,FINITE
6194,716,5,0.027955590547992713,FINITE
6326,716,6,,NAN
7996,1033,4,0.022652680141253653,FINITE
8078,1033,5,0.022101459793255496,FINITE
8156,1033,6,0.022577929803999,FINITE
8238,1033,7,0.02281846262212841,FINITE
8304,1033,8,0.0221654966116883,FINITE
8373,1033,9,0.022079034607792525,FINITE
8431,1127,0,0.028585615266501864,FINITE
8509,1127,1,0.02692823987378247,FINITE
8559,1127,2,0.030089945674439785,FINITE
8627,1127,3,0.029049983700228238,FINITE
8684,1127,4,0.02766614777530056,FINITE
8748,1127,5,0.025815093451503943,FINITE
8813,1127,6,0.025427132223264932,FINITE
8871,1127,7,0.026394875471618413,FINITE
8935,1127,8,0.026003712452586147,FINITE
9012,1064,3,,NAN
9198,1064,4,,NAN
9489,1064,5,,NAN
9675,1064,6,,NAN
10996,1449,3,,NAN
11056,1449,4,,NAN
11125,1449,5,,NAN
11181,1449,6,,NAN
11249,1449,7,,NAN
11317,1449,8,,NAN
11407,1449,9,,NAN
11482,1570,0,0.015591190899952003,FINITE
11558,1570,1,,NAN
11640,1570,2,,NAN
11710,1570,3,,NAN
11783,1570,4,,NAN
11864,1570,5,,NAN
11930,1570,6,,NAN
11995,1570,7,,NAN
12071,1570,8,,NAN
12133,1570,9,,NAN
13504,1861,1,0.03762683601674653,FINITE
13609,1861,2,,NAN
13707,1861,3,,NAN
13742,1861,4,,NAN
13786,1861,5,,NAN
13817,1861,6,,NAN
13855,1861,7,,NAN
14996,1724,9,,NAN
15037,2120,0,,NAN
15073,2122,0,0.01675079518034421,FINITE
15109,2122,1,,NAN
15144,2122,2,,NAN
15192,2122,3,,NAN
15230,2122,4,,NAN
15273,2122,5,,NAN
15331,2122,6,,NAN
15370,2122,7,,NAN
15416,2122,8,,NAN
15470,2122,9,,NAN
15522,2167,0,,NAN
15595,2177,0,0.003063333434434146,FINITE
15643,2193,0,0,FINITE
20332,2978,8,,NAN
20345,2978,9,,NAN
20354,2999,0,0.041246594737342865,FINITE
20364,2999,1,0.04360383501657521,FINITE
20374,2999,2,,NAN
20384,2999,3,,NAN
20394,2999,4,,NAN
20405,2999,5,,NAN
20417,2999,6,,NAN
20429,2999,7,,NAN
20443,2999,8,,NAN
20456,2999,9,,NAN
20470,3020,0,0.03674989676320778,FINITE
20484,3020,1,0.035982446844310956,FINITE
20498,3020,2,,NAN
20512,3020,3,,NAN
20526,3020,4,,NAN
20539,3020,5,,NAN
20553,3020,6,,NAN
20567,3020,7,,NAN
20581,3020,8,,NAN
20595,3020,9,,NAN
20609,3039,0,0.034346848835819885,FINITE
20623,3039,1,,NAN
20637,3039,2,,NAN
20651,3039,3,,NAN
20664,3039,4,,NAN
20678,3039,5,,NAN
20692,3039,6,,NAN
20705,3039,7,,NAN
20717,3039,8,,NAN
20728,3039,9,,NAN
20738,3058,0,0.03187100108949816,FINITE
20748,3058,1,0.03259750838742137,FINITE
20757,3058,2,0.02776545985478922,FINITE
20766,3058,3,0.02896973599944444,FINITE
20777,3058,4,0.03160151710955464,FINITE
20785,3058,5,,NAN
20796,3058,6,,NAN
20806,3058,7,,NAN
20816,3058,8,,NAN
20826,3058,9,,NAN
20835,3078,0,0.028117355317794558,FINITE
20843,3078,1,,NAN
20850,3078,2,,NAN
20858,3078,3,,NAN
20865,3078,4,,NAN
20871,3078,5,,NAN
20874,3078,6,,NAN
20878,3078,7,,NAN
20883,3078,8,,NAN
20888,3078,9,,NAN
20892,3093,0,0.028117355317794558,FINITE
20898,3093,1,0.2702249344356246,FINITE
20907,3093,2,,NAN
20912,3093,3,,NAN
20916,3093,4,,NAN
20920,3093,5,,NAN
20927,3093,6,,NAN
20931,3093,7,,NAN
20935,3093,8,,NAN
20939,3093,9,,NAN
20943,3098,0,0.014017498835670614,FINITE
20948,3099,0,0.7012980817232901,FINITE
20951,3099,1,0.36266600706180857,FINITE
20955,3099,2,0.2616375474569169,FINITE
20959,3099,3,0.20141521700436268,FINITE
20963,3099,4,0.16663466251026596,FINITE
931,127,0,0,FINITE
932,80,5,,NAN
1378,100,9,,NAN
1493,223,0,0.0010211211481455584,FINITE
1659,186,2,0.0022901638037092224,FINITE
1778,186,3,0.0017176228527819167,FINITE
1917,276,0,,NAN
1993,290,0,0.03835016779783358,FINITE
2437,186,8,0.0019651993449325564,FINITE
2571,186,9,0.0018707915252538566,FINITE
2678,301,0,0.0020422322932905105,FINITE
2798,227,8,,NAN
3035,372,0,0.7100602479785878,FINITE
3582,419,8,0.022436208814874358,FINITE
3657,419,9,0.022350404250748385,FINITE
3739,499,0,0.018706373829076094,FINITE
3826,499,1,0.018169738334946808,FINITE
3903,499,2,0.020620846597138115,FINITE
3980,499,3,0.02111540095392787,FINITE
4114,420,9,,NAN
4268,568,0,0.018792687082136827,FINITE
4428,568,1,0.02236485384945938,FINITE
5121,594,8,,NAN
5215,594,9,,NAN
5290,675,0,,NAN
5350,703,0,0.02000459134979534,FINITE
5417,703,1,0.017728569474652657,FINITE
5505,703,2,,NAN
5589,703,3,,NAN
5662,703,4,,NAN
5788,639,7,0.021594297739716103,FINITE
5921,639,8,,NAN
6058,639,9,,NAN
6192,803,0,0.029829389945726002,FINITE
6320,803,1,0.027164809958385654,FINITE
7997,974,7,,NAN
8091,974,8,,NAN
8213,974,9,,NAN
8271,1106,0,0.01721905512905128,FINITE
8333,1106,1,0.018914318737654593,FINITE
8397,1106,2,0.028535341970092266,FINITE
8461,1106,3,0.02584444301288417,FINITE
8521,1106,4,0.02778180445171466,FINITE
8583,1106,5,0.027056333960111572,FINITE
8651,1106,6,,NAN
8699,1106,7,,NAN
8761,1106,8,,NAN
8824,1106,9,,NAN
8885,1180,0,0.044249382050424155,FINITE
9013,1154,2,0.020048893530589324,FINITE
9108,1154,3,0.025455536485756894,FINITE
9184,1154,4,0.023752782894239,FINITE
9299,1154,5,0.023329746298477453,FINITE
9406,1154,6,0.02420661148729611,FINITE
9516,1154,7,0.023681358970108514,FINITE
9608,1154,8,0.022684414995920183,FINITE
9708,1154,9,0.02290235647882719,FINITE
9832,1286,0,0.03332606835223613,FINITE
10997,1384,9,0.0009051377009862327,FINITE
11057,1494,0,0.02543674986845989,FINITE
11123,1494,1,0.02735678957042235,FINITE
11175,1494,2,0.024115560660554074,FINITE
11225,1494,3,0.021370458271685686,FINITE
11274,1494,4,0.019629744848623173,FINITE
11336,1494,5,,NAN
11373,1494,6,,NAN
11433,1494,7,,NAN
11496,1494,8,,NAN
11555,1494,9,,NAN
11608,1585,0,0.03341032893840541,FINITE
11665,1585,1,0.028515141894162387,FINITE
11719,1585,2,0.024665743497807962,FINITE
11789,1585,3,0.025039801915927144,FINITE
11837,1585,4,0.02540654963558104,FINITE
11885,1585,5,,NAN
11966,1585,6,,NAN
12025,1585,7,,NAN
12090,1585,8,,NAN
12136,1585,9,,NAN
12190,1648,0,0.0020422322932905105,FINITE
13505,1769,8,,NAN
13595,1769,9,,NAN
13627,1878,0,0.01387885553522858,FINITE
13673,1878,1,0.02084247052322971,FINITE
13712,1878,2,,NAN
13753,1878,3,,NAN
13787,1878,4,,NAN
13819,1878,5,,NAN
13860,1878,6,,NAN
15001,2042,3,,NAN
15105,2042,4,,NAN
15194,2042,5,,NAN
15330,2042,6,,NAN
15435,2042,7,,NAN
15583,2042,8,,NAN
15709,2042,9,,NAN
15925,2219,0,,NAN
15965,2258,0,0.0328917916092087,FINITE
16007,2258,1,0.02679288246639503,FINITE
16048,2258,2,,NAN
16092,2258,3,,NAN
16135,2258,4,,NAN
16178,2258,5,,NAN
16215,2258,6,,NAN
16262,2258,7,,NAN
16302,2258,8,,NAN
16335,2258,9,,NAN
16414,2334,0,0.6761899778268313,FINITE
16434,2334,1,0.35042795573240504,FINITE
16463,2334,2,0.24580563922050344,FINITE
16515,2334,3,0.3455210099278113,FINITE
20333,2980,7,,NAN
20346,2980,8,,NAN
20355,2980,9,,NAN
20365,3001,0,0.046756758614264135,FINITE
20375,3001,1,0.03593292710622398,FINITE
20385,3001,2,0.03564363907098139,FINITE
20395,3001,3,0.03503808136760448,FINITE
20406,3001,4,0.032494820578766195,FINITE
20418,3001,5,0.031819845393927244,FINITE
20430,3001,6,0.03460347233525768,FINITE
20444,3001,7,,NAN
20458,3001,8,,NAN
20471,3001,9,,NAN
20485,3022,0,0.033853319206223045,FINITE
20499,3022,1,,NAN
20513,3022,2,,NAN
20527,3022,3,,NAN
20541,3022,4,,NAN
20554,3022,5,,NAN
20568,3022,6,,NAN
20582,3022,7,,NAN
20596,3022,8,,NAN
20610,3022,9,,NAN
20624,3040,0,0.02163049322099583,FINITE
20638,3040,1,0.034955062405175194,FINITE
20652,3040,2,0.03661957759617176,FINITE
20666,3040,3,0.033425911047984376,FINITE
20680,3040,4,0.033021277066545694,FINITE
20694,3040,5,0.030194306030231332,FINITE
20707,3040,6,0.03009310911435321,FINITE
20720,3040,7,0.030559752830025502,FINITE
20731,3040,8,,NAN
20740,3040,9,,NAN
20759,3062,0,0.7851529975176643,FINITE
20787,3062,1,0.840579147053218,FINITE
20809,3062,2,0.8432788152389419,FINITE
20842,3062,3,0.8502308170176375,FINITE
20853,3062,4,0.8449962750424351,FINITE
20870,3062,5,,NAN
20887,3062,6,,NAN
20895,3062,7,,NAN
20908,3062,8,,NAN
20914,3062,9,,NAN
20918,3095,0,,NAN
20923,3096,0,0.03381437260277474,FINITE
933,128,0,,NAN
1379,67,9,0,FINITE
1511,224,0,0,FINITE
1660,123,8,0,FINITE
1766,123,9,0,FINITE
1918,281,0,0.024640835649476427,FINITE
1995,281,1,0.01735647678767226,FINITE
2438,246,6,0.001604608943799354,FINITE
2538,246,7,0.0014040328258244348,FINITE
2634,246,8,0.0015517754880849295,FINITE
2713,246,9,0.0013965979392764366,FINITE
2799,296,3,0.0015316717189675538,FINITE
3054,226,8,,NAN
3583,383,5,,NAN
3734,383,6,,NAN
3872,383,7,,NAN
4004,383,8,,NAN
4115,541,1,0.022871908017597822,FINITE
4270,541,2,0.02584283462387769,FINITE
4420,541,3,0.02474200593620139,FINITE
5122,590,8,,NAN
5214,590,9,,NAN
5279,674,0,0.02533208977369739,FINITE
5339,674,1,0.017537295525650056,FINITE
5419,674,2,0.01995070254107642,FINITE
5492,674,3,0.024349447040484324,FINITE
5566,674,4,0.02567553531244281,FINITE
5635,674,5,0.02561829438931859,FINITE
5718,674,6,0.02588112690816791,FINITE
5789,684,6,0.02606693560026443,FINITE
5869,684,7,0.027060722673675704,FINITE
5941,684,8,,NAN
6029,684,9,,NAN
6127,789,0,,NAN
6196,822,0,,NAN
6275,832,0,0,FINITE
6344,838,0,0.014847506502855462,FINITE
7998,931,8,,NAN
8104,931,9,,NAN
8212,1097,0,0.025470733074139648,FINITE
8338,1097,1,0.02519344647325547,FINITE
8481,1097,2,0.027869433734661594,FINITE
8626,1097,3,0.02808263931865034,FINITE
8788,1097,4,0.02688547562890231,FINITE
8924,1097,5,0.02692937047074095,FINITE
9014,1152,2,0.014017445416873905,FINITE
9120,1152,3,0.017287212720793664,FINITE
9237,1152,4,0.016930745706013186,FINITE
9345,1152,5,0.019282483735426247,FINITE
9472,1152,6,0.020544608247193147,FINITE
9583,1152,7,0.023167017383572318,FINITE
9702,1152,8,0.02417656520596924,FINITE
9825,1152,9,0.025057656305161435,FINITE
10998,1396,8,0.0017690976026656221,FINITE
11062,1396,9,0.0017964110717281112,FINITE
11131,1513,0,0.035918036960555594,FINITE
11183,1513,1,,NAN
11227,1513,2,,NAN
11284,1513,3,,NAN
11348,1513,4,,NAN
11390,1513,5,,NAN
11451,1513,6,,NAN
11509,1513,7,,NAN
11552,1513,8,,NAN
11601,1513,9,,NAN
11652,1593,0,0.02643728133602242,FINITE
11702,1593,1,0.02908481956253938,FINITE
11760,1593,2,0.027675515370293585,FINITE
11826,1593,3,,NAN
11871,1593,4,,NAN
11952,1593,5,,NAN
12010,1593,6,,NAN
12065,1593,7,,NAN
12126,1593,8,,NAN
12173,1593,9,,NAN
13506,1866,0,,NAN
13583,1870,0,0.5180190534040318,FINITE
13675,1870,1,0.515779244346718,FINITE
13759,1870,2,,NAN
13847,1870,3,,NAN
15003,2099,1,,NAN
15068,2099,2,,NAN
15153,2099,3,,NAN
15234,2099,4,,NAN
15303,2099,5,,NAN
15351,2099,6,,NAN
15431,2099,7,,NAN
15494,2099,8,,NAN
15549,2099,9,,NAN
15593,2182,0,0.0029246901339921136,FINITE
15631,2192,0,,NAN
15680,2202,0,0.263739846565584,FINITE
15721,2202,1,0.25124671767621765,FINITE
15765,2202,2,0.25178211795733507,FINITE
15818,2202,3,,NAN
15874,2202,4,,NAN
15928,2202,5,,NAN
15984,2202,6,,NAN
16020,2202,7,,NAN
16067,2202,8,,NAN
16110,2202,9,,NAN
16146,2289,0,,NAN
16184,2292,0,0.033773928792350326,FINITE
16220,2292,1,0.029895169911502387,FINITE
16257,2292,2,0.02985349229405382,FINITE
16286,2292,3,,NAN
16340,2292,4,,NAN
16392,2292,5,,NAN
16443,2292,6,,NAN
16496,2292,7,,NAN
20334,2979,6,,NAN
20349,2979,7,,NAN
20363,2979,8,,NAN
20383,2979,9,,NAN
20401,3007,0,0.0010211211481455584,FINITE
20416,3011,0,0.027237140368141424,FINITE
20431,3011,1,,NAN
20445,3011,2,,NAN
20459,3011,3,,NAN
20473,3011,4,,NAN
20487,3011,5,,NAN
20501,3011,6,,NAN
20515,3011,7,,NAN
20529,3011,8,,NAN
20542,3011,9,,NAN
20556,3031,0,0.012996507804638496,FINITE
20570,3033,0,0.039257514423946316,FINITE
20584,3033,1,0.03732506066527044,FINITE
20597,3033,2,0.03536907503811954,FINITE
20611,3033,3,0.03079690923574197,FINITE
20625,3033,4,0.03272769761510398,FINITE
20639,3033,5,0.03086944187485574,FINITE
20653,3033,6,0.030184616452336898,FINITE
20667,3033,7,0.0312527895943785,FINITE
20681,3033,8,,NAN
20695,3033,9,,NAN
20708,3050,0,0.0010211211481455584,FINITE
20722,3053,0,0.07429384819379527,FINITE
20732,3053,1,0.04858509940948828,FINITE
20743,3053,2,0.041292614638898245,FINITE
20751,3053,3,0.03759235943381117,FINITE
20761,3053,4,0.03644129112381268,FINITE
20768,3053,5,0.03550411591826418,FINITE
20774,3053,6,0.03346013028393621,FINITE
20782,3053,7,0.031609369471156064,FINITE
20792,3053,8,,NAN
20799,3053,9,,NAN
20807,3070,0,0,FINITE
20820,3073,0,0.6906052092725805,FINITE
21311,3193,0,,NAN
21402,3326,0,0,FINITE
21488,3374,0,,NAN
21565,3401,0,0.11416568078253037,FINITE
21649,3401,1,,NAN
21757,3425,0,0.020220712811423337,FINITE
21844,3425,1,0.02621066527459332,FINITE
934,135,0,0.0037548079223104045,FINITE
1380,98,9,0,FINITE
1496,226,0,0.002924690133992113,FINITE
1661,219,0,,NAN
1771,234,0,0,FINITE
1919,181,6,0.002002618492592599,FINITE
2439,234,5,0.00289281621834288,FINITE
2564,234,6,0.003063045982947564,FINITE
2671,234,7,0.0028078053785973132,FINITE
2800,342,0,,NAN
3091,415,2,0.02612082980877928,FINITE
3171,415,3,0.026205025009802038,FINITE
3245,415,4,0.02457344811435077,FINITE
3336,415,5,0.024298996486577174,FINITE
3421,415,6,0.023452962300039144,FINITE
3507,415,7,0.02576355053780576,FINITE
3584,335,6,0.002247257862021718,FINITE
3714,335,7,0.001966350629269003,FINITE
3820,335,8,0.001974781925271393,FINITE
3961,335,9,0.0017773037327442538,FINITE
4117,383,9,,NAN
4274,569,0,0.027253302995064364,FINITE
4418,569,1,0.024415733084339503,FINITE
5123,623,6,0.024039045414542343,FINITE
5199,623,7,0.024276292314822277,FINITE
5274,623,8,0.02340350189451744,FINITE
5336,623,9,0.02553809690764349,FINITE
5412,713,0,0.017269502986872725,FINITE
5489,713,1,0.02217954739011878,FINITE
5580,713,2,0.025479721371365793,FINITE
5648,713,3,0.026056725695906613,FINITE
5790,653,5,0.02351802152577237,FINITE
5948,653,6,0.022704600763324995,FINITE
6059,653,7,0.02316064448267286,FINITE
6177,653,8,,NAN
6300,653,9,,NAN
7999,1055,0,0.6759461406004732,FINITE
8146,1055,1,0.6940160255792125,FINITE
8262,1055,2,0.7062479285259413,FINITE
8488,1055,3,0.8727093632344806,FINITE
8711,1055,4,0.967392560505683,FINITE
9016,1066,8,,NAN
9117,1066,9,,NAN
9226,1214,0,0.02787405192259003,FINITE
9347,1214,1,,NAN
9463,1214,2,,NAN
9574,1214,3,,NAN
9684,1214,4,,NAN
9817,1214,5,,NAN
10999,1364,9,,NAN
11055,1495,0,0.03373994558667057,FINITE
11122,1495,1,0.02805702652873241,FINITE
11189,1495,2,0.02772552816144604,FINITE
11261,1495,3,0.026154026089377655,FINITE
11329,1495,4,0.026906361511259514,FINITE
11414,1495,5,0.026946775372705265,FINITE
11484,1495,6,0.02766518763149891,FINITE
11551,1495,7,0.02730447404630134,FINITE
11635,1495,8,0.02725433373419545,FINITE
11700,1495,9,0.02606552379542082,FINITE
11769,1603,0,0.0324255742912665,FINITE
11844,1603,1,0.04068111289755642,FINITE
11922,1603,2,,NAN
11990,1603,3,,NAN
12057,1603,4,,NAN
12123,1603,5,,NAN
13507,1841,3,,NAN
13540,1841,4,,NAN
13580,1841,5,,NAN
13614,1841,6,,NAN
13661,1841,7,,NAN
13701,1841,8,,NAN
13751,1841,9,,NAN
13782,1905,0,,NAN
13821,1908,0,0.01893133038257897,FINITE
13852,1908,1,0.023438029597125872,FINITE
15004,2070,2,,NAN
15083,2070,3,,NAN
15160,2070,4,,NAN
15250,2070,5,,NAN
15356,2070,6,,NAN
15451,2070,7,,NAN
15577,2070,8,,NAN
15683,2070,9,,NAN
15724,2214,0,0.01387885553522858,FINITE
15758,2214,1,0.02830720016718662,FINITE
15796,2214,2,0.03080695145365948,FINITE
15831,2214,3,0.03269275553970301,FINITE
15868,2214,4,0.03255613330975047,FINITE
15904,2214,5,0.029921910288182724,FINITE
15939,2214,6,0.0308379183701397,FINITE
15972,2214,7,0.03198013711695429,FINITE
16015,2214,8,0.030618711298282857,FINITE
16055,2214,9,0.02907455248356667,FINITE
16100,2284,0,0.03233926103820545,FINITE
16143,2284,1,0.03676676286408351,FINITE
16185,2284,2,0.033837412581839775,FINITE
16219,2284,3,0.02978633514658427,FINITE
16268,2284,4,0.02984360678545352,FINITE
16307,2284,5,0.030383466480716565,FINITE
16339,2284,6,0.032158668617140715,FINITE
16377,2284,7,0.031595221019288265,FINITE
16416,2284,8,0.030120688365303985,FINITE
16445,2284,9,,NAN
16474,2351,0,0.020418608998434784,FINITE
16501,2351,1,0.022391079023513515,FINITE
20335,2982,6,,NAN
20347,2982,7,,NAN
20358,2982,8,,NAN
20367,2982,9,,NAN
20377,3004,0,0.024172575700768913,FINITE
20387,3004,1,0.03139750825046669,FINITE
20396,3004,2,0.030010058144642787,FINITE
20409,3004,3,,NAN
20421,3004,4,,NAN
20434,3004,5,,NAN
20448,3004,6,,NAN
20462,3004,7,,NAN
20477,3004,8,,NAN
20491,3004,9,,NAN
20505,3024,0,0.0208326166240235,FINITE
20519,3024,1,0.022009147365457553,FINITE
20533,3024,2,0.024201303332472324,FINITE
20547,3024,3,,NAN
20561,3024,4,,NAN
20575,3024,5,,NAN
20589,3024,6,,NAN
20603,3024,7,,NAN
20617,3024,8,,NAN
20631,3024,9,,NAN
20645,3042,0,,NAN
20659,3044,0,0.028169685365175647,FINITE
20673,3044,1,,NAN
20686,3044,2,,NAN
21312,3165,0,,NAN
21410,3328,0,,NAN
21498,3377,0,0,FINITE
21587,3403,0,0.030383963147494017,FINITE
21663,3403,1,0.03679388394767299,FINITE
21758,3337,4,,NAN
21838,3337,5,,NAN
21927,3337,6,,NAN
22017,3337,7,,NAN
22093,3337,8,,NAN
22186,3337,9,,NAN
22258,3452,0,0.017685432888199046,FINITE
22339,3452,1,0.015548014237360224,FINITE
22471,3425,9,,NAN
22524,3539,0,0.027148844679934035,FINITE
22591,3539,1,,NAN
22746,3539,2,,NAN
22814,3539,3,,NAN
22878,3539,4,,NAN
22935,3539,5,,NAN
935,129,0,0,FINITE
1381,70,9,0,FINITE
1662,224,1,0.0014623450669960568,FINITE
1777,224,2,0.0029033515804322064,FINITE
1920,152,9,,NAN
1997,291,0,0.025938993022846833,FINITE
2440,235,7,0.0021113149319658057,FINITE
2532,235,8,0.0019901822893191117,FINITE
2630,235,9,0.0019815229596720483,FINITE
2720,321,0,0.6060336511346686,FINITE
2801,234,8,0.002722741702452113,FINITE
3092,364,3,0.021170094688718673,FINITE
3181,364,4,0.020490424979226915,FINITE
3262,364,5,,NAN
3356,364,6,,NAN
3448,364,7,,NAN
3524,364,8,,NAN
3585,362,9,0.02188012095169703,FINITE
3764,478,0,,NAN
3846,530,0,,NAN
3930,539,0,0.021714874174263744,FINITE
4121,485,3,,NAN
4229,485,4,,NAN
4313,485,5,,NAN
4394,485,6,,NAN
5124,564,6,,NAN
5248,564,7,,NAN
5430,564,8,,NAN
5543,564,9,,NAN
5708,741,0,0.0248638298249901,FINITE
5791,754,0,0.027010201379491887,FINITE
5932,754,1,,NAN
6071,754,2,,NAN
6212,754,3,,NAN
6363,754,4,,NAN
8000,995,9,,NAN
8076,1080,0,0.02031394890367251,FINITE
8152,1080,1,0.02497272133119353,FINITE
8230,1080,2,0.026560532171954667,FINITE
8290,1080,3,0.027728435936544744,FINITE
8356,1080,4,0.027513811759303185,FINITE
8418,1080,5,0.027402557865779355,FINITE
8492,1080,6,0.028213722783545152,FINITE
8543,1080,7,0.02860835625194661,FINITE
8614,1080,8,0.02750232153302977,FINITE
8675,1080,9,0.027364888776187285,FINITE
8737,1165,0,,NAN
8807,1173,0,0.02254673397691583,FINITE
8859,1173,1,0.017771620890777162,FINITE
8920,1173,2,0.019380768601950486,FINITE
9017,1068,7,,NAN
9114,1068,8,,NAN
9224,1068,9,,NAN
9341,1229,0,0.030818239890521765,FINITE
9470,1229,1,,NAN
9577,1229,2,,NAN
9696,1229,3,,NAN
9818,1229,4,,NAN
11000,1406,7,,NAN
11051,1406,8,,NAN
11127,1406,9,,NAN
11196,1527,0,,NAN
11281,1538,0,0.43862651469900743,FINITE
11353,1538,1,,NAN
11447,1538,2,,NAN
11523,1538,3,,NAN
11605,1538,4,,NAN
11684,1538,5,,NAN
11765,1538,6,,NAN
11860,1538,7,,NAN
11928,1538,8,,NAN
12002,1538,9,,NAN
12073,1632,0,0.007891402444213364,FINITE
12147,1632,1,0.01560342433072021,FINITE
13508,1763,8,,NAN
13579,1763,9,,NAN
13613,1875,0,,NAN
13656,1881,0,0.003063333434434146,FINITE
13693,1881,1,0.003504557352283889,FINITE
13727,1881,2,0.0033112682795199636,FINITE
13767,1881,3,0.0027387314966763623,FINITE
13799,1881,4,0.0023952094269702015,FINITE
13840,1881,5,0.002336379904690253,FINITE
15005,1968,7,,NAN
15081,1968,8,,NAN
15166,1968,9,,NAN
15202,2137,0,0.03280547835614786,FINITE
15237,2137,1,0.032131291069982804,FINITE
15271,2137,2,0.025395252950389843,FINITE
15309,2137,3,0.023061302424957263,FINITE
15345,2137,4,0.023780104950033205,FINITE
15386,2137,5,0.023707198833200202,FINITE
15429,2137,6,0.02219690630061169,FINITE
15466,2137,7,,NAN
15506,2137,8,,NAN
15537,2137,9,,NAN
15573,2180,0,0.0010211211481455584,FINITE
15613,2188,0,0.01879268708213694,FINITE
15649,2188,1,0.028599997430864808,FINITE
15676,2188,2,,NAN
15719,2188,3,,NAN
15757,2188,4,,NAN
15797,2188,5,,NAN
15842,2188,6,,NAN
15885,2188,7,,NAN
15932,2188,8,,NAN
15975,2188,9,,NAN
16017,2270,0,0.1834939821335792,FINITE
16057,2270,1,0.1704330450580187,FINITE
16098,2270,2,0.17535752422413456,FINITE
16140,2270,3,,NAN
16179,2270,4,,NAN
16223,2270,5,,NAN
16258,2270,6,,NAN
16294,2270,7,,NAN
16352,2270,8,,NAN
16384,2270,9,,NAN
20336,2989,2,0.02977238148996676,FINITE
20352,2989,3,0.026378809654750403,FINITE
20366,2989,4,0.026158999669063564,FINITE
20381,2989,5,0.025588784278342835,FINITE
20397,2989,6,0.02824031104083911,FINITE
20411,2989,7,0.030224979859380476,FINITE
20425,2989,8,,NAN
20440,2989,9,,NAN
20454,3016,0,0,FINITE
20468,3018,0,0.028480955171739368,FINITE
20482,3018,1,0.025401366297576163,FINITE
20496,3018,2,0.027004689745508292,FINITE
20509,3018,3,0.026782564308263042,FINITE
20523,3018,4,0.023821152798327458,FINITE
20537,3018,5,0.022890961680267358,FINITE
20551,3018,6,0.02690921957233561,FINITE
20565,3018,7,0.02615618545971922,FINITE
20579,3018,8,0.02599362770829014,FINITE
20593,3018,9,0.025824208246490205,FINITE
20607,3037,0,0.050414097165199755,FINITE
20621,3037,1,,NAN
20635,3037,2,,NAN
20649,3037,3,,NAN
20662,3037,4,,NAN
20676,3037,5,,NAN
20689,3037,6,,NAN
20702,3037,7,,NAN
20715,3037,8,,NAN
21315,3183,0,,NAN
21760,3170,4,,NAN
21944,3170,5,,NAN
22028,3170,6,,NAN
22117,3170,7,,NAN
22205,3170,8,,NAN
22406,3170,9,,NAN
22472,3446,4,,NAN
22535,3446,5,,NAN
22611,3446,6,,NAN
22662,3446,7,,NAN
22724,3446,8,,NAN
22787,3446,9,,NAN
22855,3609,0,0.0010211211481455584,FINITE
936,67,6,0,FINITE
1382,72,9,,NAN
1504,227,0,0.0020422322932905105,FINITE
1663,181,4,0.0018102814041731133,FINITE
1789,181,5,0.00199601619247628,FINITE
1921,227,3,0.0007658383603590172,FINITE
2441,217,7,0.0014040290745741186,FINITE
2577,217,8,0.0014749405433203842,FINITE
2682,217,9,0.001619915502387557,FINITE
2802,362,0,0.01578216424777545,FINITE
3093,408,2,0.021050319952160192,FINITE
3175,408,3,0.0210305549452365,FINITE
3239,408,4,0.0214101800907017,FINITE
3320,408,5,0.022118767812578544,FINITE
3418,408,6,0.021379196486234067,FINITE
3495,408,7,0.02069035661305933,FINITE
3586,435,3,,NAN
3766,435,4,,NAN
3915,435,5,,NAN
4123,531,2,0.031011604491109773,FINITE
4269,531,3,0.029513908360115748,FINITE
4419,531,4,,NAN
5125,593,8,,NAN
5208,593,9,,NAN
5292,672,0,0.02477947894991846,FINITE
5357,672,1,0.02259904397417662,FINITE
5433,672,2,0.02296811868377785,FINITE
5540,672,3,0.02304694285344988,FINITE
5602,672,4,0.02422699680758377,FINITE
5679,672,5,0.024295642884901034,FINITE
5792,755,0,0.02157816317361464,FINITE
5936,755,1,0.019701119681127692,FINITE
6065,755,2,0.026311639146364762,FINITE
6209,755,3,0.026934140980895867,FINITE
6341,755,4,,NAN
8001,1039,3,,NAN
8071,1039,4,,NAN
8148,1039,5,,NAN
8222,1039,6,,NAN
8281,1039,7,,NAN
8347,1039,8,,NAN
8401,1039,9,,NAN
8479,1132,0,0.0430651614474098,FINITE
8539,1132,1,0.040063164008590765,FINITE
8606,1132,2,0.03943693071602714,FINITE
8681,1132,3,0.03595797071588426,FINITE
8751,1132,4,,NAN
8819,1132,5,,NAN
8878,1132,6,,NAN
8937,1132,7,,NAN
9018,1136,3,,NAN
9122,1136,4,,NAN
9222,1136,5,,NAN
9342,1136,6,,NAN
9476,1136,7,,NAN
9588,1136,8,,NAN
9686,1136,9,,NAN
9804,1280,0,0.025193446473255363,FINITE
9890,1280,1,0.023797307155270578,FINITE
11001,1193,8,,NAN
11154,1193,9,,NAN
11224,1532,0,0.01721905512905128,FINITE
11289,1532,1,0.02048438904465304,FINITE
11357,1532,2,0.022607329775551497,FINITE
11435,1532,3,0.023935362114359374,FINITE
11499,1532,4,0.022879098447826502,FINITE
11572,1532,5,0.026124848390438448,FINITE
11644,1532,6,0.025831000849805313,FINITE
11701,1532,7,0.027006577839136053,FINITE
11767,1532,8,0.028946429477643816,FINITE
11850,1532,9,0.02848290843000052,FINITE
11914,1618,0,0.032839461561827404,FINITE
11968,1618,1,0.03618713129332895,FINITE
12047,1618,2,0.02957033334540042,FINITE
12111,1618,3,0.02953161815225703,FINITE
12191,1618,4,0.029470194366806347,FINITE
13509,1867,0,,NAN
13539,1871,0,0.024363549048592132,FINITE
13577,1871,1,,NAN
13612,1871,2,,NAN
13651,1871,3,,NAN
13698,1871,4,,NAN
13738,1871,5,,NAN
13776,1871,6,,NAN
13812,1871,7,,NAN
13854,1871,8,,NAN
15006,2061,2,0.6906005066307173,FINITE
15100,2061,3,,NAN
15207,2061,4,,NAN
15347,2061,5,,NAN
15469,2061,6,,NAN
15629,2061,7,,NAN
15679,2061,8,,NAN
15717,2061,9,,NAN
15754,2222,0,0.17229153657040538,FINITE
15800,2222,1,0.1769128728719087,FINITE
15836,2222,2,0.1744786457670349,FINITE
15870,2222,3,0.17494866170016476,FINITE
15910,2222,4,0.17360463454222005,FINITE
15946,2222,5,0.17499067585694209,FINITE
15977,2222,6,,NAN
16027,2222,7,,NAN
16073,2222,8,,NAN
16123,2222,9,,NAN
16165,2290,0,0.02737180876820309,FINITE
16205,2290,1,,NAN
16244,2290,2,,NAN
16289,2290,3,,NAN
16324,2290,4,,NAN
16347,2290,5,,NAN
16389,2290,6,,NAN
16423,2290,7,,NAN
16454,2290,8,,NAN
16480,2290,9,,NAN
16517,2361,0,,NAN
20337,2990,3,,NAN
20348,2990,4,,NAN
20360,2990,5,,NAN
20368,2990,6,,NAN
20378,2990,7,,NAN
20388,2990,8,,NAN
20400,2990,9,,NAN
20410,3010,0,0.028663003184047367,FINITE
20424,3010,1,0.03600164907437629,FINITE
20436,3010,2,0.03453233754578893,FINITE
20450,3010,3,,NAN
20464,3010,4,,NAN
20478,3010,5,,NAN
20492,3010,6,,NAN
20507,3010,7,,NAN
20521,3010,8,,NAN
20535,3010,9,,NAN
20549,3030,0,0.02524577652063666,FINITE
20563,3030,1,0.032334497305758325,FINITE
20577,3030,2,0.027186144364100925,FINITE
20590,3030,3,0.025991630942194144,FINITE
20604,3030,4,0.025711005874174336,FINITE
20619,3030,5,0.02465878624525295,FINITE
20633,3030,6,0.02483292645739003,FINITE
20647,3030,7,0.02681956124287306,FINITE
20661,3030,8,0.02676393969504586,FINITE
20675,3030,9,,NAN
20690,3047,0,,NAN
20703,3049,0,0.0029246901339921136,FINITE
20716,3052,0,0.019674974701530193,FINITE
20727,3052,1,0.020063783452822254,FINITE
20737,3052,2,0.02194720112499612,FINITE
20749,3052,3,0.023950678445492042,FINITE
20758,3052,4,0.023123266356788037,FINITE
20769,3052,5,0.024699475597764173,FINITE
20779,3052,6,0.02412753559798627,FINITE
20790,3052,7,0.025349541966935306,FINITE
20798,3052,8,0.025424407733925024,FINITE
20810,3052,9,0.025202369455391848,FINITE
21318,3154,0,,NAN
21418,3332,0,0.25711686955196245,FINITE
937,95,6,0,FINITE
1383,186,0,0.0019035889928484776,FINITE
1503,186,1,0.0029246851314910544,FINITE
1664,125,8,0,FINITE
1769,125,9,0,FINITE
1923,186,4,0.001959036309023956,FINITE
2442,249,6,0.00100130924622482,FINITE
2530,249,7,0.0011314246271080313,FINITE
2629,249,8,0.0012172206677458588,FINITE
2712,249,9,0.0010954986009712728,FINITE
2803,298,3,0.0017176178510314361,FINITE
3094,413,2,0.035131089239009684,FINITE
3172,413,3,0.03330833410848486,FINITE
3246,413,4,,NAN
3328,413,5,,NAN
3415,413,6,,NAN
3497,413,7,,NAN
3587,413,8,,NAN
3659,413,9,,NAN
3738,500,0,0.011593560062938666,FINITE
3825,500,1,0.015868397356588078,FINITE
3902,500,2,0.01758679489500759,FINITE
3976,500,3,0.017762707153193193,FINITE
4126,553,0,0.045702135536624916,FINITE
4277,553,1,0.03259306844516594,FINITE
4425,553,2,0.027946726890675632,FINITE
5126,620,7,0.023785170330546564,FINITE
5209,620,8,0.023365105999351984,FINITE
5281,620,9,0.023544541726174345,FINITE
5362,699,0,0.02190777982187979,FINITE
5444,699,1,0.021786128124277635,FINITE
5538,699,2,0.02178046425666438,FINITE
5596,699,3,0.023771620497771255,FINITE
5654,699,4,0.025457011419616666,FINITE
5726,699,5,0.025211109908504836,FINITE
5793,735,1,0.031369572996954004,FINITE
5955,735,2,,NAN
6082,735,3,,NAN
6214,735,4,,NAN
6336,735,5,,NAN
8002,1067,0,0.03150740123555347,FINITE
8117,1067,1,0.026006161743524436,FINITE
8229,1067,2,0.025164545012175365,FINITE
8380,1067,3,0.022978703392151203,FINITE
8518,1067,4,0.022902387053609752,FINITE
8677,1067,5,0.020934179044500716,FINITE
8825,1067,6,0.0228746409864172,FINITE
9021,1072,7,0.02438845750744078,FINITE
9110,1072,8,0.0245451152639851,FINITE
9217,1072,9,,NAN
9313,1226,0,0.02342898150209603,FINITE
9446,1226,1,0.02523658304363384,FINITE
9556,1226,2,0.021589317174607523,FINITE
9665,1226,3,0.020855498826379396,FINITE
9785,1226,4,0.020166028318566488,FINITE
11002,1458,3,,NAN
11063,1458,4,,NAN
11128,1458,5,,NAN
11180,1458,6,,NAN
11220,1458,7,,NAN
11271,1458,8,,NAN
11321,1458,9,,NAN
11443,1555,0,0.5647393307001549,FINITE
11581,1555,1,,NAN
11703,1555,2,,NAN
13510,1810,5,,NAN
13581,1810,6,,NAN
13653,1810,7,,NAN
13732,1810,8,,NAN
13813,1810,9,,NAN
13857,1916,0,0.033444312144084956,FINITE
15007,1960,8,,NAN
15106,1960,9,,NAN
15138,2130,0,0,FINITE
15176,2135,0,0.02830832866561757,FINITE
15218,2135,1,,NAN
15251,2135,2,,NAN
15286,2135,3,,NAN
15322,2135,4,,NAN
15364,2135,5,,NAN
15399,2135,6,,NAN
15440,2135,7,,NAN
15475,2135,8,,NAN
15505,2135,9,,NAN
15542,2175,0,0.039341704729015464,FINITE
15574,2175,1,0.034334425760177256,FINITE
15614,2175,2,0.03053186328935457,FINITE
15655,2175,3,0.029080684692650245,FINITE
15692,2175,4,0.02626177771477974,FINITE
15732,2175,5,0.02666313576618899,FINITE
15761,2175,6,,NAN
15802,2175,7,,NAN
15853,2175,8,,NAN
15897,2175,9,,NAN
15945,2252,0,0,FINITE
16047,2264,0,,NAN
16086,2283,0,0.026155054331096585,FINITE
16126,2283,1,0.029105052964614925,FINITE
16158,2283,2,0.02668851856790952,FINITE
16204,2283,3,0.026850845316562972,FINITE
16242,2283,4,0.026270590552887323,FINITE
16276,2283,5,0.028025863262504284,FINITE
16327,2283,6,0.027124569435583216,FINITE
16366,2283,7,0.026314443950127508,FINITE
16400,2283,8,0.027406505012786516,FINITE
16451,2283,9,,NAN
16503,2352,0,,NAN
20338,2963,6,,NAN
20379,2963,7,,NAN
20399,2963,8,,NAN
20419,2963,9,,NAN
20433,3012,0,,NAN
20447,3014,0,0,FINITE
20461,3017,0,0.0238109281977427,FINITE
20475,3017,1,,NAN
20489,3017,2,,NAN
20503,3017,3,,NAN
20516,3017,4,,NAN
20530,3017,5,,NAN
20544,3017,6,,NAN
20557,3017,7,,NAN
20571,3017,8,,NAN
20585,3017,9,,NAN
20599,3036,0,0.026405280565489228,FINITE
20613,3036,1,0.026858918223561505,FINITE
20626,3036,2,0.030507485581671226,FINITE
20640,3036,3,0.0258744908758997,FINITE
20654,3036,4,,NAN
20668,3036,5,,NAN
20682,3036,6,,NAN
20696,3036,7,,NAN
20709,3036,8,,NAN
20721,3036,9,,NAN
20734,3056,0,,NAN
21319,3153,0,,NAN
21471,3333,0,0.9080437095287885,FINITE
21601,3333,1,,NAN
21761,3223,3,,NAN
21948,3223,4,,NAN
22473,3327,7,,NAN
22606,3327,8,,NAN
22723,3327,9,,NAN
22819,3597,0,,NAN
22880,3618,0,0,FINITE
22964,3629,0,,NAN
23028,3644,0,0.03109350392987296,FINITE
23118,3644,1,0.028818713897902054,FINITE
23192,3644,2,0.02484228875886341,FINITE
23261,3644,3,0.023736368818756255,FINITE
23345,3644,4,0.0224879869630801,FINITE
23426,3644,5,0.022561112193851613,FINITE
23511,3644,6,0.02340942502522153,FINITE
23566,3644,7,0.022635393514505282,FINITE
23659,3644,8,,NAN
23751,3725,3,0.021714382169056974,FINITE
938,121,6,0,FINITE
1384,172,4,0.0019867649691123626,FINITE
1491,172,5,0.0016556374742603024,FINITE
1550,172,6,0.001710865305550332,FINITE
1665,150,8,0.0011037627622851624,FINITE
1788,150,9,,NAN
1924,277,0,,NAN
2005,292,0,0.0020422322932905105,FINITE
2443,265,6,0.00112737608118238,FINITE
2536,265,7,0.0012417331076958965,FINITE
2635,265,8,0.001217220667745859,FINITE
2715,265,9,0.001095498600971273,FINITE
2804,301,1,0.0020422322932905105,FINITE
3095,419,2,0.019830236821840527,FINITE
3185,419,3,0.020868078204616815,FINITE
3263,419,4,0.020639923513475683,FINITE
3351,419,5,0.021931222774478152,FINITE
3433,419,6,0.023292062918669507,FINITE
3499,419,7,0.022260365035170683,FINITE
3588,388,7,,NAN
3677,388,8,,NAN
3749,388,9,,NAN
3830,529,0,0.03145710378381775,FINITE
3917,529,1,0.028697062200299783,FINITE
3985,529,2,0.024778630976255666,FINITE
4131,426,9,,NAN
4299,570,0,0.037104480956492276,FINITE
4453,570,1,,NAN
5127,595,8,,NAN
5216,595,9,,NAN
5293,676,0,0.01879268708213694,FINITE
5370,676,1,0.02259898382381314,FINITE
5453,676,2,0.022276153622874037,FINITE
5535,676,3,0.025267662402419958,FINITE
5609,676,4,0.02549518603503379,FINITE
5675,676,5,0.02586740265968814,FINITE
5794,688,6,0.023376787285074217,FINITE
5876,688,7,,NAN
5942,688,8,,NAN
6028,688,9,,NAN
6139,788,0,0.01694176852816721,FINITE
6211,788,1,0.018070780220900997,FINITE
6285,788,2,0.020041054264915894,FINITE
8003,987,9,,NAN
8081,1081,0,0.023619954849919467,FINITE
8150,1081,1,0.02197612529764676,FINITE
8219,1081,2,0.02142818211355586,FINITE
8279,1081,3,0.023552412745108685,FINITE
8342,1081,4,0.023610522006587677,FINITE
8408,1081,5,0.021671352798587253,FINITE
8476,1081,6,0.022631822672886003,FINITE
8540,1081,7,0.023914318789926343,FINITE
8607,1081,8,0.023808363541422167,FINITE
8673,1081,9,0.024824017401297294,FINITE
8733,1163,0,0.018101362789524927,FINITE
8801,1163,1,0.019978406282011873,FINITE
8866,1163,2,0.017183457542320802,FINITE
8939,1163,3,0.016612552294299768,FINITE
9022,1175,1,0.02969605230569082,FINITE
9113,1175,2,0.027624472053619693,FINITE
9219,1175,3,0.026726837140296493,FINITE
9329,1175,4,0.028025751363731966,FINITE
9448,1175,5,0.026316750493319916,FINITE
9573,1175,6,0.027661378479138223,FINITE
9659,1175,7,0.028600786911051758,FINITE
9787,1175,8,0.027903119190203003,FINITE
9887,1175,9,0.02822486370081914,FINITE
11003,1400,7,,NAN
11068,1400,8,,NAN
11138,1400,9,,NAN
11272,1528,0,,NAN
11333,1547,0,0,FINITE
11421,1556,0,0.034346848835819996,FINITE
11486,1556,1,,NAN
11570,1556,2,,NAN
11645,1556,3,,NAN
11721,1556,4,,NAN
11785,1556,5,,NAN
11866,1556,6,,NAN
11921,1556,7,,NAN
11980,1556,8,,NAN
12058,1556,9,,NAN
12122,1639,0,0.01578216424777545,FINITE
13511,1863,1,0.03786660596943814,FINITE
13554,1863,2,0.035176877069116486,FINITE
13592,1863,3,0.030315116351935928,FINITE
13633,1863,4,0.028214816681943145,FINITE
13680,1863,5,,NAN
13718,1863,6,,NAN
13766,1863,7,,NAN
13805,1863,8,,NAN
13843,1863,9,,NAN
15011,2110,0,,NAN
15047,2121,0,,NAN
15088,2123,0,0.021664476426675593,FINITE
15123,2123,1,0.02171680647405673,FINITE
15165,2123,2,0.020465444145732117,FINITE
15212,2123,3,0.01970961548254769,FINITE
15256,2123,4,0.019415693604031545,FINITE
15304,2123,5,0.019978084232046365,FINITE
15362,2123,6,0.02214054652828412,FINITE
15402,2123,7,0.021438708040603743,FINITE
15447,2123,8,0.022294205588530305,FINITE
15497,2123,9,0.022746906076358805,FINITE
15559,2174,0,0.022512750771236392,FINITE
15604,2174,1,0.03028033723216579,FINITE
15657,2174,2,0.029282720814902546,FINITE
15703,2174,3,0.026128161092997725,FINITE
15741,2174,4,0.024633337630737183,FINITE
15779,2174,5,0.024092312996579556,FINITE
15813,2174,6,0.024560812392525746,FINITE
15845,2174,7,0.023846337984649794,FINITE
15875,2174,8,0.022738839934714105,FINITE
15912,2174,9,0.023212802074062622,FINITE
15947,2253,0,0,FINITE
16039,2265,0,,NAN
16082,2279,0,0.029276829272384706,FINITE
16120,2279,1,,NAN
16168,2279,2,,NAN
16203,2279,3,,NAN
16247,2279,4,,NAN
16295,2279,5,,NAN
16329,2279,6,,NAN
16358,2279,7,,NAN
16398,2279,8,,NAN
16426,2279,9,,NAN
16455,2346,0,,NAN
16481,2354,0,0.030513661047215052,FINITE
16516,2354,1,,NAN
20339,2995,0,,NAN
20353,2996,0,,NAN
20369,3000,0,,NAN
20386,3005,0,0.003063333434434146,FINITE
20404,3008,0,0.0422420151695477,FINITE
20420,3008,1,0.034712421527580695,FINITE
20435,3008,2,0.03476331237549316,FINITE
20449,3008,3,0.03372930091729448,FINITE
20463,3008,4,,NAN
20476,3008,5,,NAN
20490,3008,6,,NAN
20504,3008,7,,NAN
20518,3008,8,,NAN
20532,3008,9,,NAN
20546,3028,0,0.03705215090911129,FINITE
20560,3028,1,0.030681684955161062,FINITE
20574,3028,2,0.02780326434421469,FINITE
20588,3028,3,0.02456432488387491,FINITE
20602,3028,4,,NAN
20616,3028,5,,NAN
20630,3028,6,,NAN
20643,3028,7,,NAN
939,126,0,0,FINITE
1385,123,5,0,FINITE
1487,123,6,0,FINITE
1561,123,7,0,FINITE
1666,126,8,0,FINITE
1776,126,9,0,FINITE
1925,278,0,0.0010211211481455584,FINITE
1990,278,1,0.0005105605740727792,FINITE
2444,257,6,0.0008752409822671734,FINITE
2554,257,7,0.0008934760030019715,FINITE
2653,257,8,0.000794200891557308,FINITE
2734,257,9,0.0009190040317306282,FINITE
2805,310,1,0.0015316767207180343,FINITE
3096,323,4,,NAN
3193,323,5,,NAN
3284,323,6,,NAN
3369,323,7,,NAN
3470,323,8,,NAN
3589,409,8,0.025581360157768476,FINITE
3666,409,9,0.027594348302399853,FINITE
3750,503,0,0.023428981502096134,FINITE
3839,503,1,0.024778487733350646,FINITE
3921,503,2,0.02593765802831263,FINITE
3993,503,3,0.024640299932909483,FINITE
4147,543,1,0.023498283100186493,FINITE
4309,543,2,0.024991759405908465,FINITE
4444,543,3,0.027187301752518933,FINITE
5128,641,2,0.022517258636908333,FINITE
5251,641,3,0.023855956334246926,FINITE
5422,641,4,0.022445390112942554,FINITE
5523,641,5,0.02070040955388298,FINITE
5653,641,6,0.021758984257414887,FINITE
5795,677,3,,NAN
5939,677,4,,NAN
6064,677,5,,NAN
6193,677,6,,NAN
6309,677,7,,NAN
8004,1004,5,,NAN
8107,1004,6,,NAN
8223,1004,7,,NAN
8360,1004,8,,NAN
8483,1004,9,,NAN
8623,1146,0,0.02722823509380686,FINITE
8800,1146,1,0.028884594191722228,FINITE
8943,1146,2,0.028444654321568234,FINITE
9025,1073,7,,NAN
9126,1073,8,,NAN
9221,1073,9,,NAN
9346,1228,0,0.040694154527756245,FINITE
9462,1228,1,0.04345272802897806,FINITE
9564,1228,2,0.04086075746820763,FINITE
9662,1228,3,0.039921688340278816,FINITE
9789,1228,4,0.038657611129468764,FINITE
9885,1228,5,,NAN
11004,1462,0,,NAN
11072,1496,0,0,FINITE
11223,1517,0,0.5773319276114868,FINITE
11383,1517,1,0.5787423413751861,FINITE
11541,1517,2,,NAN
11722,1517,3,,NAN
11886,1517,4,,NAN
12029,1517,5,,NAN
12192,1517,6,,NAN
13512,1821,2,,NAN
13590,1821,3,,NAN
13694,1821,4,,NAN
13789,1821,5,,NAN
13873,1821,6,,NAN
15014,2092,1,,NAN
15102,2092,2,,NAN
15184,2092,3,,NAN
15280,2092,4,,NAN
15314,2092,5,,NAN
15350,2092,6,,NAN
15452,2092,7,,NAN
15543,2092,8,,NAN
15637,2092,9,,NAN
15715,2203,0,,NAN
15824,2221,0,,NAN
15866,2235,0,0.02612799396460516,FINITE
15914,2235,1,0.029605379460818426,FINITE
15956,2235,2,0.03184824192783948,FINITE
15999,2235,3,0.030928602787173545,FINITE
16036,2235,4,,NAN
16075,2235,5,,NAN
16113,2235,6,,NAN
16147,2235,7,,NAN
16186,2235,8,,NAN
16225,2235,9,,NAN
16261,2298,0,,NAN
16300,2309,0,0.0010211211481455584,FINITE
16346,2321,0,0.030190967238137904,FINITE
16382,2321,1,0.0279946722772389,FINITE
16424,2321,2,0.0290389438966768,FINITE
16470,2321,3,0.02632565388075453,FINITE
16512,2321,4,0.028251343694113785,FINITE
20341,2986,3,,NAN
20357,2986,4,,NAN
20372,2986,5,,NAN
20390,2986,6,,NAN
20407,2986,7,,NAN
20422,2986,8,,NAN
20437,2986,9,,NAN
20452,3015,0,0.032200617737763525,FINITE
20467,3015,1,0.026127813441126704,FINITE
20481,3015,2,0.0266355715721915,FINITE
20495,3015,3,0.0286946829067702,FINITE
20510,3015,4,0.027911642115399808,FINITE
20525,3015,5,0.02800086375717648,FINITE
20540,3015,6,0.027130423194991267,FINITE
20555,3015,7,0.028708224638010517,FINITE
20569,3015,8,0.02811205170590216,FINITE
20583,3015,9,0.028700735069897242,FINITE
20598,3035,0,0.058714942187299904,FINITE
20612,3035,1,0.04227365135465967,FINITE
20628,3035,2,0.03639604611959852,FINITE
20642,3035,3,0.03302871917662613,FINITE
20656,3035,4,0.033354186528972506,FINITE
20671,3035,5,0.03158477332826697,FINITE
20685,3035,6,0.03053364258123866,FINITE
20699,3035,7,0.029883448480296015,FINITE
20712,3035,8,0.029043262807309005,FINITE
20725,3035,9,0.028531171473215756,FINITE
20736,3057,0,0.016198094149101443,FINITE
20746,3057,1,0.017235095617574893,FINITE
20756,3064,0,,NAN
20764,3065,0,0.023897241450803543,FINITE
20773,3065,1,0.026417759353654015,FINITE
20781,3065,2,0.025658037067465802,FINITE
20788,3065,3,0.027094213085797098,FINITE
20797,3065,4,0.027286990954882684,FINITE
20805,3065,5,0.026992674248311522,FINITE
20815,3065,6,0.026829817894236448,FINITE
20822,3065,7,0.02516974551832731,FINITE
20828,3065,8,,NAN
20832,3065,9,,NAN
20838,3080,0,,NAN
20849,3081,0,0.0020422322932905105,FINITE
20855,3084,0,0.017771746141259665,FINITE
20862,3084,1,0.027771191616735233,FINITE
20866,3084,2,0.02529155965961484,FINITE
21320,3144,0,,NAN
21419,3335,0,0.0010211211481455584,FINITE
21593,3380,0,,NAN
21762,3217,3,,NAN
21964,3217,4,,NAN
22050,3217,5,,NAN
22126,3217,6,,NAN
22299,3217,7,,NAN
22369,3217,8,,NAN
22474,3151,8,,NAN
22537,3151,9,,NAN
22602,3558,0,,NAN
22658,3575,0,,NAN
22793,3585,0,,NAN
940,131,0,0,FINITE
1386,124,5,0,FINITE
1490,124,6,0,FINITE
1577,124,7,0,FINITE
1667,188,2,0.0023363715681892594,FINITE
1795,188,3,0.002993994276209952,FINITE
1926,237,1,0.001972910643069494,FINITE
2006,237,2,0.001996017859809833,FINITE
2445,272,6,0.0011273732230392482,FINITE
2539,272,7,0.0015899789576380781,FINITE
2651,272,8,0.001413314629011625,FINITE
2719,272,9,0.0012719831661104626,FINITE
2806,365,0,0.023290338201653993,FINITE
3097,418,2,0.027048960838467473,FINITE
3184,418,3,0.027997540052720683,FINITE
3256,418,4,0.025748191078245386,FINITE
3345,418,5,0.023986346423724644,FINITE
3442,418,6,0.02433190844397674,FINITE
3502,418,7,,NAN
3590,408,8,0.02068138169452584,FINITE
3664,408,9,,NAN
3743,502,0,,NAN
3831,526,0,0.026266637265047077,FINITE
3910,526,1,0.028350453949194707,FINITE
3978,526,2,,NAN
4288,20,8,,NAN
5129,553,7,,NAN
5254,553,8,,NAN
5425,553,9,,NAN
5561,725,0,0.026819228031668772,FINITE
5724,725,1,0.026542932648357925,FINITE
5796,738,1,0.03274928042599225,FINITE
5966,738,2,0.03248461085459283,FINITE
6096,738,3,0.0318947139880225,FINITE
6221,738,4,0.030416209660224857,FINITE
6332,738,5,0.027512926017627098,FINITE
8005,950,8,,NAN
8114,950,9,,NAN
8224,1099,0,,NAN
8364,1107,0,0.0338262588397314,FINITE
8489,1107,1,0.025825167514186127,FINITE
8653,1107,2,0.02765231312772373,FINITE
8809,1107,3,0.0264447544090295,FINITE
9026,1070,7,0.024159144680026105,FINITE
9123,1070,8,0.023320589924456778,FINITE
9218,1070,9,0.024169501489227467,FINITE
9322,1225,0,0.03303043490965062,FINITE
9455,1225,1,,NAN
9579,1225,2,,NAN
9685,1225,3,,NAN
9814,1225,4,,NAN
11005,1478,0,,NAN
11064,1497,0,0,FINITE
11132,1514,0,0.03366926869758794,FINITE
11182,1514,1,0.027139425521922916,FINITE
11226,1514,2,0.027897437029415207,FINITE
11282,1514,3,0.025924225609510243,FINITE
11344,1514,4,0.02526965930194386,FINITE
11392,1514,5,0.025228186079475495,FINITE
11455,1514,6,,NAN
11508,1514,7,,NAN
11567,1514,8,,NAN
11618,1514,9,,NAN
11674,1597,0,0.0396120684907114,FINITE
11725,1597,1,0.029461721669148122,FINITE
11791,1597,2,0.028018554839639095,FINITE
11839,1597,3,0.02543527435177903,FINITE
11893,1597,4,0.024989024471141853,FINITE
11967,1597,5,0.02575859471272654,FINITE
12026,1597,6,0.025188396071143485,FINITE
12092,1597,7,0.026214909737934826,FINITE
12140,1597,8,0.026147409096888355,FINITE
12186,1597,9,0.025486301327308336,FINITE
13513,1831,5,0.03100029293564252,FINITE
13545,1831,6,0.03113572949806583,FINITE
13584,1831,7,0.031158570871229578,FINITE
13615,1831,8,0.029753774161232167,FINITE
13662,1831,9,0.029501713291885067,FINITE
13702,1890,0,0.0010211211481455584,FINITE
13748,1899,0,0.02670764509771827,FINITE
13781,1899,1,0.022585357765795032,FINITE
13824,1899,2,0.021228705337614312,FINITE
13862,1899,3,0.0214888908472187,FINITE
15021,1965,3,,NAN
15283,1965,4,,NAN
15524,1965,5,,NAN
15752,1965,6,,NAN
16012,1965,7,,NAN
16226,1965,8,,NAN
16462,1965,9,,NAN
16509,2357,0,,NAN
20342,2988,2,0.22795338814770635,FINITE
20356,2988,3,0.17845704942232177,FINITE
20373,2988,4,0.1474896305078413,FINITE
20398,2988,5,0.2231364722088828,FINITE
20414,2988,6,,NAN
20428,2988,7,,NAN
20442,2988,8,,NAN
20457,2988,9,,NAN
20472,3021,0,0.01837675718081084,FINITE
20486,3021,1,,NAN
20500,3021,2,,NAN
20514,3025,0,,NAN
20528,3026,0,,NAN
20543,3027,0,,NAN
20559,3032,0,0.027892398764291684,FINITE
20573,3032,1,0.023809851756601424,FINITE
20587,3032,2,0.024380922211574525,FINITE
20601,3032,3,0.02499049866659806,FINITE
20615,3032,4,0.02537310869717759,FINITE
20629,3032,5,,NAN
20644,3032,6,,NAN
20658,3032,7,,NAN
20672,3032,8,,NAN
20687,3032,9,,NAN
20700,3048,0,,NAN
20713,3051,0,0.0020422322932905105,FINITE
21322,3174,0,0.6712907735720519,FINITE
21513,3174,1,0.6964889285797443,FINITE
21597,3174,2,,NAN
21763,3405,2,0.030627052503080104,FINITE
21856,3405,3,,NAN
21930,3405,4,,NAN
22025,3405,5,,NAN
22097,3405,6,,NAN
22168,3405,7,,NAN
22245,3405,8,,NAN
22319,3405,9,,NAN
22411,3487,0,,NAN
22475,3475,0,1.1165160830957983,FINITE
22539,3475,1,0.708989387136644,FINITE
22627,3475,2,0.618018920101755,FINITE
22700,3475,3,,NAN
22804,3475,4,,NAN
22891,3475,5,,NAN
22958,3475,6,,NAN
23093,3475,7,,NAN
23238,3475,8,,NAN
23307,3475,9,,NAN
23442,3678,0,0.6184471265593964,FINITE
23582,3678,1,0.6148427206765166,FINITE
23752,3733,1,,NAN
23856,3733,2,,NAN
23956,3733,3,,NAN
24057,3733,4,,NAN
24179,3733,5,,NAN
24281,3733,6,,NAN
24380,3881,0,0.02069589559931874,FINITE
24394,3733,7,,NAN
24448,3881,1,0.0298391181635956,FINITE
24471,3733,8,,NAN
24503,3881,2,0.026479204009698488,FINITE
24538,3881,3,0.028534768793911643,FINITE
24567,3733,9,,NAN
941,8,9,,NAN
1387,135,5,0.0009661750364335868,FINITE
1481,135,6,0.0012459629075133765,FINITE
1552,135,7,0.0012178576875923992,FINITE
1668,138,8,0.0016710456200320436,FINITE
1770,138,9,0.001606053172843395,FINITE
1927,279,0,,NAN
2012,293,0,0,FINITE
2446,266,6,0.018956011142332328,FINITE
2540,266,7,0.01887911871760214,FINITE
2646,266,8,0.01982297233047267,FINITE
2726,266,9,0.020481203153974316,FINITE
2807,220,9,0.061849547965643015,FINITE
3098,376,3,0.027393140690509236,FINITE
3183,376,4,0.026742231051425286,FINITE
3264,376,5,0.026841828880813986,FINITE
3357,376,6,0.02677946483576759,FINITE
3449,376,7,0.02623304306585589,FINITE
3523,376,8,0.027926210646410307,FINITE
3591,395,9,,NAN
3665,479,0,0.014570219901971286,FINITE
3746,479,1,0.014363181019042076,FINITE
3829,479,2,0.01594955525616215,FINITE
3912,479,3,,NAN
3987,479,4,,NAN
4290,468,4,0.12832834876418475,FINITE
4436,468,5,0.10791517234064796,FINITE
5130,582,9,,NAN
5204,660,0,,NAN
5288,671,0,0.03313304233752135,FINITE
5346,671,1,,NAN
5426,671,2,,NAN
5515,671,3,,NAN
5588,671,4,,NAN
5658,671,5,,NAN
5797,756,0,0.03501965579230316,FINITE
5981,756,1,0.027788454045589932,FINITE
6070,756,2,0.02353846264728626,FINITE
6216,756,3,0.025861981666124488,FINITE
6355,756,4,0.024569122953028794,FINITE
8006,1068,0,0.0109544956985134,FINITE
8121,1068,1,,NAN
8247,1068,2,,NAN
8402,1068,3,,NAN
8557,1068,4,,NAN
8724,1068,5,,NAN
8867,1068,6,,NAN
9027,1102,5,0.028315193166621015,FINITE
9124,1102,6,0.026761898356102928,FINITE
9244,1102,7,0.026983321713980157,FINITE
9357,1102,8,0.02656640655854734,FINITE
9494,1102,9,0.025496613652776223,FINITE
9747,1265,0,0.7246078181210159,FINITE
11006,1461,3,,NAN
11058,1461,4,,NAN
11124,1461,5,,NAN
11171,1461,6,,NAN
11219,1461,7,,NAN
11275,1461,8,,NAN
11339,1461,9,,NAN
11377,1558,0,0,FINITE
11440,1568,0,0.02579837731633968,FINITE
11495,1568,1,0.02239101887314992,FINITE
11544,1568,2,0.02255279612382705,FINITE
11595,1568,3,,NAN
11659,1568,4,,NAN
11712,1568,5,,NAN
11768,1568,6,,NAN
11825,1568,7,,NAN
11868,1568,8,,NAN
11954,1568,9,,NAN
12011,1631,0,0.04791603173540954,FINITE
12076,1631,1,0.03550423687502615,FINITE
12125,1631,2,0.03308815745609626,FINITE
12176,1631,3,0.029003816887158192,FINITE
13514,1855,2,,NAN
13549,1855,3,,NAN
13589,1855,4,,NAN
13621,1855,5,,NAN
13670,1855,6,,NAN
13710,1855,7,,NAN
13752,1855,8,,NAN
13783,1855,9,,NAN
13829,1909,0,,NAN
13870,1918,0,0.022321777423413063,FINITE
15101,2018,2,,NAN
15201,2018,3,,NAN
15341,2018,4,,NAN
15700,2018,5,,NAN
15790,2018,6,,NAN
15899,2018,7,,NAN
15985,2018,8,,NAN
16299,2018,9,,NAN
16333,2320,0,0,FINITE
16365,2332,0,0.03763199379176887,FINITE
16405,2332,1,0.036048538191151946,FINITE
16435,2332,2,0.03238395985170578,FINITE
16468,2332,3,0.02862692394876267,FINITE
16506,2332,4,,NAN
20343,2970,9,0.031086246271739327,FINITE
20359,2998,0,,NAN
20376,3002,0,,NAN
20393,3006,0,0.0020422322932905105,FINITE
20408,3009,0,0.01782407618864097,FINITE
20423,3009,1,0.024498485266193214,FINITE
20438,3009,2,0.02334082759332351,FINITE
20451,3009,3,0.024258171039865634,FINITE
20465,3009,4,0.024075070481699566,FINITE
20479,3009,5,0.024679795048366687,FINITE
20493,3009,6,0.02476064954440525,FINITE
20506,3009,7,,NAN
20520,3009,8,,NAN
20534,3009,9,,NAN
20548,3029,0,0.02732147118605572,FINITE
20562,3029,1,0.026448432177478817,FINITE
20576,3029,2,0.023152228729159504,FINITE
20591,3029,3,0.025096569284004944,FINITE
20605,3029,4,0.026676135234619796,FINITE
20618,3029,5,0.0256878299240102,FINITE
20632,3029,6,,NAN
20646,3029,7,,NAN
20660,3029,8,,NAN
20674,3029,9,,NAN
20688,3046,0,0.02649159381855007,FINITE
20701,3046,1,0.023550588082404036,FINITE
20714,3046,2,0.020476030890525018,FINITE
20726,3046,3,,NAN
20739,3046,4,,NAN
20747,3046,5,,NAN
20755,3046,6,,NAN
20763,3046,7,,NAN
20772,3046,8,,NAN
20780,3046,9,,NAN
20786,3067,0,,NAN
20795,3068,0,,NAN
20804,3069,0,0,FINITE
20814,3072,0,0.011975506758585117,FINITE
20821,3076,0,0,FINITE
20827,3077,0,,NAN
20831,3079,0,0.407500767851602,FINITE
20837,3079,1,0.39180342064161133,FINITE
20846,3079,2,0.4103010000194416,FINITE
20857,3079,3,0.4106526250868665,FINITE
20864,3079,4,,NAN
20868,3079,5,,NAN
20873,3079,6,,NAN
20877,3079,7,,NAN
20881,3079,8,,NAN
20884,3079,9,,NAN
20889,3092,0,0.025514167876267604,FINITE
20894,3092,1,0.02401345932375195,FINITE
20900,3092,2,0.025739144888942512,FINITE
20902,3092,3,0.028141158591307287,FINITE
20905,3092,4,0.027032739677905253,FINITE
20909,3092,5,0.02860876042867989,FINITE
20913,3092,6,0.028214752847971446,FINITE
942,130,0,0,FINITE
1388,125,5,0,FINITE
1484,125,6,0,FINITE
1564,125,7,0,FINITE
1669,187,2,0.0006807440977635035,FINITE
1797,187,3,0.001752273673390635,FINITE
1928,280,0,0.04000093802554608,FINITE
2017,280,1,0.029396812553841453,FINITE
2447,270,6,,NAN
2546,270,7,,NAN
2650,270,8,,NAN
2728,270,9,,NAN
2808,232,8,0.0013614759674133768,FINITE
3099,416,2,0.03424734241138847,FINITE
3186,416,3,0.032658606499614225,FINITE
3258,416,4,0.02951523890532482,FINITE
3352,416,5,,NAN
3432,416,6,,NAN
3506,416,7,,NAN
3592,375,6,,NAN
3726,375,7,,NAN
3838,375,8,,NAN
3979,375,9,,NAN
4341,105,7,,NAN
5131,554,7,,NAN
5247,554,8,,NAN
5404,554,9,,NAN
5511,721,0,,NAN
5694,738,0,0.024502192349034276,FINITE
5798,714,5,0.02773423318951453,FINITE
5870,714,6,0.0284388905989704,FINITE
5944,714,7,0.02780611070593847,FINITE
5997,714,8,0.027763890769813997,FINITE
6063,714,9,0.02812458074590829,FINITE
6145,804,0,0.041801167939111,FINITE
6230,804,1,0.033471142182492634,FINITE
6315,804,2,0.031498414316026756,FINITE
8007,944,8,,NAN
8105,944,9,,NAN
8208,1098,0,0.043372115039578656,FINITE
8354,1098,1,0.033867832044085396,FINITE
8493,1098,2,0.02902469976741587,FINITE
8665,1098,3,0.025480401451275825,FINITE
8811,1098,4,0.02746422711017722,FINITE
9033,1138,3,0.02457604806504545,FINITE
9134,1138,4,,NAN
9232,1138,5,,NAN
9336,1138,6,,NAN
9460,1138,7,,NAN
9568,1138,8,,NAN
9677,1138,9,,NAN
9805,1278,0,,NAN
11007,1402,7,,NAN
11076,1402,8,,NAN
11140,1402,9,,NAN
11291,1529,0,,NAN
11376,1550,0,0,FINITE
11448,1567,0,0.022685377277357973,FINITE
11513,1567,1,0.02637903530914419,FINITE
11596,1567,2,0.028393867426263226,FINITE
11671,1567,3,0.026523402329171452,FINITE
11752,1567,4,0.026146888993232427,FINITE
11805,1567,5,0.02611191093049066,FINITE
11894,1567,6,0.026969103919554507,FINITE
11943,1567,7,0.027711733235973944,FINITE
12017,1567,8,0.027937213335435956,FINITE
12077,1567,9,0.027389534074277862,FINITE
12148,1640,0,0.018792687082137046,FINITE
13515,1852,2,0.02581369574776399,FINITE
13543,1852,3,0.026402693152116935,FINITE
13582,1852,4,0.02795332961929286,FINITE
13652,1852,5,0.1391243572098061,FINITE
13741,1852,6,,NAN
13842,1852,7,,NAN
15104,1969,3,,NAN
15389,1969,4,,NAN
15723,1969,5,,NAN
15936,1969,6,,NAN
16201,1969,7,,NAN
16430,1969,8,,NAN
20344,2961,8,,NAN
20361,2961,9,,NAN
20370,3003,0,0.03512224314489874,FINITE
20380,3003,1,0.02719064397255142,FINITE
20389,3003,2,,NAN
20402,3003,3,,NAN
20413,3003,4,,NAN
20426,3003,5,,NAN
20439,3003,6,,NAN
20453,3003,7,,NAN
20466,3003,8,,NAN
20480,3003,9,,NAN
20494,3023,0,0.04041899087486388,FINITE
20508,3023,1,,NAN
20522,3023,2,,NAN
20536,3023,3,,NAN
20550,3023,4,,NAN
20564,3023,5,,NAN
20578,3023,6,,NAN
20592,3023,7,,NAN
20606,3023,8,,NAN
20620,3023,9,,NAN
20634,3041,0,,NAN
20648,3043,0,0.021491849920553804,FINITE
20663,3043,1,,NAN
20677,3043,2,,NAN
20691,3043,3,,NAN
20704,3043,4,,NAN
20718,3043,5,,NAN
20729,3043,6,,NAN
20744,3059,0,,NAN
20752,3063,0,0.022876350625181417,FINITE
20770,3063,1,0.37319993657986367,FINITE
20791,3063,2,,NAN
20801,3063,3,,NAN
20812,3063,4,,NAN
20819,3063,5,,NAN
20841,3063,6,,NAN
20848,3063,7,,NAN
20854,3063,8,,NAN
20861,3063,9,,NAN
20885,3089,0,0.9831772367786998,FINITE
20890,3089,1,,NAN
20897,3089,2,,NAN
21324,3155,0,,NAN
21412,3337,0,0.5394091511753695,FINITE
21508,3337,1,0.517868354627674,FINITE
21596,3337,2,0.518777767044187,FINITE
21765,3322,4,,NAN
21847,3322,5,,NAN
21935,3322,6,,NAN
22014,3322,7,,NAN
22098,3322,8,,NAN
22194,3322,9,,NAN
22271,3454,0,0.0010211211481455584,FINITE
22383,3471,0,0.7114984564021496,FINITE
22476,3516,0,,NAN
22631,3541,0,,NAN
23754,3707,5,,NAN
23791,3707,6,,NAN
23840,3707,7,,NAN
23877,3707,8,,NAN
23916,3707,9,,NAN
23955,3796,0,,NAN
24006,3808,0,,NAN
24045,3818,0,0.030677574028546963,FINITE
24097,3818,1,0.03099801725596134,FINITE
24140,3818,2,0.031176832037989193,FINITE
24184,3818,3,0.030830970073120204,FINITE
24236,3818,4,0.03495860545141051,FINITE
24275,3818,5,0.03335418617179168,FINITE
24314,3818,6,0.03273596000982032,FINITE
24344,3818,7,0.033086236639370874,FINITE
24389,3818,8,0.03189396152711776,FINITE
24412,3843,6,,NAN
24421,3818,9,0.030189316024691538,FINITE
24453,3843,7,,NAN
24489,3843,8,,NAN
24537,3843,9,,NAN
24584,3918,0,,NAN
24597,3893,0,1.3984668975093981,FINITE
943,132,0,0,FINITE
944,133,0,0.0010211211481455584,FINITE
945,134,0,0.0029246901339921136,FINITE
1389,137,5,0.0014854422779001072,FINITE
1498,137,6,0.0017108553002621128,FINITE
1574,137,7,0.0017522774243906624,FINITE
1670,132,8,0,FINITE
1780,132,9,0,FINITE
1932,188,4,0.0023951954209679616,FINITE
2448,220,6,0.08718951149918164,FINITE
2581,220,7,0.0766737392410882,FINITE
2689,220,8,0.06838134958022178,FINITE
2809,357,0,,NAN
3100,371,3,,NAN
3187,371,4,,NAN
3261,371,5,,NAN
3354,371,6,,NAN
3450,371,7,,NAN
3533,371,8,,NAN
3593,414,8,,NAN
3663,414,9,,NAN
3741,501,0,0.020175305603230255,FINITE
3828,501,1,0.02700078222148088,FINITE
3914,501,2,0.0247605100469848,FINITE
3991,501,3,0.02427590209847536,FINITE
4488,514,9,,NAN
4564,612,0,0.026214307217665885,FINITE
4638,612,1,0.025183286849372134,FINITE
4713,612,2,0.026334839670875774,FINITE
4783,612,3,0.025744799631596198,FINITE
4858,612,4,0.024734634369993253,FINITE
5132,591,8,,NAN
5226,591,9,,NAN
5310,682,0,0.023758598150361396,FINITE
5379,682,1,0.026915645745645853,FINITE
5461,682,2,0.022091075364720655,FINITE
5517,682,3,0.02914119832775432,FINITE
5595,682,4,0.028213397132010272,FINITE
5655,682,5,0.02823339536597221,FINITE
5799,679,3,0.02184640573548763,FINITE
5961,679,4,,NAN
6085,679,5,,NAN
6238,679,6,,NAN
6366,679,7,,NAN
8008,990,9,0.023122374223331337,FINITE
8082,1082,0,0.029329159319766,FINITE
8158,1082,1,0.029968028229615057,FINITE
8239,1082,2,0.026012473082918347,FINITE
8303,1082,3,0.02989032514674547,FINITE
8371,1082,4,,NAN
8435,1082,5,,NAN
8504,1082,6,,NAN
8563,1082,7,,NAN
8640,1082,8,,NAN
8703,1082,9,,NAN
8764,1169,0,0.03712975063738183,FINITE
8833,1169,1,0.03307717057347352,FINITE
8900,1169,2,0.03660124759580326,FINITE
9034,1122,4,,NAN
9146,1122,5,,NAN
9240,1122,6,,NAN
9351,1122,7,,NAN
9491,1122,8,,NAN
9607,1122,9,,NAN
9875,1273,0,,NAN
11008,1448,3,0.0268277779695131,FINITE
11080,1448,4,0.027041100621515556,FINITE
11148,1448,5,0.027675950607041033,FINITE
11217,1448,6,0.029251536824176385,FINITE
11283,1448,7,0.027816562988811796,FINITE
11354,1448,8,0.027588200619762995,FINITE
11438,1448,9,0.02807647870773263,FINITE
11506,1574,0,,NAN
11585,1580,0,,NAN
11664,1589,0,,NAN
11753,1600,0,0.017355816239933566,FINITE
11819,1600,1,0.02171574007857871,FINITE
11897,1600,2,0.021127276402294972,FINITE
11951,1600,3,,NAN
12021,1600,4,,NAN
12084,1600,5,,NAN
12171,1600,6,,NAN
13516,1773,8,,NAN
13597,1773,9,,NAN
13631,1879,0,,NAN
13676,1885,0,0,FINITE
13780,1894,0,0.6782518709751415,FINITE
13811,1894,1,0.35253654072097845,FINITE
15118,1972,5,,NAN
15203,1972,6,,NAN
15318,1972,7,,NAN
15400,1972,8,,NAN
15555,1972,9,,NAN
15603,2184,0,0.0010211211481455584,FINITE
15648,2195,0,0,FINITE
15785,2206,0,,NAN
15821,2225,0,0,FINITE
15856,2233,0,0.025245776520636552,FINITE
15895,2233,1,,NAN
15926,2233,2,,NAN
15959,2233,3,,NAN
16000,2233,4,,NAN
16037,2233,5,,NAN
16078,2233,6,,NAN
16107,2233,7,,NAN
16156,2233,8,,NAN
16198,2233,9,,NAN
16232,2295,0,,NAN
16279,2299,0,,NAN
16320,2314,0,0,FINITE
16415,2329,0,,NAN
16437,2344,0,,NAN
16464,2349,0,0.03804792369309519,FINITE
16491,2349,1,0.029882365083575987,FINITE
16523,2349,2,0.024749545605354212,FINITE
20351,2965,6,,NAN
20392,2965,7,,NAN
20412,2965,8,,NAN
20432,2965,9,,NAN
20446,3013,0,0.0961913829681475,FINITE
20460,3013,1,0.060786915191580596,FINITE
20474,3013,2,0.05203110190836763,FINITE
20488,3013,3,0.046169730247901185,FINITE
20502,3013,4,0.04334817908578524,FINITE
20517,3013,5,0.06901420565674223,FINITE
20531,3013,6,,NAN
20545,3013,7,,NAN
20558,3013,8,,NAN
20572,3013,9,,NAN
20586,3034,0,0.048391214523305054,FINITE
20600,3034,1,,NAN
20614,3034,2,,NAN
20627,3034,3,,NAN
20641,3034,4,,NAN
20655,3034,5,,NAN
20669,3034,6,,NAN
20683,3034,7,,NAN
20697,3034,8,,NAN
20710,3034,9,,NAN
20723,3054,0,0.022408090676473796,FINITE
20733,3054,1,0.023797307155270522,FINITE
20742,3054,2,0.021042184107974652,FINITE
20750,3054,3,0.0233771232274713,FINITE
20760,3054,4,0.02515867625398891,FINITE
20767,3054,5,,NAN
20775,3054,6,,NAN
20783,3054,7,,NAN
20793,3054,8,,NAN
20800,3054,9,,NAN
20808,3071,0,0.015591190899952225,FINITE
20817,3074,0,0.16501538138140667,FINITE
20823,3074,1,0.1639559675491224,FINITE
20830,3074,2,0.16537555364667564,FINITE
20834,3074,3,,NAN
20840,3074,4,,NAN
20847,3074,5,,NAN
20856,3074,6,,NAN
20863,3074,7,,NAN
20867,3074,8,,NAN
946,70,6,0,FINITE
1390,180,4,0.0009551918164920007,FINITE
1494,180,5,0.0007959931804100007,FINITE
1560,180,6,0.0009740273393929307,FINITE
1671,140,8,0.0013306752384282497,FINITE
1774,140,9,0.0014018309439144758,FINITE
1933,187,4,0.0016060431683416199,FINITE
2449,243,6,0.0010013106752249066,FINITE
2559,243,7,0.001497004640855797,FINITE
2670,243,8,0.0013306707918718196,FINITE
2810,287,9,,NAN
3101,384,3,0.030759180145712703,FINITE
3189,384,4,,NAN
3267,384,5,,NAN
3359,384,6,,NAN
3456,384,7,,NAN
3535,384,8,,NAN
3594,415,8,,NAN
3669,415,9,,NAN
3752,504,0,0.01680312522772529,FINITE
3843,504,1,0.024214390145627013,FINITE
3923,504,2,,NAN
3992,504,3,,NAN
4489,590,0,0.021603291240313127,FINITE
4568,590,1,0.022235388350726505,FINITE
4653,590,2,0.024974464725498958,FINITE
4728,590,3,,NAN
4805,590,4,,NAN
5133,657,0,0.01642117853207895,FINITE
5218,657,1,0.016144828016457675,FINITE
5302,657,2,0.02249709653056235,FINITE
5373,657,3,0.021839309410260088,FINITE
5454,657,4,0.022178175847579796,FINITE
5533,657,5,0.022362382433394157,FINITE
5603,657,6,0.02303868703327397,FINITE
5670,657,7,0.023042023860133598,FINITE
5800,690,6,,NAN
5868,690,7,,NAN
5928,690,8,,NAN
6010,690,9,,NAN
6069,784,0,,NAN
6151,807,0,0.024534213176724846,FINITE
6233,807,1,0.024311213987675807,FINITE
6311,807,2,0.023950520313172647,FINITE
8009,1010,7,,NAN
8085,1010,8,,NAN
8159,1010,9,,NAN
8242,1103,0,0.02069589559931874,FINITE
8305,1103,1,,NAN
8365,1103,2,,NAN
8424,1103,3,,NAN
8499,1103,4,,NAN
8551,1103,5,,NAN
8620,1103,6,,NAN
8676,1103,7,,NAN
8746,1103,8,,NAN
9036,1119,4,,NAN
9136,1119,5,,NAN
9227,1119,6,,NAN
9339,1119,7,,NAN
9464,1119,8,,NAN
9584,1119,9,,NAN
9692,1272,0,,NAN
9811,1282,0,0,FINITE
11009,1417,4,,NAN
11103,1417,5,,NAN
11212,1417,6,,NAN
11315,1417,7,,NAN
11439,1417,8,,NAN
11538,1417,9,,NAN
11617,1584,0,,NAN
11682,1596,0,0.021716806474056785,FINITE
11750,1596,1,0.022503572337855444,FINITE
11820,1596,2,0.024346062246814834,FINITE
11899,1596,3,,NAN
11949,1596,4,,NAN
12022,1596,5,,NAN
12083,1596,6,,NAN
12162,1596,7,,NAN
13517,1834,4,0.02088912707531202,FINITE
13559,1834,5,0.023919048226248903,FINITE
13603,1834,6,0.024632502682276174,FINITE
13642,1834,7,0.026612089593773338,FINITE
13679,1834,8,0.02725425642619706,FINITE
13715,1834,9,0.0273459985666183,FINITE
13760,1901,0,0.027926381969971114,FINITE
13798,1901,1,0.022944550729526947,FINITE
13836,1901,2,,NAN
15151,1755,9,,NAN
15179,2136,0,0.03178264520567222,FINITE
15220,2136,1,0.029769196567377903,FINITE
15261,2136,2,0.028659218968641525,FINITE
15299,2136,3,0.029042661676398896,FINITE
15328,2136,4,0.03056684604314851,FINITE
15374,2136,5,0.032571855285740844,FINITE
15404,2136,6,0.031134840355097337,FINITE
15441,2136,7,0.030532608420370397,FINITE
15473,2136,8,0.029099330022642297,FINITE
15516,2136,9,0.028719207677179844,FINITE
15548,2176,0,,NAN
15578,2181,0,0.0020422322932905105,FINITE
15619,2189,0,0.030297649894433076,FINITE
15664,2189,1,0.023108512749022748,FINITE
15704,2189,2,0.023197892317586778,FINITE
15744,2189,3,0.021910677423725988,FINITE
15778,2189,4,0.02264362057276113,FINITE
15823,2189,5,0.0233911013728007,FINITE
15859,2189,6,0.025067274874838518,FINITE
15901,2189,7,0.023796345084263287,FINITE
15953,2189,8,0.023636280144799904,FINITE
15992,2189,9,0.022911371662959833,FINITE
16029,2274,0,0,FINITE
16066,2278,0,0.017026199591668303,FINITE
16106,2278,1,,NAN
16141,2278,2,,NAN
16175,2278,3,,NAN
16217,2278,4,,NAN
16252,2278,5,,NAN
16285,2278,6,,NAN
16338,2278,7,,NAN
16375,2278,8,,NAN
16417,2278,9,,NAN
16475,2345,0,0.021439519873172608,FINITE
16520,2345,1,0.024030425858914965,FINITE
20657,3028,8,,NAN
20670,3028,9,,NAN
20684,3045,0,0.027894391229525493,FINITE
20698,3045,1,0.02102526668281918,FINITE
20711,3045,2,,NAN
20724,3045,3,,NAN
20735,3045,4,,NAN
20745,3045,5,,NAN
20753,3045,6,,NAN
20762,3045,7,,NAN
20771,3045,8,,NAN
20778,3045,9,,NAN
20784,3066,0,0.17627939932489758,FINITE
20794,3066,1,0.18105468608095332,FINITE
20802,3066,2,0.1844344349457889,FINITE
20811,3066,3,0.1836106105306889,FINITE
20818,3066,4,,NAN
20824,3066,5,,NAN
20829,3066,6,,NAN
20833,3066,7,,NAN
20839,3066,8,,NAN
20845,3066,9,,NAN
20852,3083,0,0,FINITE
20860,3086,0,,NAN
20869,3088,0,0.6974499440508504,FINITE
20880,3088,1,1.0248818253991034,FINITE
20893,3088,2,,NAN
20899,3088,3,,NAN
20903,3088,4,,NAN
20911,3088,5,,NAN
20921,3088,6,,NAN
20928,3088,7,,NAN
21326,3160,0,0.6572806915374388,FINITE
21415,3160,1,0.3418168210277734,FINITE
947,136,0,0,FINITE
1391,126,5,0,FINITE
1495,126,6,0,FINITE
1568,126,7,0,FINITE
1672,182,7,0.0018148363142706327,FINITE
1773,182,8,0.0016131878349072292,FINITE
1938,202,4,0.0014018329447147483,FINITE
2450,221,6,0.08470783587142564,FINITE
2811,358,0,,NAN
3102,385,3,,NAN
3205,385,4,,NAN
3293,385,5,,NAN
3375,385,6,,NAN
3473,385,7,,NAN
3595,432,4,,NAN
3724,432,5,,NAN
3812,432,6,,NAN
3938,432,7,,NAN
4490,515,9,0.024828249863986237,FINITE
4567,613,0,0.029467802620207813,FINITE
4645,613,1,0.02888806564291275,FINITE
4718,613,2,0.025707163113030146,FINITE
4791,613,3,0.02700600498028507,FINITE
5134,636,5,0.026210571827222275,FINITE
5210,636,6,0.026364416991958545,FINITE
5299,636,7,0.026676477289346037,FINITE
5363,636,8,0.02585813257359483,FINITE
5439,636,9,0.025231185461082262,FINITE
5539,726,0,,NAN
5612,740,0,0.02427723579553129,FINITE
5678,740,1,0.034793000316998106,FINITE
5801,710,5,,NAN
5877,710,6,,NAN
5943,710,7,,NAN
6014,710,8,,NAN
6102,710,9,,NAN
6166,816,0,0.024138592495089265,FINITE
6235,816,1,,NAN
6322,816,2,,NAN
8010,1014,4,0.026539196746489184,FINITE
8123,1014,5,0.027652212769833758,FINITE
8226,1014,6,0.027315911883860042,FINITE
8363,1014,7,0.026650684532745144,FINITE
8495,1014,8,0.025798792965769035,FINITE
8644,1014,9,0.0264791765500423,FINITE
8794,1157,0,0.032969129356189654,FINITE
9037,1097,6,0.027133840219634952,FINITE
9141,1097,7,0.026556204038585107,FINITE
9238,1097,8,0.026837276470360272,FINITE
9349,1097,9,0.026024186206231863,FINITE
9485,1243,0,,NAN
9710,1263,0,,NAN
9844,1288,0,0,FINITE
11010,1405,8,,NAN
11066,1405,9,,NAN
11133,1515,0,0.022599064024297136,FINITE
11190,1515,1,0.0199512751084247,FINITE
11232,1515,2,0.028600860646828513,FINITE
11290,1515,3,0.0272516517222697,FINITE
11345,1515,4,0.02947640887356039,FINITE
11385,1515,5,0.028849018071846796,FINITE
11444,1515,6,0.0279561674936254,FINITE
11501,1515,7,,NAN
11560,1515,8,,NAN
11598,1515,9,,NAN
11658,1592,0,0.018983660429960157,FINITE
11704,1592,1,,NAN
11756,1592,2,,NAN
11818,1592,3,,NAN
11861,1592,4,,NAN
11940,1592,5,,NAN
12005,1592,6,,NAN
12055,1592,7,,NAN
12116,1592,8,,NAN
12165,1592,9,,NAN
13518,1820,2,0.6453374486362478,FINITE
13547,1820,3,0.48925946453908187,FINITE
13635,1820,4,,NAN
13682,1820,5,,NAN
13720,1820,6,,NAN
13820,1820,7,,NAN
16532,2259,6,,NAN
16614,2259,7,,NAN
16690,2259,8,,NAN
16758,2259,9,,NAN
16788,2398,0,,NAN
16839,2405,0,0.4679322998066923,FINITE
16874,2405,1,0.24649355148975288,FINITE
16909,2405,2,0.2584142030087127,FINITE
16943,2405,3,0.20524182594148233,FINITE
16976,2405,4,0.1722285982491178,FINITE
17008,2405,5,,NAN
17036,2405,6,,NAN
17069,2405,7,,NAN
17102,2405,8,,NAN
17141,2405,9,,NAN
17177,2450,0,0.02199409307494085,FINITE
17207,2450,1,,NAN
17237,2450,2,,NAN
17265,2450,3,,NAN
17298,2450,4,,NAN
17333,2450,5,,NAN
17363,2450,6,,NAN
17391,2450,7,,NAN
17426,2450,8,,NAN
17464,2450,9,,NAN
17494,2478,0,0,FINITE
17523,2485,0,0.0020422322932905105,FINITE
17598,2495,0,,NAN
17625,2516,0,0,FINITE
17648,2526,0,0,FINITE
17670,2533,0,,NAN
17707,2542,0,0.6325839938963027,FINITE
17742,2542,1,0.6621459973916273,FINITE
17778,2542,2,0.6634630387106181,FINITE
17823,2542,3,0.6715326440238719,FINITE
17855,2542,4,,NAN
17887,2542,5,,NAN
17921,2542,6,,NAN
20872,3074,9,,NAN
20875,3090,0,0.0071476379389763915,FINITE
20876,3091,0,0.036663583510147056,FINITE
20879,3091,1,0.026266030505491728,FINITE
20882,3091,2,0.02623746167432323,FINITE
20886,3091,3,0.024631500756235422,FINITE
20891,3091,4,,NAN
20896,3091,5,,NAN
20901,3091,6,,NAN
20904,3091,7,,NAN
20906,3091,8,,NAN
20910,3091,9,,NAN
20915,3094,0,0.4882762114883108,FINITE
20919,3094,1,0.4780667324963145,FINITE
20924,3094,2,,NAN
20932,3094,3,,NAN
20936,3094,4,,NAN
20940,3094,5,,NAN
20944,3094,6,,NAN
20950,3094,7,,NAN
20954,3094,8,,NAN
20958,3094,9,,NAN
20962,3101,0,0.030797870487287236,FINITE
20966,3101,1,0.3732750741326116,FINITE
20970,3101,2,0.2613659738751345,FINITE
20974,3101,3,0.2031362233978658,FINITE
20978,3101,4,0.17042953220553061,FINITE
20982,3101,5,0.2568247171502424,FINITE
20986,3101,6,0.22099089091783725,FINITE
20988,3101,7,,NAN
20992,3101,8,,NAN
20995,3101,9,,NAN
20998,3111,0,,NAN
21005,3112,0,1.351240812222312,FINITE
21009,3112,1,1.3391982734277903,FINITE
21013,3112,2,,NAN
21328,3143,0,,NAN
21429,3339,0,0.3404084406618566,FINITE
21520,3339,1,0.24615970976671725,FINITE
948,137,0,0,FINITE
1392,138,5,0.001508566169477375,FINITE
1499,138,6,0.0018567397552854117,FINITE
1569,138,7,0.0016246472858747352,FINITE
1673,137,8,0.0016710378381412064,FINITE
1772,137,9,0.0017081572836561369,FINITE
1939,275,0,0.36999628255284556,FINITE
2451,288,5,,NAN
2550,288,6,,NAN
2643,288,7,,NAN
2722,288,8,,NAN
2812,323,1,,NAN
3103,341,4,,NAN
3200,341,5,,NAN
3288,341,6,,NAN
3387,341,7,,NAN
3490,341,8,,NAN
3596,433,7,,NAN
3668,433,8,,NAN
3747,433,9,,NAN
3834,528,0,,NAN
3909,537,0,0.04468840845360693,FINITE
3981,537,1,0.034205535523685104,FINITE
4491,592,0,0.016007120801278325,FINITE
4563,592,1,0.021413174416473547,FINITE
4649,592,2,0.023832759117503224,FINITE
4727,592,3,,NAN
4798,592,4,,NAN
5135,650,3,0.0217323882780141,FINITE
5196,650,4,0.022054444272218317,FINITE
5267,650,5,,NAN
5335,650,6,,NAN
5410,650,7,,NAN
5479,650,8,,NAN
5548,650,9,,NAN
5613,744,0,0.020634720437012165,FINITE
5684,744,1,,NAN
5802,668,7,,NAN
5880,668,8,,NAN
5947,668,9,,NAN
6033,773,0,,NAN
6132,791,0,0.030245319847052102,FINITE
6204,791,1,0.03660075249265233,FINITE
6287,791,2,0.03086639769531689,FINITE
6380,791,3,0.02952834024055457,FINITE
8011,992,6,,NAN
8122,992,7,,NAN
8209,992,8,,NAN
8355,992,9,,NAN
8485,1122,0,0.02179426458813636,FINITE
8632,1122,1,,NAN
8778,1122,2,,NAN
8915,1122,3,,NAN
9038,1052,9,,NAN
9207,1199,0,0.4095348332618715,FINITE
9443,1199,1,0.4578198015326673,FINITE
9602,1199,2,,NAN
11011,1404,8,,NAN
11069,1404,9,,NAN
11134,1516,0,0.022210194489462563,FINITE
11188,1516,1,,NAN
11229,1516,2,,NAN
11285,1516,3,,NAN
11347,1516,4,,NAN
11396,1516,5,,NAN
11459,1516,6,,NAN
11511,1516,7,,NAN
11571,1516,8,,NAN
11624,1516,9,,NAN
11681,1599,0,0.02723316546776106,FINITE
11735,1599,1,0.026445458524256185,FINITE
11803,1599,2,0.025088341506435543,FINITE
11848,1599,3,,NAN
11915,1599,4,,NAN
11976,1599,5,,NAN
12031,1599,6,,NAN
12099,1599,7,,NAN
12153,1599,8,,NAN
13519,1844,1,0.7853138336504613,FINITE
13565,1844,2,,NAN
13623,1844,3,,NAN
13728,1844,4,,NAN
13768,1844,5,,NAN
13826,1844,6,,NAN
16533,2351,2,0.028410292062465675,FINITE
16568,2351,3,0.02452218517289837,FINITE
16605,2351,4,0.02487107559132811,FINITE
16643,2351,5,0.023696575690880236,FINITE
16684,2351,6,0.025754243983679686,FINITE
16717,2351,7,0.024507734016691658,FINITE
16746,2351,8,0.025414527757778242,FINITE
16780,2351,9,0.024139764097637732,FINITE
16814,2403,0,,NAN
16853,2408,0,0.019801882216354254,FINITE
16886,2408,1,,NAN
16923,2408,2,,NAN
16956,2408,3,,NAN
16986,2408,4,,NAN
17020,2408,5,,NAN
17053,2408,6,,NAN
17086,2408,7,,NAN
17123,2408,8,,NAN
17158,2408,9,,NAN
17194,2453,0,0.0224061483516206,FINITE
17226,2453,1,0.019137312926228445,FINITE
17254,2453,2,0.02128333967378627,FINITE
17286,2453,3,0.022204627235277823,FINITE
17326,2453,4,0.02289604307261481,FINITE
17357,2453,5,0.024942810216253445,FINITE
17385,2453,6,0.025364180008830322,FINITE
17416,2453,7,0.024897469160351,FINITE
17452,2453,8,0.026057781126891263,FINITE
17487,2453,9,0.026475842714988523,FINITE
17516,2483,0,,NAN
17587,2493,0,,NAN
17610,2513,0,0.04263088470438227,FINITE
17636,2513,1,0.04770330567194568,FINITE
17662,2513,2,,NAN
17685,2513,3,,NAN
17708,2513,4,,NAN
17733,2513,5,,NAN
17757,2513,6,,NAN
17780,2513,7,,NAN
17806,2513,8,,NAN
17837,2513,9,,NAN
17859,2581,0,0.023672284897300555,FINITE
17883,2581,1,0.017893217478163907,FINITE
17904,2581,2,0.022552478681942028,FINITE
17933,2581,3,0.023619166019373687,FINITE
17960,2581,4,0.022664336241402596,FINITE
17983,2581,5,0.023760754545619694,FINITE
18008,2581,6,0.024304185979282644,FINITE
18035,2581,7,,NAN
18061,2581,8,,NAN
18083,2581,9,,NAN
18110,2608,0,,NAN
18135,2615,0,,NAN
18155,2619,0,0.023981602352945903,FINITE
18175,2619,1,0.02730443444782217,FINITE
18197,2619,2,0.026168052665176394,FINITE
20917,3092,7,,NAN
20922,3092,8,,NAN
20926,3092,9,,NAN
20930,3097,0,0.03308276495703171,FINITE
20934,3097,1,0.028445870401927857,FINITE
20938,3097,2,0.03194058382811563,FINITE
20942,3097,3,0.03494223742455038,FINITE
20946,3097,4,0.033410889042668736,FINITE
20949,3097,5,0.032976492823927624,FINITE
20953,3097,6,,NAN
20957,3097,7,,NAN
20961,3097,8,,NAN
20965,3097,9,,NAN
20968,3102,0,,NAN
20972,3103,0,,NAN
20975,3104,0,0,FINITE
20979,3105,0,,NAN
20983,3106,0,,NAN
20987,3107,0,0.031423120578137995,FINITE
20989,3107,1,0.029839559598187296,FINITE
949,98,6,0,FINITE
1393,141,5,0.001021117813812023,FINITE
1509,141,6,0.0011669913108803781,FINITE
1584,141,7,0.001386703663769345,FINITE
1674,129,8,0,FINITE
1779,129,9,0,FINITE
1940,226,2,0.2093692996132274,FINITE
2452,264,6,0.0011669913108803783,FINITE
2549,264,7,0.001021117397020331,FINITE
2656,264,8,0.0009076599084625165,FINITE
2813,336,0,,NAN
3104,311,3,,NAN
3232,311,4,,NAN
3360,311,5,,NAN
3481,311,6,,NAN
3597,418,8,,NAN
3675,418,9,,NAN
3758,506,0,0.021334859778410327,FINITE
3840,506,1,,NAN
3924,506,2,,NAN
3994,506,3,,NAN
4492,533,4,0.02438505785384156,FINITE
4635,533,5,0.026050676434447,FINITE
4795,533,6,,NAN
5136,603,8,,NAN
5232,603,9,,NAN
5303,684,0,0.02135320662011176,FINITE
5374,684,1,0.020929064435803633,FINITE
5460,684,2,0.022394431935372217,FINITE
5557,684,3,0.020810686663694043,FINITE
5623,684,4,0.023254636312885317,FINITE
5691,684,5,0.025218185242710744,FINITE
5803,741,1,0.02240362801776474,FINITE
5972,741,2,0.019948578628736054,FINITE
6080,741,3,0.019568705778600023,FINITE
6202,741,4,0.02067639126691894,FINITE
6346,741,5,0.021019620222413448,FINITE
8012,1045,2,,NAN
8092,1045,3,,NAN
8167,1045,4,,NAN
8246,1045,5,,NAN
8301,1045,6,,NAN
8372,1045,7,,NAN
8441,1045,8,,NAN
8511,1045,9,,NAN
8571,1149,0,0.03911887112350418,FINITE
8636,1149,1,0.036722655206798585,FINITE
8693,1149,2,0.03352229764913587,FINITE
8757,1149,3,0.02791500798659079,FINITE
8821,1149,4,,NAN
8889,1149,5,,NAN
9039,1055,5,,NAN
9378,1055,6,,NAN
9497,1055,7,,NAN
9631,1055,8,,NAN
9714,1055,9,,NAN
9764,1290,0,0.019172731547143253,FINITE
9820,1290,1,0.02081657613549923,FINITE
9870,1290,2,0.021751035706972646,FINITE
11012,1451,3,0.03284971762450238,FINITE
11067,1451,4,0.03267123696811375,FINITE
11136,1451,5,0.03341577483379011,FINITE
11194,1451,6,0.034633494320327654,FINITE
11277,1451,7,,NAN
11341,1451,8,,NAN
11424,1451,9,,NAN
11485,1572,0,0.02014323465023749,FINITE
11557,1572,1,0.022485554431741633,FINITE
11630,1572,2,0.023221424853446925,FINITE
11693,1572,3,,NAN
11758,1572,4,,NAN
11823,1572,5,,NAN
11902,1572,6,,NAN
11945,1572,7,,NAN
12023,1572,8,,NAN
12085,1572,9,,NAN
12167,1643,0,0.0020422322932905105,FINITE
13521,1750,3,,NAN
13699,1750,4,,NAN
16534,2213,2,,NAN
20925,3096,1,0.0258192243957078,FINITE
20929,3096,2,,NAN
20933,3096,3,,NAN
20937,3096,4,,NAN
20941,3096,5,,NAN
20945,3096,6,,NAN
20947,3096,7,,NAN
20952,3096,8,,NAN
20956,3096,9,,NAN
20960,3100,0,0.030625243981165444,FINITE
20964,3100,1,,NAN
20967,3100,2,,NAN
20971,3100,3,,NAN
20976,3100,4,,NAN
20980,3100,5,,NAN
20984,3100,6,,NAN
20990,3100,7,,NAN
20996,3100,8,,NAN
21000,3100,9,,NAN
21010,3113,0,1.40657684874764,FINITE
21011,3113,1,1.3900100335769972,FINITE
21014,3113,2,,NAN
21016,3113,3,,NAN
21018,3113,4,,NAN
21020,3113,5,,NAN
21022,3113,6,,NAN
21024,3113,7,,NAN
21026,3113,8,,NAN
21028,3113,9,,NAN
21030,3115,0,0.02714884467993403,FINITE
21032,3115,1,,NAN
21034,3115,2,,NAN
21036,3115,3,,NAN
21038,3115,4,,NAN
21040,3115,5,,NAN
21042,3115,6,,NAN
21044,3115,7,,NAN
21046,3115,8,,NAN
21048,3115,9,,NAN
21051,3119,0,0.6590322555332302,FINITE
21053,3119,1,0.6855157723366412,FINITE
21055,3119,2,0.46844202115390704,FINITE
21057,3119,3,0.5220126558137235,FINITE
21059,3119,4,0.5592388923119263,FINITE
21061,3119,5,0.5791552183803369,FINITE
21062,3119,6,0.5000574347651658,FINITE
21065,3119,7,0.5217043818229904,FINITE
21067,3119,8,,NAN
21069,3119,9,,NAN
21071,3122,0,0.014101959953264107,FINITE
21073,3123,0,0.2169901988058565,FINITE
21075,3123,1,,NAN
21077,3123,2,,NAN
21079,3123,3,,NAN
21081,3123,4,,NAN
21083,3123,5,,NAN
21085,3123,6,,NAN
21087,3123,7,,NAN
21089,3123,8,,NAN
21090,3123,9,,NAN
21093,3127,0,0.024829846619310335,FINITE
21094,3127,1,0.028653875478979015,FINITE
21096,3127,2,0.031185134855592992,FINITE
21098,3127,3,,NAN
21332,3176,0,0.7070525799852949,FINITE
21533,3176,1,,NAN
21617,3176,2,,NAN
21766,3202,6,,NAN
21963,3202,7,,NAN
22052,3202,8,,NAN
22131,3202,9,,NAN
22192,3449,0,0.020695895599318843,FINITE
22275,3449,1,0.021923795250265457,FINITE
22358,3449,2,0.019518817900981485,FINITE
22477,3493,0,,NAN
22529,3540,0,0.03573121913621487,FINITE
22599,3540,1,0.03484356786658731,FINITE
22643,3540,2,,NAN
22699,3540,3,,NAN
22883,3540,4,,NAN
22927,3540,5,,NAN
22983,3540,6,,NAN
950,96,6,,NAN
1394,132,5,0,FINITE
1500,132,6,0,FINITE
1570,132,7,0,FINITE
1675,145,8,0.0033081813625609417,FINITE
1784,145,9,0.003385805683362414,FINITE
1947,223,2,0.20550805814569487,FINITE
2453,267,6,0.0007095646338978789,FINITE
2551,267,7,0.0006208690546606441,FINITE
2645,267,8,0.0006653415094923012,FINITE
2727,267,9,0.0010816292685260599,FINITE
2814,345,0,,NAN
3105,422,2,0.028815332373160436,FINITE
3194,422,3,0.029116590103257636,FINITE
3280,422,4,0.027757627567288723,FINITE
3364,422,5,0.029013834581244003,FINITE
3467,422,6,0.02821114368341152,FINITE
3598,416,8,,NAN
3673,416,9,,NAN
3759,505,0,0.037407037238265786,FINITE
3842,505,1,0.03520174447111827,FINITE
3926,505,2,,NAN
4010,505,3,,NAN
4493,580,1,0.03521875615124864,FINITE
4565,580,2,0.030239159333496645,FINITE
4637,580,3,,NAN
4692,580,4,,NAN
4748,580,5,,NAN
4822,580,6,,NAN
5137,640,2,0.02168117543028834,FINITE
5257,640,3,0.021724744016340957,FINITE
5436,640,4,0.023217898416937516,FINITE
5568,640,5,0.02321558617221346,FINITE
5728,640,6,0.023312686590452242,FINITE
5804,662,4,,NAN
5957,662,5,,NAN
6076,662,6,,NAN
6223,662,7,,NAN
6354,662,8,,NAN
8013,899,9,,NAN
8136,1083,0,,NAN
8251,1101,0,0.026207384378477888,FINITE
8390,1101,1,0.023242766155616275,FINITE
8535,1101,2,0.023846778494681992,FINITE
8689,1101,3,0.024286934863140635,FINITE
8839,1101,4,0.02151494446315987,FINITE
9040,1049,9,,NAN
9243,1200,0,0.4483127895090513,FINITE
9537,1200,1,,NAN
9777,1200,2,,NAN
11013,1469,0,,NAN
11083,1498,0,0,FINITE
11144,1520,0,0.02356762480253828,FINITE
11204,1520,1,0.02403490857578628,FINITE
11273,1520,2,0.030994394052894125,FINITE
11342,1520,3,0.02815145670320779,FINITE
11423,1520,4,0.027930002279600564,FINITE
11483,1520,5,0.027280657299721633,FINITE
11556,1520,6,0.026055759661058,FINITE
11694,1520,7,,NAN
11751,1520,8,,NAN
11875,1520,9,,NAN
11933,1621,0,0.031784687836437425,FINITE
11984,1621,1,,NAN
12059,1621,2,,NAN
12132,1621,3,,NAN
13522,1851,1,0.3654719671514582,FINITE
13555,1851,2,0.25187226359336107,FINITE
13596,1851,3,0.19560950031172464,FINITE
13628,1851,4,,NAN
16535,2332,5,,NAN
16571,2332,6,,NAN
16604,2332,7,,NAN
16638,2332,8,,NAN
16677,2332,9,,NAN
16715,2390,0,0.08056579161544249,FINITE
16744,2390,1,0.053001270741951184,FINITE
16778,2390,2,,NAN
16804,2390,3,,NAN
16847,2390,4,,NAN
16882,2390,5,,NAN
16917,2390,6,,NAN
16950,2390,7,,NAN
16982,2390,8,,NAN
17014,2390,9,,NAN
17043,2439,0,0.020634720437011946,FINITE
17074,2439,1,0.017974312368040053,FINITE
17103,2439,2,0.016978258179792535,FINITE
17137,2439,3,0.017741128500744455,FINITE
17173,2439,4,0.01890642776110322,FINITE
17205,2439,5,0.022459672230760824,FINITE
17236,2439,6,0.022936911872424248,FINITE
17269,2439,7,,NAN
17300,2439,8,,NAN
17337,2439,9,,NAN
17371,2466,0,0.014570219901971507,FINITE
17399,2466,1,,NAN
17435,2466,2,,NAN
17473,2466,3,,NAN
17503,2466,4,,NAN
17693,2490,0,1.338077555497636,FINITE
20969,3099,5,0.24947692957927825,FINITE
20973,3099,6,0.30932115537963994,FINITE
20977,3099,7,0.27392225675351867,FINITE
20981,3099,8,0.24562655567322153,FINITE
20985,3099,9,0.2251228495491988,FINITE
20991,3108,0,,NAN
20994,3109,0,0,FINITE
21001,3110,0,1.4054149274305368,FINITE
21333,3181,0,0.6814854295861588,FINITE
21424,3181,1,0.3589493934309566,FINITE
21767,3345,4,,NAN
21862,3345,5,,NAN
21936,3345,6,,NAN
22036,3345,7,,NAN
22125,3345,8,,NAN
22209,3345,9,,NAN
22280,3456,0,0,FINITE
22376,3472,0,0.42709794306733573,FINITE
22478,3513,0,,NAN
22549,3542,0,0.03239159108558664,FINITE
22619,3542,1,0.024597358156655855,FINITE
22689,3542,2,,NAN
22760,3542,3,,NAN
22826,3542,4,,NAN
22996,3542,5,,NAN
23157,3542,6,,NAN
23244,3542,7,,NAN
23312,3542,8,,NAN
23409,3542,9,,NAN
23488,3701,0,0.03950740839594924,FINITE
23555,3701,1,0.030612107435002957,FINITE
23638,3701,2,0.031231051246233394,FINITE
23698,3701,3,0.034668475599620496,FINITE
23755,3735,0,,NAN
23847,3762,0,0.03244187850220273,FINITE
23938,3762,1,0.02677589086355504,FINITE
23993,3762,2,0.024425724741111567,FINITE
24059,3762,3,0.0234716891423982,FINITE
24120,3762,4,0.022601812059999022,FINITE
24176,3762,5,0.02328193791106138,FINITE
24238,3762,6,0.02419748201595032,FINITE
24307,3762,7,0.02474574836022835,FINITE
24369,3762,8,0.025432841981151994,FINITE
24428,3795,3,0.5482701181972469,FINITE
24439,3762,9,0.024476405533120436,FINITE
24521,3896,0,,NAN
24541,3795,4,0.5813178403738787,FINITE
24596,3914,0,,NAN
24627,3795,5,,NAN
24640,3930,0,0.024588505602095117,FINITE
24691,3930,1,0.026887200369843767,FINITE
24730,3795,6,,NAN
24739,3930,2,0.028262757448547945,FINITE
951,142,0,0.0020422322932905105,FINITE
1395,129,5,0,FINITE
1501,129,6,0,FINITE
1573,129,7,0,FINITE
1676,133,8,0.0019169363690388337,FINITE
1782,133,9,0.0017252427321349504,FINITE
1951,231,2,,NAN
2054,231,3,,NAN
2454,247,6,0.0008554319383466085,FINITE
2547,247,7,0.0012590560173752405,FINITE
2658,247,8,0.0011191609043335472,FINITE
2733,247,9,0.0010072448139001925,FINITE
2815,361,0,0,FINITE
3106,421,2,0.027850608580233294,FINITE
3207,421,3,0.02752393740165776,FINITE
3290,421,4,0.03002374286254874,FINITE
3376,421,5,0.026983874620584266,FINITE
3476,421,6,0.02669596252046542,FINITE
3599,321,9,,NAN
3656,480,0,0.037106573777964585,FINITE
3720,480,1,0.030915880151256327,FINITE
3809,480,2,0.02426208533367535,FINITE
3880,480,3,0.023578022281814874,FINITE
3956,480,4,0.024828295814597078,FINITE
4494,485,7,,NAN
4589,485,8,,NAN
4665,485,9,,NAN
4731,637,0,0.030402309989195346,FINITE
4800,637,1,0.029770247980568956,FINITE
4865,637,2,,NAN
5138,602,8,0.022101790922853654,FINITE
5233,602,9,0.022193111223130634,FINITE
5313,685,0,,NAN
5384,709,0,0.028990607303885578,FINITE
5468,709,1,0.031309484978302826,FINITE
5554,709,2,0.029543499286123556,FINITE
5624,709,3,0.02993100044706091,FINITE
5695,709,4,0.026665114144517627,FINITE
5805,758,0,0.0194500181480271,FINITE
5978,758,1,0.026192582149268555,FINITE
6090,758,2,,NAN
6254,758,3,,NAN
6375,758,4,,NAN
8014,1030,3,0.023117231395071394,FINITE
8133,1030,4,0.024691147363950068,FINITE
8266,1030,5,0.024673713340642726,FINITE
8420,1030,6,,NAN
8555,1030,7,,NAN
8707,1030,8,,NAN
8838,1030,9,,NAN
9042,1095,6,,NAN
9156,1095,7,,NAN
9260,1095,8,,NAN
9368,1095,9,,NAN
9558,1247,0,0.8897090807252488,FINITE
9691,1247,1,0.5792280525133056,FINITE
9874,1247,2,0.6323213528696431,FINITE
11014,1382,9,0.002858927999269639,FINITE
11077,1499,0,0,FINITE
11211,1518,0,,NAN
11266,1539,0,0.027649095369087048,FINITE
11328,1539,1,0.02525829041511347,FINITE
11381,1539,2,0.022687790139327913,FINITE
11430,1539,3,0.0233272867346551,FINITE
11492,1539,4,0.022939267352882407,FINITE
11550,1539,5,0.023176647635500692,FINITE
11610,1539,6,0.023503103377412925,FINITE
11668,1539,7,,NAN
11724,1539,8,,NAN
11792,1539,9,,NAN
11842,1614,0,0.0361110930896944,FINITE
11906,1614,1,0.029355078556995658,FINITE
11977,1614,2,0.0298414472824448,FINITE
12032,1614,3,0.02638286566215318,FINITE
12097,1614,4,0.02749095875709846,FINITE
12146,1614,5,0.0263353410140615,FINITE
13523,1816,6,,NAN
13560,1816,7,,NAN
13599,1816,8,,NAN
13643,1816,9,,NAN
13685,1887,0,0.0029246901339921136,FINITE
13734,1895,0,,NAN
13774,1904,0,,NAN
13807,1906,0,,NAN
13849,1915,0,,NAN
16536,2294,8,,NAN
16566,2294,9,,NAN
16602,2375,0,0.029413460044399792,FINITE
16683,2375,1,,NAN
16747,2375,2,,NAN
16776,2375,3,,NAN
16803,2375,4,,NAN
16842,2375,5,,NAN
16905,2375,6,,NAN
16933,2375,7,,NAN
16971,2375,8,,NAN
16997,2375,9,,NAN
17031,2436,0,0.02016838276404236,FINITE
17059,2436,1,0.023978060716785828,FINITE
17093,2436,2,0.025568479290226587,FINITE
17125,2436,3,0.022901318605229107,FINITE
17160,2436,4,0.02071615623590031,FINITE
17195,2436,5,,NAN
17222,2436,6,,NAN
17251,2436,7,,NAN
17280,2436,8,,NAN
17319,2436,9,,NAN
17353,2464,0,0.013635552140024161,FINITE
17381,2464,1,0.023029541900262678,FINITE
17410,2464,2,0.022407746449517162,FINITE
17446,2464,3,0.019751943189828345,FINITE
17480,2464,4,0.02112582092079416,FINITE
17509,2464,5,0.02362336628227757,FINITE
17543,2464,6,0.022668852317404658,FINITE
17572,2464,7,0.021749483815112595,FINITE
17590,2464,8,0.022658880062376572,FINITE
17615,2464,9,,NAN
17643,2522,0,0.16379067872084682,FINITE
17672,2522,1,,NAN
17700,2522,2,,NAN
17723,2522,3,,NAN
17749,2522,4,,NAN
17776,2522,5,,NAN
17801,2522,6,,NAN
17831,2522,7,,NAN
17854,2522,8,,NAN
17880,2522,9,,NAN
17900,2590,0,0.013135151105080525,FINITE
17927,2590,1,0.018403718001190485,FINITE
17953,2590,2,0.017916401510182728,FINITE
17979,2590,3,,NAN
18003,2590,4,,NAN
18029,2600,0,0.0010211211481455584,FINITE
18057,2603,0,0.024909237033183183,FINITE
18081,2603,1,0.03251177433914082,FINITE
18105,2603,2,0.0300700241041163,FINITE
18126,2603,3,0.031891194875808423,FINITE
18148,2603,4,0.029899537478362458,FINITE
18169,2603,5,0.028420533273232716,FINITE
18190,2603,6,0.028446707133839167,FINITE
20993,3107,2,0.03086308588242821,FINITE
20997,3107,3,0.03226546695240209,FINITE
20999,3107,4,0.03035991502686953,FINITE
21002,3107,5,,NAN
21003,3107,6,,NAN
21004,3107,7,,NAN
21006,3107,8,,NAN
21007,3107,9,,NAN
21008,3114,0,0.6797073518283412,FINITE
21012,3114,1,0.6790014627532484,FINITE
21015,3114,2,,NAN
21017,3114,3,,NAN
21019,3114,4,,NAN
21021,3114,5,,NAN
952,141,0,0,FINITE
1396,181,2,0.0020422322932905105,FINITE
1527,181,3,0.0020075714681800022,FINITE
1677,134,8,0.0016556319155364688,FINITE
1786,134,9,0.0014900687239828218,FINITE
1953,20,3,,NAN
2455,20,4,,NAN
2816,334,0,,NAN
3107,392,3,0.01807369342600796,FINITE
3197,392,4,0.021009584402559678,FINITE
3275,392,5,0.02142153892704597,FINITE
3363,392,6,0.02222378504403705,FINITE
3464,392,7,0.023173620301849628,FINITE
3600,341,9,,NAN
3737,481,0,,NAN
3819,525,0,0.02650795822510495,FINITE
3896,525,1,,NAN
3974,525,2,,NAN
4495,537,8,0.023166979577844457,FINITE
4581,537,9,0.022409400710055236,FINITE
4667,630,0,0.03460372589097706,FINITE
4752,630,1,,NAN
4819,630,2,,NAN
5139,567,6,0.02772799364574442,FINITE
5261,567,7,0.02806653108938577,FINITE
5441,567,8,0.02822578022361631,FINITE
5559,567,9,0.02707828171928909,FINITE
5710,746,0,0,FINITE
5806,674,7,0.026383465414506622,FINITE
5882,674,8,0.02557645831286834,FINITE
5946,674,9,0.026136794199874885,FINITE
6030,772,0,,NAN
6114,790,0,0.02618032401198624,FINITE
6190,790,1,0.02394759909312499,FINITE
6264,790,2,0.026963883296740248,FINITE
6348,790,3,0.022913793060227727,FINITE
8015,1026,5,0.024800983572473238,FINITE
8079,1026,6,,NAN
8151,1026,7,,NAN
8221,1026,8,,NAN
8283,1026,9,,NAN
8350,1108,0,0.019813618001972004,FINITE
8415,1108,1,0.018239049964627576,FINITE
8484,1108,2,0.02273749677131903,FINITE
8538,1108,3,0.020475093125340637,FINITE
8597,1108,4,0.021242318300514717,FINITE
8654,1108,5,0.02197888298742272,FINITE
8710,1108,6,0.02224032482448005,FINITE
8770,1108,7,0.022609465030576963,FINITE
8830,1108,8,0.024168995212562345,FINITE
8892,1108,9,0.024034303516600793,FINITE
9043,1143,3,0.032579801534206886,FINITE
9154,1143,4,0.02975645531413989,FINITE
9268,1143,5,0.029762947218457615,FINITE
9383,1143,6,,NAN
9526,1143,7,,NAN
9633,1143,8,,NAN
9735,1143,9,,NAN
9850,1294,0,0.028671928519562684,FINITE
11015,1420,6,0.021992713887423052,FINITE
11078,1420,7,0.021702996489186416,FINITE
11143,1420,8,0.022038026177650143,FINITE
11213,1420,9,0.022173723389526768,FINITE
11287,1540,0,0.41454586384531444,FINITE
11378,1540,1,,NAN
11449,1540,2,,NAN
11520,1540,3,,NAN
11612,1540,4,,NAN
11697,1540,5,,NAN
11780,1540,6,,NAN
11882,1540,7,,NAN
11958,1540,8,,NAN
12037,1540,9,,NAN
12101,1636,0,0.025791454477151782,FINITE
12183,1636,1,,NAN
13524,1854,2,0.036201163012183575,FINITE
13556,1854,3,0.030655246968055334,FINITE
13593,1854,4,0.029618344189272155,FINITE
13636,1854,5,0.028673223348937783,FINITE
13677,1854,6,0.028369037708508266,FINITE
13719,1854,7,0.028022968136110774,FINITE
13757,1854,8,0.026255321683101473,FINITE
13801,1854,9,,NAN
13835,1913,0,0.013601568934344513,FINITE
16537,2363,0,,NAN
16575,2370,0,0.03261450500832441,FINITE
16624,2370,1,0.02844587040192791,FINITE
16666,2370,2,0.028982029101028234,FINITE
16721,2370,3,0.027373205320000187,FINITE
16774,2370,4,0.026158739570546263,FINITE
16821,2370,5,0.02703613640514488,FINITE
16867,2370,6,0.027103191446508617,FINITE
16925,2370,7,0.025815683169160702,FINITE
16978,2370,8,0.026617322251437356,FINITE
17041,2370,9,0.02763900174577328,FINITE
17106,2441,0,0.03238954845482165,FINITE
17159,2441,1,,NAN
17220,2441,2,,NAN
17288,2441,3,,NAN
17342,2441,4,,NAN
17406,2441,5,,NAN
17463,2441,6,,NAN
17527,2441,7,,NAN
17556,2441,8,,NAN
17592,2441,9,,NAN
17743,2514,0,,NAN
17784,2559,0,0.0307115572342265,FINITE
17830,2559,1,0.027261242715984492,FINITE
17872,2559,2,0.026211936082056197,FINITE
17922,2559,3,0.025710591788154314,FINITE
17962,2559,4,0.026345662872348064,FINITE
18011,2559,5,0.025767120443678054,FINITE
18048,2559,6,0.02501438886776796,FINITE
18104,2559,7,0.02471136511682894,FINITE
18153,2559,8,0.02506782000726828,FINITE
21023,3114,6,,NAN
21025,3114,7,,NAN
21027,3114,8,,NAN
21029,3114,9,,NAN
21031,3116,0,,NAN
21033,3117,0,,NAN
21035,3118,0,0.19115126159392837,FINITE
21037,3118,1,0.18581706512144633,FINITE
21039,3118,2,0.17243721004492765,FINITE
21041,3118,3,0.17442994993730482,FINITE
21043,3118,4,,NAN
21045,3118,5,,NAN
21047,3118,6,,NAN
21049,3118,7,,NAN
21050,3118,8,,NAN
21052,3118,9,,NAN
21054,3120,0,,NAN
21056,3121,0,0.03929149762962607,FINITE
21058,3121,1,0.022544228902604477,FINITE
21060,3121,2,0.2557160840309722,FINITE
21063,3121,3,,NAN
21064,3121,4,,NAN
21066,3121,5,,NAN
21068,3121,6,,NAN
21070,3121,7,,NAN
21072,3121,8,,NAN
21074,3121,9,,NAN
21076,3124,0,,NAN
21078,3125,0,0.0010211211481455584,FINITE
21080,3126,0,0.021932907888578723,FINITE
21082,3126,1,0.34734025046462785,FINITE
21084,3126,2,0.23650933581070377,FINITE
21086,3126,3,0.34915533355988604,FINITE
21088,3126,4,,NAN
21091,3126,5,,NAN
21092,3126,6,,NAN
21095,3126,7,,NAN
21097,3126,8,,NAN
21099,3126,9,,NAN
953,139,0,0,FINITE
1397,140,5,0.0016556408087606226,FINITE
1502,140,6,0.0017108681636934639,FINITE
1572,140,7,0.0014970096432317809,FINITE
1678,124,8,0,FINITE
1787,124,9,0,FINITE
1959,191,4,0.0011698820557974933,FINITE
2456,188,8,0.002124863902872775,FINITE
2583,188,9,0.0019123775125854975,FINITE
2818,292,9,0.001749585076957453,FINITE
3108,319,3,0.021782682470471187,FINITE
3252,319,4,0.022509432100515616,FINITE
3384,319,5,0.02257930686252343,FINITE
3505,319,6,0.023554912986968442,FINITE
3601,378,6,,NAN
3674,378,7,,NAN
3854,378,8,,NAN
3941,378,9,,NAN
4496,591,0,0.01451096701540209,FINITE
4580,591,1,0.017768239631493155,FINITE
4646,591,2,,NAN
4725,591,3,,NAN
4814,591,4,,NAN
5140,599,8,,NAN
5223,599,9,,NAN
5297,680,0,0.03592011974187117,FINITE
5358,680,1,0.03224840483642874,FINITE
5435,680,2,0.030640980317891895,FINITE
5529,680,3,0.030520486886916682,FINITE
5608,680,4,0.027424085479669125,FINITE
5672,680,5,0.027139077311281578,FINITE
5731,680,6,0.02721912668397577,FINITE
5807,719,2,0.026367111152592246,FINITE
5956,719,3,0.028009119902071687,FINITE
6074,719,4,0.02777114152799113,FINITE
6207,719,5,0.02924414471354153,FINITE
6328,719,6,0.02795607199026582,FINITE
8016,994,6,0.024320180594903134,FINITE
8135,994,7,0.024239193632702813,FINITE
8269,994,8,0.025498411701502986,FINITE
8413,994,9,0.025189379599000066,FINITE
8554,1133,0,0,FINITE
8714,1153,0,,NAN
8880,1171,0,,NAN
9044,1094,6,,NAN
9153,1094,7,,NAN
9253,1094,8,,NAN
9373,1094,9,,NAN
9501,1248,0,,NAN
9746,1267,0,0.7126335424292228,FINITE
11016,1431,5,,NAN
11081,1431,6,,NAN
11145,1431,7,,NAN
11214,1431,8,,NAN
11288,1431,9,,NAN
11366,1549,0,0,FINITE
11446,1564,0,0.02649159381855007,FINITE
11503,1564,1,,NAN
11588,1564,2,,NAN
11648,1564,3,,NAN
11734,1564,4,,NAN
11787,1564,5,,NAN
11872,1564,6,,NAN
11924,1564,7,,NAN
11979,1564,8,,NAN
12052,1564,9,,NAN
12113,1638,0,0.02306538164815112,FINITE
12197,1638,1,0.020929034365143973,FINITE
13525,1815,7,,NAN
13553,1815,8,,NAN
13594,1815,9,,NAN
13630,1877,0,0.030011417892828213,FINITE
13672,1877,1,0.023891582017043937,FINITE
13713,1877,2,0.025253958683813433,FINITE
13754,1877,3,0.02445207479344056,FINITE
13795,1877,4,0.0218908378568164,FINITE
13833,1877,5,0.02635341283770538,FINITE
16538,2307,5,0.02685194950497481,FINITE
16577,2307,6,0.02788012138843681,FINITE
16623,2307,7,0.02696476275224181,FINITE
16663,2307,8,0.028060588485949216,FINITE
16702,2307,9,0.02761129211760812,FINITE
16769,2393,0,,NAN
16823,2399,0,0.06810396384214357,FINITE
16863,2399,1,0.04947362076881194,FINITE
16921,2399,2,0.04323473532668112,FINITE
17001,2399,3,,NAN
17068,2399,4,,NAN
17124,2399,5,,NAN
17181,2399,6,,NAN
17267,2399,7,,NAN
17311,2399,8,,NAN
17367,2399,9,,NAN
17432,2470,0,0.03206197443732161,FINITE
17479,2470,1,0.029233627501405415,FINITE
17535,2470,2,0.02844693183900245,FINITE
17564,2470,3,0.028989053991310423,FINITE
17599,2470,4,0.02848956195675833,FINITE
17639,2470,5,0.027559366881633216,FINITE
17687,2470,6,0.02722038927483809,FINITE
17732,2470,7,0.027170244119441928,FINITE
17773,2470,8,,NAN
17811,2470,9,,NAN
17852,2575,0,0.03793423789650728,FINITE
17899,2575,1,0.03488562789016295,FINITE
17935,2575,2,0.030925794847302606,FINITE
17973,2575,3,0.030573876170267498,FINITE
18012,2575,4,0.03134532081318505,FINITE
18054,2575,5,0.027923742743999457,FINITE
18111,2575,6,0.02710365579813825,FINITE
18156,2575,7,0.02722296162727411,FINITE
21100,3128,0,,NAN
21101,3129,0,0.6652571938806401,FINITE
21102,3129,1,0.3427424147656258,FINITE
21103,3129,2,0.4603946890097972,FINITE
21104,3129,3,0.35217117389127633,FINITE
21105,3129,4,,NAN
21106,3129,5,,NAN
21107,3129,6,,NAN
21108,3129,7,,NAN
21109,3129,8,,NAN
21110,3129,9,,NAN
21111,3130,0,0.025800349722404796,FINITE
21112,3130,1,,NAN
21113,3130,2,,NAN
21114,3130,3,,NAN
21115,3130,4,,NAN
21116,3130,5,,NAN
21117,3130,6,,NAN
21118,3130,7,,NAN
21119,3130,8,,NAN
21120,3130,9,,NAN
21121,3131,0,0.027339818027757264,FINITE
21122,3131,1,,NAN
21123,3131,2,,NAN
21124,3131,3,,NAN
21125,3131,4,,NAN
21126,3131,5,,NAN
21127,3131,6,,NAN
21128,3131,7,,NAN
21129,3131,8,,NAN
21130,3131,9,,NAN
21131,3132,0,0.022979068395090386,FINITE
21132,3132,1,,NAN
21133,3132,2,,NAN
21134,3132,3,,NAN
21135,3132,4,,NAN
21136,3132,5,,NAN
21137,3132,6,,NAN
21138,3132,7,,NAN
21139,3132,8,,NAN
21140,3132,9,,NAN
21141,3133,0,,NAN
21142,3134,0,0.048391214523305054,FINITE
21143,3134,1,0.03746756919461822,FINITE
21144,3134,2,,NAN
21145,3134,3,,NAN
954,143,0,0,FINITE
1398,134,5,0.002143074157256184,FINITE
1505,134,6,0.0019827951559546657,FINITE
1579,134,7,0.0017349457614603326,FINITE
1679,225,0,0.6186800693960621,FINITE
1961,189,4,0.0008168909165159409,FINITE
2457,202,8,0.0014287272212842187,FINITE
2582,202,9,0.0016942969562133633,FINITE
2819,367,0,,NAN
3109,375,2,,NAN
3213,375,3,,NAN
3339,375,4,,NAN
3462,375,5,,NAN
3602,311,7,,NAN
3728,311,8,,NAN
3836,311,9,,NAN
3967,538,0,0.03536761928226985,FINITE
4497,534,8,,NAN
4573,534,9,,NAN
4644,628,0,,NAN
4722,636,0,0.03801394048741555,FINITE
4792,636,1,0.0293549180433672,FINITE
5141,638,5,0.02525667021146108,FINITE
5225,638,6,0.025445135129318692,FINITE
5280,638,7,,NAN
5342,638,8,,NAN
5421,638,9,,NAN
5506,724,0,0.018240006089966964,FINITE
5565,724,1,0.024640589986229255,FINITE
5631,724,2,,NAN
5722,724,3,,NAN
5808,584,9,,NAN
5953,763,0,0.027510452068645122,FINITE
6087,763,1,,NAN
6222,763,2,,NAN
6349,763,3,,NAN
8017,998,9,,NAN
8090,1084,0,0.024172575700768913,FINITE
8169,1084,1,0.023783786998592647,FINITE
8235,1084,2,0.02382095436569001,FINITE
8296,1084,3,0.02417421091967762,FINITE
8359,1084,4,0.025936863975320336,FINITE
8422,1084,5,0.024065530513169203,FINITE
8498,1084,6,,NAN
8550,1084,7,,NAN
8616,1084,8,,NAN
8674,1084,9,,NAN
8736,1164,0,0.02667366189203862,FINITE
8803,1164,1,0.02641781953116166,FINITE
8858,1164,2,0.02582549157059988,FINITE
8938,1164,3,0.024065084181027083,FINITE
9045,1096,6,,NAN
9150,1096,7,,NAN
9248,1096,8,,NAN
9366,1096,9,,NAN
9478,1246,0,0.029329159319765888,FINITE
9603,1246,1,,NAN
9753,1246,2,,NAN
9861,1246,3,,NAN
11017,1440,4,,NAN
11084,1440,5,,NAN
11139,1440,6,,NAN
11200,1440,7,,NAN
11276,1440,8,,NAN
11346,1440,9,,NAN
11425,1560,0,,NAN
11490,1573,0,0.02152583312623323,FINITE
11575,1573,1,,NAN
11642,1573,2,,NAN
11713,1573,3,,NAN
11784,1573,4,,NAN
11863,1573,5,,NAN
11925,1573,6,,NAN
11978,1573,7,,NAN
12050,1573,8,,NAN
12110,1573,9,,NAN
13526,1838,3,0.24342855524236845,FINITE
13563,1838,4,,NAN
13604,1838,5,,NAN
13658,1838,6,,NAN
13703,1838,7,,NAN
13745,1838,8,,NAN
13790,1838,9,,NAN
13823,1910,0,0.03372159874496913,FINITE
13861,1910,1,0.031014963705293514,FINITE
16539,2331,5,0.028518208855194876,FINITE
16569,2331,6,0.029481448510930004,FINITE
16607,2331,7,0.03152407144648443,FINITE
16646,2331,8,0.02964990052521195,FINITE
16694,2331,9,0.02951031008488167,FINITE
16728,2391,0,0.020143234650237377,FINITE
16762,2391,1,0.024890825624070075,FINITE
16790,2391,2,0.030248723179197468,FINITE
16825,2391,3,0.025169911040754587,FINITE
16869,2391,4,0.022531030184320695,FINITE
16903,2391,5,0.023985387653794047,FINITE
16936,2391,6,0.022210271825717616,FINITE
16974,2391,7,0.023806937828060003,FINITE
17004,2391,8,0.023363235625161335,FINITE
17045,2391,9,,NAN
17076,2442,0,0.014156142136112866,FINITE
17110,2442,1,0.02409918599306673,FINITE
17146,2442,2,0.02416986366244817,FINITE
17184,2442,3,0.02390223896029382,FINITE
17212,2442,4,0.02434738996115609,FINITE
17245,2442,5,,NAN
17273,2442,6,,NAN
17310,2442,7,,NAN
17346,2442,8,,NAN
17374,2442,9,,NAN
17402,2471,0,0.03426718640352358,FINITE
17439,2471,1,0.028959586054102114,FINITE
17475,2471,2,0.032135290100556504,FINITE
17504,2471,3,0.031774262024637165,FINITE
17533,2471,4,0.02912248971596031,FINITE
17570,2471,5,0.027833273067598824,FINITE
17589,2471,6,0.027967746360512944,FINITE
17611,2471,7,0.02713462792150736,FINITE
17635,2471,8,0.028264610370781658,FINITE
17660,2471,9,0.02844358398362639,FINITE
17684,2537,0,0.03870505412698852,FINITE
17716,2537,1,0.029424144388613002,FINITE
17741,2537,2,0.030176105506300347,FINITE
17767,2537,3,0.03335912195604182,FINITE
17800,2537,4,0.03074329070443203,FINITE
17827,2537,5,0.02996419910003265,FINITE
17848,2537,6,0.030586091186990568,FINITE
17873,2537,7,0.030883970958140453,FINITE
17898,2537,8,0.030539945148294747,FINITE
17924,2537,9,0.030283821835200526,FINITE
17951,2595,0,0.028531282722793233,FINITE
17975,2595,1,0.033055473233590406,FINITE
18001,2595,2,0.030867513428576923,FINITE
18027,2595,3,0.03166170820994423,FINITE
18052,2595,4,0.027696739259584,FINITE
18072,2595,5,0.0278679924774773,FINITE
18094,2595,6,0.026622202390159642,FINITE
18119,2595,7,0.026456690412391907,FINITE
18144,2595,8,,NAN
18166,2595,9,,NAN
18187,2625,0,0,FINITE
21146,3134,4,,NAN
21147,3134,5,,NAN
21334,3162,0,,NAN
21435,3343,0,0.3807708789982085,FINITE
21535,3343,1,0.39951111683210827,FINITE
21624,3343,2,,NAN
21768,3327,2,0.626036084346815,FINITE
21929,3327,3,0.6464628674724863,FINITE
22061,3327,4,0.6144831216653993,FINITE
22203,3327,5,0.6094462862785585,FINITE
22348,3327,6,,NAN
22479,3436,4,,NAN
22533,3436,5,,NAN
955,138,0,0,FINITE
1399,187,0,0.0020422322932905105,FINITE
1525,187,1,0.0010211161466452553,FINITE
1680,157,8,0.002170880331314119,FINITE
1785,157,9,0.002055904412997263,FINITE
1967,194,4,0.0004084464586581021,FINITE
2458,292,5,0.0018027221177116814,FINITE
2543,292,6,0.0016910648363450925,FINITE
2647,292,7,0.0019490327220907564,FINITE
2723,292,8,0.0019439834188416144,FINITE
2820,363,0,0.024770593732741035,FINITE
3110,378,2,,NAN
3215,378,3,,NAN
3316,378,4,,NAN
3488,378,5,,NAN
3603,427,7,0.02345143494232145,FINITE
3684,427,8,0.02372783028460205,FINITE
3796,427,9,0.023777733066048724,FINITE
3863,534,0,0.02653501859159648,FINITE
3944,534,1,0.025449283820094364,FINITE
4498,535,4,0.029865665104758854,FINITE
4652,535,5,0.028121002270740048,FINITE
4816,535,6,0.027312347764042212,FINITE
5142,608,8,,NAN
5245,608,9,,NAN
5309,688,0,0.03283048605574751,FINITE
5376,688,1,0.031312946397896876,FINITE
5462,688,2,0.02924434200532942,FINITE
5552,688,3,0.025935036704316645,FINITE
5622,688,4,0.02405319708882158,FINITE
5693,688,5,0.0250837266484065,FINITE
5809,711,5,,NAN
5889,711,6,,NAN
5959,711,7,,NAN
6027,711,8,,NAN
6129,711,9,,NAN
6210,823,0,0.02602333386984255,FINITE
6284,823,1,0.02236485384945933,FINITE
6361,823,2,0.021513804482734707,FINITE
8018,1020,5,,NAN
8089,1020,6,,NAN
8163,1020,7,,NAN
8237,1020,8,,NAN
8294,1020,9,,NAN
8362,1113,0,,NAN
8438,1124,0,0,FINITE
8505,1139,0,0.02199409307494085,FINITE
8565,1139,1,0.026241358158598627,FINITE
8635,1139,2,0.022120523950808612,FINITE
8700,1139,3,0.025790426460385655,FINITE
8772,1139,4,0.02564330180287121,FINITE
8844,1139,5,0.025430009677158052,FINITE
8896,1139,6,0.026113056386331553,FINITE
9046,1078,7,0.027947628475957935,FINITE
9152,1078,8,0.027003449550632313,FINITE
9246,1078,9,0.02639179149028329,FINITE
9356,1230,0,0.037961610440034356,FINITE
9471,1230,1,0.03736678702725914,FINITE
9587,1230,2,0.03771202396657765,FINITE
9694,1230,3,0.03733336956062205,FINITE
9828,1230,4,0.035265066556055755,FINITE
11018,1413,6,,NAN
11091,1413,7,,NAN
11158,1413,8,,NAN
11240,1413,9,,NAN
11302,1544,0,0.034135465942269766,FINITE
11388,1544,1,,NAN
11454,1544,2,,NAN
11510,1544,3,,NAN
11593,1544,4,,NAN
11654,1544,5,,NAN
11741,1544,6,,NAN
11799,1544,7,,NAN
11878,1544,8,,NAN
11927,1544,9,,NAN
11993,1627,0,0.0228151554137587,FINITE
12061,1627,1,0.028103568755231338,FINITE
12118,1627,2,0.026251290495792907,FINITE
13528,1864,1,,NAN
13562,1864,2,,NAN
13605,1864,3,,NAN
13644,1864,4,,NAN
13684,1864,5,,NAN
13717,1864,6,,NAN
13761,1864,7,,NAN
13802,1864,8,,NAN
13834,1864,9,,NAN
16540,2292,8,,NAN
16580,2292,9,,NAN
16622,2377,0,,NAN
16665,2384,0,0.025884690569400626,FINITE
16716,2384,1,,NAN
16777,2384,2,,NAN
16827,2384,3,,NAN
16881,2384,4,,NAN
16934,2384,5,,NAN
16981,2384,6,,NAN
17042,2384,7,,NAN
17101,2384,8,,NAN
17151,2384,9,,NAN
17208,2451,0,0.01586847750083629,FINITE
17278,2451,1,0.019440764550803166,FINITE
17332,2451,2,,NAN
17397,2451,3,,NAN
17448,2451,4,,NAN
17500,2451,5,,NAN
17545,2451,6,,NAN
17574,2451,7,,NAN
17822,2510,0,,NAN
17867,2576,0,,NAN
17914,2588,0,0.030097731145888845,FINITE
17949,2588,1,0.02801391446174133,FINITE
17996,2588,2,0.026145306533318816,FINITE
18041,2588,3,0.027631238600942343,FINITE
18090,2588,4,0.027842645453741238,FINITE
18131,2588,5,0.027363946594407964,FINITE
18188,2588,6,,NAN
21148,3147,0,0.04956391464966481,FINITE
21335,3194,0,,NAN
21398,3147,1,0.37655324336410567,FINITE
21579,3147,2,0.47579591351614664,FINITE
21664,3147,3,,NAN
21769,3346,3,0.7504450099230363,FINITE
21886,3346,4,0.7486202248398117,FINITE
22008,3346,5,,NAN
22134,3346,6,,NAN
22240,3346,7,,NAN
22353,3346,8,,NAN
22480,3502,0,,NAN
22541,3543,0,,NAN
22608,3559,0,0.031091471334227263,FINITE
22660,3559,1,,NAN
22718,3559,2,,NAN
22791,3559,3,,NAN
22863,3559,4,,NAN
22985,3559,5,,NAN
23043,3559,6,,NAN
23103,3559,7,,NAN
23268,3559,8,,NAN
23309,3559,9,,NAN
23437,3679,0,0.7266416979324776,FINITE
23572,3679,1,0.7184976315528768,FINITE
23632,3679,2,,NAN
23685,3679,3,,NAN
23756,3696,4,0.025967378416797575,FINITE
23843,3696,5,0.024200521071739502,FINITE
23923,3696,6,0.026990952592132526,FINITE
23975,3696,7,0.02720736552694303,FINITE
24049,3696,8,,NAN
24109,3696,9,,NAN
24174,3844,0,0.017962719489082783,FINITE
24232,3844,1,0.02603313246484918,FINITE
24292,3844,2,0.023215679241044933,FINITE
24367,3844,3,0.025371013901738355,FINITE
24430,3879,3,0.0331987130248718,FINITE
24440,3844,4,0.026819712123055568,FINITE
24463,3879,4,,NAN
24494,3844,5,,NAN
956,140,0,0.003945781270133631,FINITE
1400,145,5,0.004166283865432085,FINITE
1506,145,6,0.0035711004560846442,FINITE
1582,145,7,0.0035940638893628644,FINITE
1681,139,8,0.0007787971919527841,FINITE
1781,139,9,0.0009051407020865567,FINITE
2010,116,6,,NAN
2459,263,6,0.0023336994611350974,FINITE
2556,263,7,0.002552540099815168,FINITE
2652,263,8,0.0026092949147728324,FINITE
2732,263,9,0.0026546987667389636,FINITE
2821,275,7,,NAN
3111,389,3,0.026452692970849685,FINITE
3204,389,4,0.034436971500602834,FINITE
3283,389,5,0.032054363316760814,FINITE
3365,389,6,0.02964332900738369,FINITE
3471,389,7,0.028397284719152004,FINITE
3604,376,9,0.02894701327638488,FINITE
4499,517,9,,NAN
4574,614,0,,NAN
4654,629,0,0.029552103344841818,FINITE
4730,629,1,0.027511418209490678,FINITE
4812,629,2,,NAN
5143,552,7,,NAN
5272,552,8,,NAN
5442,552,9,,NAN
5577,727,0,0.022512750771236177,FINITE
5811,681,7,,NAN
5891,681,8,,NAN
5973,681,9,,NAN
6035,778,0,0.02035935611186547,FINITE
6133,778,1,0.032005460441567254,FINITE
6199,778,2,0.02440021700811462,FINITE
6282,778,3,,NAN
6385,778,4,,NAN
8019,1023,5,,NAN
8087,1023,6,,NAN
8155,1023,7,,NAN
8216,1023,8,,NAN
8286,1023,9,,NAN
8351,1110,0,0.019952261302414148,FINITE
8411,1110,1,0.019898975128689517,FINITE
8477,1110,2,0.02333709980905944,FINITE
8542,1110,3,0.025250035815572197,FINITE
8602,1110,4,0.025024077783135323,FINITE
8667,1110,5,0.0255714529302157,FINITE
8721,1110,6,0.02584873744502475,FINITE
8793,1110,7,0.025284502736697946,FINITE
8850,1110,8,0.02441894238155102,FINITE
8910,1110,9,0.0240327733732836,FINITE
9048,1176,1,0.030359007323871375,FINITE
9155,1176,2,0.029473810843148308,FINITE
9255,1176,3,0.03078921972041895,FINITE
9377,1176,4,0.030431284310635263,FINITE
9496,1176,5,0.029774669228621067,FINITE
9605,1176,6,0.030439873536654536,FINITE
9716,1176,7,0.028345874617998403,FINITE
9841,1176,8,0.02711894257072661,FINITE
11019,1389,8,0.0015517732649735158,FINITE
11088,1389,9,0.0016008191678052153,FINITE
11236,1523,0,0.5417044227652157,FINITE
11400,1523,1,0.5310559491906568,FINITE
11563,1523,2,,NAN
11746,1523,3,,NAN
11898,1523,4,,NAN
12040,1523,5,,NAN
12194,1523,6,,NAN
13529,1825,2,,NAN
13618,1825,3,,NAN
16541,2326,4,0.028414315429343695,FINITE
16582,2326,5,0.027762294915958757,FINITE
16621,2326,6,0.028502555878906044,FINITE
16662,2326,7,0.028443366340093562,FINITE
16711,2326,8,0.027690156349713776,FINITE
16756,2326,9,0.026499357139519942,FINITE
16829,2397,0,,NAN
16876,2410,0,,NAN
16931,2413,0,,NAN
16985,2422,0,0.02806502527041315,FINITE
17052,2422,1,0.028146875855716326,FINITE
17116,2422,2,,NAN
17171,2422,3,,NAN
17219,2422,4,,NAN
17293,2422,5,,NAN
17341,2422,6,,NAN
17414,2422,7,,NAN
17460,2422,8,,NAN
17524,2422,9,,NAN
17602,2496,0,,NAN
17650,2518,0,0.18688498550636437,FINITE
17691,2518,1,0.20824947624394996,FINITE
17730,2518,2,0.19988803716044545,FINITE
17771,2518,3,,NAN
17813,2518,4,,NAN
17858,2518,5,,NAN
17909,2518,6,,NAN
17948,2518,7,,NAN
17998,2518,8,,NAN
18033,2518,9,,NAN
18080,2604,0,0.018845017129518023,FINITE
18129,2604,1,0.03277928090705242,FINITE
18184,2604,2,0.03251140766612184,FINITE
21149,3156,0,0.02367228489730067,FINITE
21337,3161,0,0.6938961579371844,FINITE
21388,3156,1,,NAN
21469,3156,2,,NAN
21524,3161,1,0.6873965425696431,FINITE
21566,3156,3,,NAN
21770,3424,0,0.01642117853207873,FINITE
21863,3424,1,0.020625512575694588,FINITE
21946,3424,2,0.025457756098762635,FINITE
22032,3424,3,0.026404028590748214,FINITE
22112,3424,4,,NAN
22189,3424,5,,NAN
22263,3424,6,,NAN
22337,3424,7,,NAN
22481,3441,4,,NAN
22553,3441,5,,NAN
22715,3441,6,,NAN
22889,3441,7,,NAN
22966,3441,8,,NAN
23042,3441,9,,NAN
23128,3654,0,0.023117711695532422,FINITE
23202,3654,1,0.02747736478967552,FINITE
23263,3654,2,0.02299074280500722,FINITE
23352,3654,3,0.021346621026978096,FINITE
23430,3654,4,0.02437861549518317,FINITE
23513,3654,5,0.023672718687692204,FINITE
23576,3654,6,0.023964335513642437,FINITE
23657,3654,7,0.023462587205653068,FINITE
23757,3747,0,,NAN
23866,3763,0,1.3581817900116309,FINITE
23964,3763,1,1.2974233808750204,FINITE
24081,3763,2,1.3269550894839734,FINITE
24443,3871,4,,NAN
24477,3871,5,,NAN
24520,3871,6,,NAN
24562,3871,7,,NAN
24599,3871,8,,NAN
24633,3871,9,,NAN
24668,3933,0,0.028565265928472992,FINITE
24696,3933,1,0.03719275232266127,FINITE
24729,3933,2,0.033421090791845014,FINITE
24770,3933,3,0.03012272700653665,FINITE
24800,3933,4,,NAN
24831,3933,5,,NAN
24853,3872,6,,NAN
24892,3895,6,,NAN
24919,3895,7,,NAN
24940,3872,7,,NAN
24950,3895,8,,NAN
24980,3895,9,,NAN
25004,3989,0,0,FINITE
25024,3872,8,,NAN
25032,3996,0,,NAN
25095,3872,9,,NAN
957,147,0,0.007008994638534361,FINITE
1401,188,0,0.003945781270133631,FINITE
1535,188,1,0.003504557352283889,FINITE
1682,189,2,0.0013614848608599014,FINITE
1820,189,3,0.0010211136456449261,FINITE
2020,225,1,0.6149893129997347,FINITE
2460,225,3,0.4601002234685266,FINITE
2822,370,0,0.02899954267150053,FINITE
3112,395,3,,NAN
3196,395,4,,NAN
3268,395,5,,NAN
3358,395,6,,NAN
3452,395,7,,NAN
3520,395,8,,NAN
3605,467,0,0.4124472099175366,FINITE
3672,467,1,0.20673416553284107,FINITE
3736,467,2,0.13845730668617687,FINITE
3821,467,3,0.1046088133732412,FINITE
3889,467,4,0.08368705069859296,FINITE
4500,549,3,,NAN
4659,549,4,,NAN
4838,549,5,,NAN
5144,577,5,,NAN
5265,577,6,,NAN
5446,577,7,,NAN
5572,577,8,,NAN
5812,648,6,,NAN
5967,648,7,,NAN
6120,648,8,,NAN
6277,648,9,,NAN
8020,1048,2,,NAN
8086,1048,3,,NAN
8165,1048,4,,NAN
8245,1048,5,,NAN
8314,1048,6,,NAN
8383,1048,7,,NAN
8454,1048,8,,NAN
8523,1048,9,,NAN
8584,1151,0,0.014570219901971286,FINITE
8645,1151,1,0.0188178007750612,FINITE
8698,1151,2,,NAN
8769,1151,3,,NAN
8834,1151,4,,NAN
8893,1151,5,,NAN
9053,1121,4,0.03177792225038029,FINITE
9163,1121,5,0.029769486000135435,FINITE
9267,1121,6,0.02941808159838617,FINITE
9375,1121,7,0.029706500767321415,FINITE
9519,1121,8,0.028870785840148374,FINITE
9609,1121,9,0.030039045079646786,FINITE
9726,1274,0,0.02844697196605971,FINITE
9847,1274,1,0.02503873259352772,FINITE
11020,1398,8,,NAN
11086,1398,9,,NAN
11142,1522,0,0.028171677830409463,FINITE
11195,1522,1,,NAN
11246,1522,2,,NAN
11296,1522,3,,NAN
11359,1522,4,,NAN
11399,1522,5,,NAN
11464,1522,6,,NAN
11514,1522,7,,NAN
11576,1522,8,,NAN
11623,1522,9,,NAN
11683,1598,0,0.017962719489082783,FINITE
11732,1598,1,0.02106764759492579,FINITE
11802,1598,2,,NAN
11846,1598,3,,NAN
11913,1598,4,,NAN
11985,1598,5,,NAN
12039,1598,6,,NAN
12120,1598,7,,NAN
12172,1598,8,,NAN
13530,1837,4,0.15871508058116163,FINITE
13569,1837,5,,NAN
13608,1837,6,,NAN
13646,1837,7,,NAN
13697,1837,8,,NAN
13726,1837,9,,NAN
13830,1903,0,0.7002846342666875,FINITE
16542,2330,6,,NAN
16573,2330,7,,NAN
16603,2330,8,,NAN
16642,2330,9,,NAN
16674,2386,0,0.018238113880368806,FINITE
16712,2386,1,0.019121352615082073,FINITE
16742,2386,2,0.019847860600964905,FINITE
16772,2386,3,0.0187490323506012,FINITE
16802,2386,4,0.021581253570662987,FINITE
16843,2386,5,0.023078709824651863,FINITE
16875,2386,6,0.022048676635535367,FINITE
16908,2386,7,0.025244052652097716,FINITE
16945,2386,8,0.024557832518795845,FINITE
16977,2386,9,0.02408864407185159,FINITE
17007,2434,0,0.04097144112864043,FINITE
17038,2434,1,0.0326072610130526,FINITE
17065,2434,2,0.032893077892927856,FINITE
17095,2434,3,0.030319574425770175,FINITE
17121,2434,4,0.028692286365210366,FINITE
17156,2434,5,0.03081901561789957,FINITE
17193,2434,6,0.029471611933312675,FINITE
17221,2434,7,0.028919510838250256,FINITE
17253,2434,8,0.027846125722911792,FINITE
17282,2434,9,,NAN
17322,2462,0,0.023065381648151223,FINITE
17355,2462,1,0.02392243029903484,FINITE
17383,2462,2,0.026231687044246,FINITE
17413,2462,3,,NAN
17450,2462,4,,NAN
17485,2462,5,,NAN
17514,2462,6,,NAN
17553,2462,7,,NAN
17581,2462,8,,NAN
17601,2462,9,,NAN
17622,2517,0,0.021887500680385422,FINITE
17638,2517,1,0.028946966837658718,FINITE
17666,2517,2,,NAN
17690,2517,3,,NAN
17714,2517,4,,NAN
17738,2517,5,,NAN
17760,2517,6,,NAN
17789,2517,7,,NAN
17814,2517,8,,NAN
17841,2517,9,,NAN
17864,2583,0,0.03211430448470258,FINITE
17888,2583,1,0.026127813441126704,FINITE
17911,2583,2,0.026957740952702456,FINITE
17939,2583,3,0.02750285220751251,FINITE
17964,2583,4,0.02573309052234901,FINITE
17986,2583,5,,NAN
18014,2583,6,,NAN
18039,2583,7,,NAN
18063,2583,8,,NAN
18085,2583,9,,NAN
18117,2609,0,0.021578163173614752,FINITE
18142,2609,1,0.027261142415102267,FINITE
18162,2609,2,0.031202390916009723,FINITE
18180,2609,3,0.031465030133293444,FINITE
18202,2609,4,0.030017005256264793,FINITE
21150,3137,0,,NAN
21340,3150,0,,NAN
21400,3255,0,0.6588496953891686,FINITE
21445,3346,0,0.656482277603191,FINITE
21489,3255,1,0.3378002452847564,FINITE
21547,3346,1,0.7071119705886313,FINITE
21563,3255,2,0.23271574151547622,FINITE
21658,3346,2,0.7168978819743487,FINITE
21771,3304,0,,NAN
21858,3430,0,0.010763522350690174,FINITE
22042,3432,0,0.7049295283462574,FINITE
22144,3432,1,,NAN
22221,3432,2,,NAN
22287,3432,3,,NAN
22371,3432,4,,NAN
22483,3159,9,,NAN
22550,3544,0,0.02654392386593126,FINITE
22617,3544,1,0.016335250344889758,FINITE
22677,3544,2,,NAN
22752,3544,3,,NAN
958,77,5,,NAN
1402,116,4,,NAN
1683,141,8,0.001346083384255591,FINITE
1793,141,9,0.0012114750458300319,FINITE
2067,258,2,0.0015919863608200014,FINITE
2150,258,3,0.00301511456938101,FINITE
2247,258,4,0.003118061929266292,FINITE
2329,258,5,0.002768571799079503,FINITE
2461,268,6,0.03180347562803902,FINITE
2560,268,7,0.03206598949323149,FINITE
2666,268,8,0.03087568028510708,FINITE
2735,268,9,,NAN
2823,340,0,0,FINITE
3113,328,3,0.004166338194538665,FINITE
3244,328,4,0.0039180085824293545,FINITE
3398,328,5,0.0034351940100487218,FINITE
3530,328,6,0.00309032645834827,FINITE
3606,370,9,,NAN
3678,483,0,,NAN
3770,507,0,0.0462976147832607,FINITE
3849,507,1,0.04119067770537504,FINITE
3928,507,2,0.036619938912983124,FINITE
4007,507,3,0.03456361466440697,FINITE
4501,513,9,,NAN
4582,615,0,0.029051872718881832,FINITE
4661,615,1,0.02600283571654128,FINITE
4732,615,2,,NAN
4794,615,3,,NAN
5145,589,9,,NAN
5234,661,0,0.00993347462542595,FINITE
5312,661,1,0.015452367274945686,FINITE
5377,661,2,0.021265508719699955,FINITE
5449,661,3,0.022714266280184726,FINITE
5555,661,4,0.022300126134535293,FINITE
5630,661,5,,NAN
5717,661,6,,NAN
5813,669,7,,NAN
5888,669,8,,NAN
5958,669,9,,NAN
6034,774,0,,NAN
6108,792,0,0.02604168071154421,FINITE
6174,792,1,0.028208349229158672,FINITE
6265,792,2,0.03037106272298626,FINITE
6362,792,3,0.02729008217537606,FINITE
8021,928,9,,NAN
8128,1085,0,0.02761710462864144,FINITE
8232,1085,1,0.02285923370908318,FINITE
8385,1085,2,0.024583169827633363,FINITE
8522,1085,3,,NAN
8678,1085,4,,NAN
8822,1085,5,,NAN
9056,1146,3,0.02749075317581518,FINITE
9171,1146,4,0.025204492710384045,FINITE
9282,1146,5,,NAN
9385,1146,6,,NAN
9514,1146,7,,NAN
9610,1146,8,,NAN
9733,1146,9,,NAN
9858,1293,0,0,FINITE
11021,1408,8,0.026650889469552186,FINITE
11085,1408,9,0.025442822512794117,FINITE
11221,1521,0,0.5960734593972168,FINITE
11360,1521,1,0.6149834833919519,FINITE
11504,1521,2,0.6298744167600255,FINITE
11629,1521,3,,NAN
11790,1521,4,,NAN
11835,1521,5,,NAN
11991,1521,6,,NAN
12128,1521,7,,NAN
13531,1724,3,,NAN
13792,1724,4,,NAN
16543,2305,6,,NAN
16584,2305,7,,NAN
16628,2305,8,,NAN
16669,2305,9,,NAN
16723,2388,0,0.02714884467993403,FINITE
16771,2388,1,0.025358234741236156,FINITE
16819,2388,2,0.025459391968145024,FINITE
16862,2388,3,,NAN
16911,2388,4,,NAN
16960,2388,5,,NAN
17019,2388,6,,NAN
17080,2388,7,,NAN
17134,2388,8,,NAN
17180,2388,9,,NAN
17242,2455,0,0.014622549949352701,FINITE
17313,2455,1,0.019008774122884542,FINITE
17365,2455,2,0.023945628082104164,FINITE
17427,2455,3,0.02764398039474511,FINITE
17469,2455,4,0.028096940387715836,FINITE
17528,2455,5,0.027248471783360182,FINITE
17557,2455,6,0.02698965436694584,FINITE
17593,2455,7,0.02558871810204953,FINITE
17642,2455,8,0.025979327509184347,FINITE
17681,2455,9,,NAN
17728,2547,0,,NAN
17768,2557,0,0,FINITE
17825,2566,0,,NAN
17863,2578,0,,NAN
17915,2587,0,0.019727304748911163,FINITE
17954,2587,1,0.018100406664185595,FINITE
17999,2587,2,,NAN
18047,2587,3,,NAN
18098,2587,4,,NAN
18145,2587,5,,NAN
18206,2587,6,,NAN
21151,3135,0,,NAN
21249,3256,0,0,FINITE
21363,3295,0,0,FINITE
21392,3323,0,0,FINITE
21463,3358,0,0.360791051029288,FINITE
21482,3371,0,0,FINITE
21555,3398,0,,NAN
21567,3358,1,,NAN
21635,3414,0,0.045658911556701154,FINITE
21657,3358,2,,NAN
21772,3206,3,,NAN
21977,3206,4,,NAN
22176,3206,5,,NAN
22249,3206,6,,NAN
22312,3206,7,,NAN
22396,3206,8,,NAN
22485,3472,1,0.5875212201020483,FINITE
23761,3728,3,0.02342662232808541,FINITE
23796,3728,4,0.02209145689853717,FINITE
23838,3728,5,,NAN
23881,3728,6,,NAN
23918,3728,7,,NAN
23952,3728,8,,NAN
23988,3728,9,,NAN
24029,3814,0,0.039477661043071294,FINITE
24071,3814,1,,NAN
24122,3814,2,,NAN
24152,3814,3,,NAN
24191,3814,4,,NAN
24247,3814,5,,NAN
24290,3814,6,,NAN
24322,3814,7,,NAN
24357,3814,8,,NAN
24404,3814,9,,NAN
24436,3890,0,,NAN
24487,3776,9,,NAN
24528,3906,0,0,FINITE
24854,3948,3,0.023420242505225466,FINITE
24893,3971,0,,NAN
24906,3948,4,,NAN
24942,3978,0,0.02960644592064996,FINITE
24959,3948,5,,NAN
24996,3978,1,0.0429523061902191,FINITE
25005,3948,6,,NAN
25047,3978,2,0.04015200274134469,FINITE
25056,3948,7,,NAN
25098,3978,3,,NAN
25106,3948,8,,NAN
25116,3981,6,,NAN
25143,3981,7,,NAN
25147,3978,4,,NAN
25159,3948,9,,NAN
25172,3981,8,,NAN
25200,3981,9,,NAN
959,149,0,0.0010211211481455584,FINITE
960,146,0,0.003063333434434146,FINITE
961,145,0,0,FINITE
962,148,0,0.0010211211481455584,FINITE
963,157,0,0.007008994638534361,FINITE
964,153,0,0.0010211211481455584,FINITE
965,156,0,0.0020422322932905105,FINITE
966,76,7,0,FINITE
967,152,0,0.0020422322932905105,FINITE
968,154,0,0.0010211211481455584,FINITE
969,150,0,0.0029246901339921136,FINITE
970,158,0,0.0020422322932905105,FINITE
971,164,0,0.003945781270133631,FINITE
972,151,0,0.003945781270133631,FINITE
973,165,0,0.0010211211481455584,FINITE
974,161,0,0.0010211211481455584,FINITE
975,155,0,0.0010211211481455584,FINITE
976,24,9,,NAN
977,162,0,0,FINITE
978,160,0,0.0010211211481455584,FINITE
979,168,0,0.0010211211481455584,FINITE
980,103,6,,NAN
981,144,0,0.31273220267431967,FINITE
982,159,0,0.0010211211481455584,FINITE
983,163,0,0.0010211211481455584,FINITE
984,167,0,0.003063333434434146,FINITE
985,166,0,0,FINITE
986,97,7,0.02530460783515649,FINITE
987,106,3,,NAN
988,170,0,0.0010211211481455584,FINITE
989,89,4,,NAN
990,171,0,0.0019035889928484776,FINITE
991,99,7,0,FINITE
992,69,7,0,FINITE
993,55,1,,NAN
994,174,0,0,FINITE
995,169,0,0,FINITE
996,177,0,0.005849290222963968,FINITE
997,172,0,0.0029246901339921136,FINITE
998,91,7,0,FINITE
999,20,1,,NAN
1000,173,0,0.004550932498945931,FINITE
1001,123,1,0,FINITE
1002,127,1,0,FINITE
1003,86,7,0,FINITE
1004,179,0,0.0020422322932905105,FINITE
1005,135,1,0.0018774039611552022,FINITE
1006,119,7,0,FINITE
1007,87,7,0,FINITE
1008,131,1,0,FINITE
1009,26,6,,NAN
1010,104,7,0,FINITE
1011,130,1,0,FINITE
1012,102,6,,NAN
1013,124,1,0,FINITE
1014,129,1,0,FINITE
1015,180,0,0.0010211211481455584,FINITE
1016,125,1,0,FINITE
1017,101,3,,NAN
1018,126,1,0,FINITE
1019,122,7,0,FINITE
1020,132,1,0,FINITE
1021,78,7,0.0022108355067965418,FINITE
1022,113,7,0.001259062269750986,FINITE
1023,133,1,0.0005105605740727792,FINITE
1024,136,1,0.0010211161466452553,FINITE
1025,75,7,,NAN
1026,120,7,0,FINITE
1027,134,1,0.0024834612136413123,FINITE
1028,138,1,0.0010211161466452553,FINITE
1029,117,7,0,FINITE
1030,66,7,0,FINITE
1031,108,7,,NAN
1032,110,7,0,FINITE
1033,139,1,0.0010211161466452553,FINITE
1034,153,1,0.0010211211481455584,FINITE
1035,137,1,0.0005105605740727792,FINITE
1036,142,1,0.0020422322932905105,FINITE
1037,147,1,0.0035044973192671805,FINITE
1038,149,1,0.0005105605740727792,FINITE
1039,141,1,0.0010211161466452553,FINITE
1040,145,1,0,FINITE
1041,68,1,,NAN
1042,150,1,0.001972905641068836,FINITE
1043,140,1,0.0024834512091395948,FINITE
1044,157,1,0.004456291815691419,FINITE
1045,84,7,0,FINITE
1046,105,1,0.9573284703722734,FINITE
1047,175,0,0,FINITE
1048,156,1,0.0020422322932905105,FINITE
1049,146,1,0.0020422272912898522,FINITE
1050,115,7,0,FINITE
1051,74,7,0,FINITE
1052,88,7,0,FINITE
1053,162,1,0,FINITE
1054,71,7,0,FINITE
1055,182,0,0.0010211211481455584,FINITE
1056,148,1,0.0024834512091395948,FINITE
1057,79,7,0,FINITE
1058,158,1,0.0020422322932905105,FINITE
1059,94,7,0,FINITE
1060,160,1,0.0015316767207180343,FINITE
1061,152,1,0.0020422322932905105,FINITE
1062,165,1,0.0005105605740727792,FINITE
1063,155,1,0.0015316767207180343,FINITE
1064,161,1,0.0020422272912898522,FINITE
1065,143,1,,NAN
1066,85,7,0.0018625946594806307,FINITE
1067,72,7,0.09056908065218156,FINITE
1068,164,1,0.0024834512091395948,FINITE
1069,154,1,0.0010211211481455584,FINITE
1070,144,1,0.1573872174838051,FINITE
1071,73,7,0.0014970108938570457,FINITE
1072,151,1,0.0024834512091395948,FINITE
1073,168,1,0.0010211211481455584,FINITE
1074,163,1,0.0015316767207180343,FINITE
1075,170,1,0.0005105605740727792,FINITE
1076,159,1,0.0015316767207180343,FINITE
1077,183,0,0.0010211211481455584,FINITE
1078,176,0,0.0020422322932905105,FINITE
1079,112,7,0,FINITE
1080,81,7,0,FINITE
1081,95,7,0,FINITE
1082,111,7,0,FINITE
1083,114,7,0.0011487575405385259,FINITE
1084,166,1,0.0035044973192671805,FINITE
1085,167,1,0.003063333434434146,FINITE
1086,82,7,0,FINITE
1087,177,1,0.004386990178478041,FINITE
1088,63,7,0,FINITE
1089,178,0,0.0010211211481455584,FINITE
1090,118,7,0,FINITE
1091,169,1,0,FINITE
1092,100,7,,NAN
1093,174,1,0.0010211161466452553,FINITE
1094,171,1,0.002829198457579441,FINITE
1095,173,1,0.0022754662494729656,FINITE
1096,67,7,0,FINITE
1097,127,2,0,FINITE
1098,83,7,0,FINITE
1099,121,7,0,FINITE
1403,133,5,0.0019092295167910782,FINITE
1507,133,6,0.002074101505025802,FINITE
1580,133,7,0.001814838816897577,FINITE
1684,194,2,0.0006807440977635035,FINITE
1823,194,3,0.0005105580733226276,FINITE
2068,275,1,,NAN
2191,275,2,,NAN
2306,275,3,,NAN
2462,295,1,0.0013668583930844436,FINITE
2598,295,2,0.0019323500735343444,FINITE
2718,295,3,0.0022150959137592946,FINITE
2826,360,0,,NAN
3114,437,0,0,FINITE
3248,437,1,0,FINITE
3366,454,0,0,FINITE
3516,454,1,0,FINITE
3607,424,8,,NAN
3683,424,9,,NAN
3776,509,0,0.011836863458142974,FINITE
3848,509,1,0.022693944181940984,FINITE
3929,509,2,0.02388484187630968,FINITE
4502,547,6,0.028263295707616272,FINITE
4576,547,7,0.02759622603762789,FINITE
4664,547,8,,NAN
4735,547,9,,NAN
4808,644,0,0.03269389542219725,FINITE
5146,625,7,0.026637775846962513,FINITE
5231,625,8,0.02616403491627715,FINITE
5301,625,9,,NAN
5367,706,0,0.02441587909597344,FINITE
5445,706,1,,NAN
5551,706,2,,NAN
5618,706,3,,NAN
5682,706,4,,NAN
5814,678,3,0.023104173932067228,FINITE
5964,678,4,0.02604384263270452,FINITE
6093,678,5,0.024858106885910235,FINITE
6241,678,6,0.024526644304048006,FINITE
6365,678,7,0.02579282075833676,FINITE
8022,1056,0,,NAN
8088,1086,0,0.022460420723855103,FINITE
8162,1086,1,,NAN
8240,1086,2,,NAN
8299,1086,3,,NAN
8361,1086,4,,NAN
8425,1086,5,,NAN
8496,1086,6,,NAN
8547,1086,7,,NAN
8613,1086,8,,NAN
8672,1086,9,,NAN
8738,1162,0,,NAN
8802,1174,0,0.024554522396415472,FINITE
8864,1174,1,0.02608481727991149,FINITE
8928,1174,2,0.02870018449810562,FINITE
9060,959,7,,NAN
9287,959,8,,NAN
9548,959,9,,NAN
9819,1269,0,0.6416810025027164,FINITE
11022,1487,0,0,FINITE
11089,1500,0,,NAN
11147,1524,0,,NAN
11278,1530,0,,NAN
11340,1548,0,0,FINITE
11374,1559,0,0.03862745439871776,FINITE
11431,1559,1,,NAN
11493,1559,2,,NAN
11546,1559,3,,NAN
11599,1559,4,,NAN
11656,1559,5,,NAN
11711,1559,6,,NAN
11764,1559,7,,NAN
11821,1559,8,,NAN
11869,1559,9,,NAN
11938,1620,0,0.026352950518107925,FINITE
11996,1620,1,0.022062348329683797,FINITE
12049,1620,2,0.02232976047558809,FINITE
12117,1620,3,0.025506302829650565,FINITE
12169,1620,4,0.02345056047292187,FINITE
13535,1822,3,0.47795697372827683,FINITE
13626,1822,4,,NAN
13721,1822,5,,NAN
13769,1822,6,,NAN
13868,1822,7,,NAN
16544,2366,0,0.03327373830485493,FINITE
16587,2366,1,0.031080849021202533,FINITE
16626,2366,2,0.027434977564214185,FINITE
16661,2366,3,,NAN
16700,2366,4,,NAN
16753,2366,5,,NAN
16811,2366,6,,NAN
16857,2366,7,,NAN
16906,2366,8,,NAN
16965,2366,9,,NAN
17021,2432,0,0.009051086840767197,FINITE
17085,2432,1,0.015314625007190975,FINITE
17145,2432,2,0.022505930026010628,FINITE
17190,2432,3,0.021335466566668185,FINITE
17261,2432,4,0.021902888393488352,FINITE
17314,2432,5,0.022027639339853366,FINITE
17373,2432,6,0.021518415210427428,FINITE
17438,2432,7,0.021125707956725352,FINITE
17486,2432,8,0.020949110561654553,FINITE
17540,2432,9,0.02279721359849591,FINITE
17563,2500,0,0,FINITE
17795,2506,0,1.116925830593429,FINITE
18026,2506,1,,NAN
21152,3184,0,0.040141704273979714,FINITE
21232,3184,1,,NAN
21431,3345,0,0.15200414859599723,FINITE
21478,3184,2,,NAN
21516,3345,1,,NAN
21550,3184,3,,NAN
21609,3345,2,,NAN
21773,3151,3,,NAN
21953,3151,4,,NAN
22029,3151,5,,NAN
22226,3151,6,,NAN
22407,3151,7,,NAN
22487,3500,0,0.5155713004682467,FINITE
22629,3500,1,,NAN
22756,3500,2,,NAN
22901,3500,3,,NAN
23030,3500,4,,NAN
23154,3500,5,,NAN
23282,3500,6,,NAN
23400,3500,7,,NAN
23505,3500,8,,NAN
23628,3500,9,,NAN
23763,3713,3,0.02950760376517808,FINITE
23850,3713,4,0.02783852966660022,FINITE
23937,3713,5,0.02920516362538292,FINITE
23995,3713,6,0.02851350440012711,FINITE
24054,3713,7,0.027830195700917403,FINITE
24118,3713,8,0.028011928411013378,FINITE
24166,3713,9,,NAN
24234,3856,0,0.003063333434434146,FINITE
24500,3879,5,,NAN
24546,3879,6,,NAN
24586,3879,7,,NAN
24610,3879,8,,NAN
24653,3879,9,,NAN
24688,3940,0,,NAN
24716,3952,0,0.023013051600770152,FINITE
24760,3952,1,0.022200120713280785,FINITE
24794,3952,2,0.022165687432157254,FINITE
24827,3952,3,0.02306127049287384,FINITE
24855,3964,2,0.02844655354406581,FINITE
24877,3964,3,,NAN
24894,3974,0,,NAN
24903,3964,4,,NAN
24923,3979,0,0.03266683505570561,FINITE
24932,3964,5,,NAN
24953,3979,1,0.02869699197912144,FINITE
24963,3964,6,,NAN
24985,3979,2,0.025303128146498585,FINITE
24992,3964,7,,NAN
1100,172,1,0.0014623450669960568,FINITE
1404,189,0,0.003063333434434146,FINITE
1545,189,1,0.0020422272912898522,FINITE
1685,151,8,0.0015729847446192173,FINITE
1783,151,9,0.0014156862701572956,FINITE
2069,269,2,0,FINITE
2156,269,3,0.0007311725334980284,FINITE
2259,269,4,0.0007891622564275344,FINITE
2354,269,5,0.0008278220717138717,FINITE
2463,269,6,0.0011273746520393348,FINITE
2558,269,7,0.0011140929640526128,FINITE
2660,269,8,0.0011037627622851624,FINITE
2729,269,9,0.0014484797359512393,FINITE
2827,349,0,0.8914573569487854,FINITE
3115,299,5,0.0010211194809787907,FINITE
3273,444,0,0,FINITE
3417,444,1,0,FINITE
3608,464,1,0.006057250169624211,FINITE
3681,464,2,,NAN
3774,464,3,,NAN
3837,464,4,,NAN
3911,464,5,,NAN
3988,464,6,,NAN
4503,525,9,,NAN
4578,616,0,0.03131846048337561,FINITE
4650,616,1,0.03326004702107359,FINITE
4717,616,2,0.03418614248714779,FINITE
4790,616,3,0.03389548488297647,FINITE
4855,616,4,0.030764010682454962,FINITE
5147,531,9,,NAN
5250,662,0,0.020504922251495618,FINITE
5420,662,1,0.027691931000594857,FINITE
5532,662,2,0.023364241734534344,FINITE
5703,662,3,,NAN
5816,720,2,0.020493464228319283,FINITE
5960,720,3,,NAN
6079,720,4,,NAN
6228,720,5,,NAN
6353,720,6,,NAN
8023,1029,3,0.023127807555827398,FINITE
8139,1029,4,0.025156583172254575,FINITE
8261,1029,5,0.025144954972283473,FINITE
8406,1029,6,0.025599456218613516,FINITE
8558,1029,7,0.026169147195344095,FINITE
8694,1029,8,,NAN
8827,1029,9,,NAN
9064,1189,0,,NAN
9220,1203,0,,NAN
9286,1227,0,0.035156226350578385,FINITE
9338,1227,1,,NAN
9392,1227,2,,NAN
9431,1227,3,,NAN
9493,1227,4,,NAN
9550,1227,5,,NAN
9613,1227,6,,NAN
9667,1227,7,,NAN
9718,1227,8,,NAN
9775,1227,9,,NAN
9835,1303,0,0.03396490214017333,FINITE
11023,1388,8,0.0018613340242568577,FINITE
11101,1388,9,0.0019815339652745866,FINITE
11165,1525,0,,NAN
11233,1534,0,0.026457610612870303,FINITE
11304,1534,1,0.03111504071689787,FINITE
11384,1534,2,0.03962025507853081,FINITE
11456,1534,3,,NAN
11524,1534,4,,NAN
11609,1534,5,,NAN
11678,1534,6,,NAN
11766,1534,7,,NAN
11831,1534,8,,NAN
13538,1832,3,0.39663885902865537,FINITE
13616,1832,4,0.4222157269735634,FINITE
13708,1832,5,0.4366128110308775,FINITE
13794,1832,6,0.4461038181524913,FINITE
16545,2341,3,,NAN
16578,2341,4,,NAN
16625,2341,5,,NAN
16667,2341,6,,NAN
16705,2341,7,,NAN
16743,2341,8,,NAN
16775,2341,9,,NAN
16807,2401,0,0.03109350392987285,FINITE
16848,2401,1,0.022901183566143193,FINITE
16877,2401,2,,NAN
16913,2401,3,,NAN
16947,2401,4,,NAN
16979,2401,5,,NAN
17009,2401,6,,NAN
17033,2401,7,,NAN
17063,2401,8,,NAN
17099,2401,9,,NAN
17130,2445,0,0.016059450848659517,FINITE
17169,2445,1,0.015548965349669102,FINITE
17202,2445,2,0.017215445961096507,FINITE
17232,2445,3,0.01985052145309325,FINITE
17260,2445,4,0.020212925987851134,FINITE
17294,2445,5,,NAN
17329,2445,6,,NAN
17360,2445,7,,NAN
17388,2445,8,,NAN
17423,2445,9,,NAN
17461,2475,0,,NAN
17495,2477,0,0.0020422322932905105,FINITE
17641,2486,0,,NAN
17668,2531,0,0,FINITE
17696,2540,0,0,FINITE
17724,2549,0,,NAN
17754,2556,0,0.5125201077617583,FINITE
17782,2556,1,,NAN
17818,2556,2,,NAN
17844,2556,3,,NAN
17871,2556,4,,NAN
17893,2556,5,,NAN
17925,2556,6,,NAN
17956,2556,7,,NAN
17987,2556,8,,NAN
18016,2556,9,,NAN
18042,2602,0,0.022408090676473796,FINITE
18065,2602,1,,NAN
18088,2602,2,,NAN
18113,2602,3,,NAN
18137,2602,4,,NAN
18161,2602,5,,NAN
18181,2602,6,,NAN
18203,2602,7,,NAN
21153,3151,0,0.03220061773776342,FINITE
21396,3151,1,,NAN
21525,3332,1,,NAN
21584,3151,2,,NAN
21616,3332,2,,NAN
21774,3159,3,,NAN
21969,3159,4,,NAN
22177,3159,5,,NAN
22250,3159,6,,NAN
22329,3159,7,,NAN
22412,3159,8,,NAN
22488,3468,1,0.3883137124268027,FINITE
22621,3468,2,,NAN
22734,3468,3,,NAN
22853,3468,4,,NAN
22975,3468,5,,NAN
23122,3468,6,,NAN
23230,3468,7,,NAN
23381,3468,8,,NAN
23531,3468,9,,NAN
23610,3726,0,,NAN
23679,3741,0,0,FINITE
23769,3529,9,,NAN
24022,3766,0,,NAN
24088,3823,0,0,FINITE
24147,3836,0,,NAN
24211,3851,0,0.0010211211481455584,FINITE
24274,3863,0,0.03550418984054497,FINITE
24354,3863,1,0.04252733371636433,FINITE
24431,3863,2,0.03774980355602287,FINITE
24486,3863,3,0.0347602162863051,FINITE
24515,3884,2,0.03484587601735324,FINITE
24536,3863,4,0.031604905115036115,FINITE
24553,3884,3,,NAN
24565,3863,5,0.030435505196212614,FINITE
1101,131,2,0,FINITE
1405,136,5,0.0015316717190509462,FINITE
1508,136,6,0.0018765445120627583,FINITE
1585,136,7,0.002007562714803928,FINITE
1686,160,8,0.0015729914142870614,FINITE
1792,160,9,0.001517804387672911,FINITE
2070,270,2,,NAN
2167,270,3,,NAN
2253,270,4,,NAN
2349,270,5,,NAN
2464,290,5,,NAN
2605,290,6,,NAN
2705,290,7,,NAN
2828,338,0,0.21304207845233836,FINITE
3116,321,4,,NAN
3208,321,5,,NAN
3298,321,6,,NAN
3383,321,7,,NAN
3487,321,8,,NAN
3609,407,8,0.027727820669095064,FINITE
3680,407,9,,NAN
3762,508,0,0.02513419358668627,FINITE
3844,508,1,0.02356317718091698,FINITE
3927,508,2,0.027615498378459436,FINITE
4002,508,3,0.0271612181129295,FINITE
4504,593,0,0.022651394071678432,FINITE
4577,593,1,0.02473531105167355,FINITE
4660,593,2,0.020776162202514558,FINITE
4723,593,3,0.01961809463468461,FINITE
4799,593,4,,NAN
5148,626,7,,NAN
5221,626,8,,NAN
5287,626,9,,NAN
5366,701,0,0.03264848821400417,FINITE
5440,701,1,0.02927576281255312,FINITE
5526,701,2,0.029322332732644396,FINITE
5594,701,3,0.029440601234494886,FINITE
5656,701,4,0.026179511208612033,FINITE
5817,661,7,,NAN
5885,661,8,,NAN
5974,661,9,,NAN
6073,779,0,,NAN
6156,809,0,0.01958866144846913,FINITE
6240,809,1,0.01840291719398033,FINITE
6325,809,2,0.02040723782797803,FINITE
8024,996,6,,NAN
8138,996,7,,NAN
8257,996,8,,NAN
8399,996,9,,NAN
8548,1131,0,0,FINITE
8718,1152,0,0.014017498835670833,FINITE
8856,1152,1,0.011906165080327375,FINITE
9093,327,7,,NAN
9791,327,8,,NAN
11024,1372,9,,NAN
11105,1501,0,0.02792437947364402,FINITE
11163,1501,1,0.025010600171777104,FINITE
11239,1501,2,0.023837683421369337,FINITE
11306,1501,3,,NAN
11391,1501,4,,NAN
11468,1501,5,,NAN
11537,1501,6,,NAN
11627,1501,7,,NAN
11699,1501,8,,NAN
11774,1501,9,,NAN
11855,1610,0,0.026318967312428384,FINITE
11910,1610,1,0.029631544484509074,FINITE
11964,1610,2,0.02805974961379648,FINITE
12042,1610,3,0.026011299222685687,FINITE
12106,1610,4,0.027259628935177516,FINITE
12195,1610,5,0.02939190212480247,FINITE
13546,1819,3,0.49884523337050035,FINITE
13634,1819,4,,NAN
13674,1819,5,,NAN
13764,1819,6,,NAN
16546,2306,8,,NAN
16579,2306,9,,NAN
16609,2376,0,0.02791745663445579,FINITE
16647,2376,1,0.029920393885667626,FINITE
16685,2376,2,0.02925572324710216,FINITE
16722,2376,3,,NAN
16750,2376,4,,NAN
16782,2376,5,,NAN
16805,2376,6,,NAN
16850,2376,7,,NAN
16879,2376,8,,NAN
16915,2376,9,,NAN
16948,2418,0,,NAN
16980,2427,0,0.03567681634666686,FINITE
17012,2427,1,0.034959502543862236,FINITE
17039,2427,2,0.03496522736433109,FINITE
17070,2427,3,0.0322113133977945,FINITE
17097,2427,4,0.0294998594745746,FINITE
17128,2427,5,0.029061809241987164,FINITE
17161,2427,6,,NAN
17197,2427,7,,NAN
17224,2427,8,,NAN
17255,2427,9,,NAN
17289,2459,0,0.03086854737637008,FINITE
17327,2459,1,0.02907801767837307,FINITE
17359,2459,2,0.024351957302327597,FINITE
17389,2459,3,0.021672856011751736,FINITE
17424,2459,4,0.021245551089618998,FINITE
17459,2459,5,0.022681854766583454,FINITE
17491,2459,6,0.02385361604854986,FINITE
17520,2459,7,,NAN
17555,2459,8,,NAN
17579,2459,9,,NAN
17600,2511,0,0.02342898150209614,FINITE
17626,2511,1,0.02020142552319163,FINITE
17653,2511,2,0.026270052941991973,FINITE
17675,2511,3,,NAN
17698,2511,4,,NAN
17721,2511,5,,NAN
17746,2511,6,,NAN
17769,2511,7,,NAN
17796,2511,8,,NAN
17824,2511,9,,NAN
17850,2577,0,,NAN
17874,2585,0,,NAN
17896,2589,0,0.03683621001626863,FINITE
17919,2589,1,0.029068543294499607,FINITE
17950,2589,2,0.030360402748529625,FINITE
17972,2589,3,0.028717959312677836,FINITE
17997,2589,4,0.026909362390448287,FINITE
18020,2589,5,0.02896282229121779,FINITE
18051,2589,6,,NAN
18073,2589,7,,NAN
18097,2589,8,,NAN
18120,2589,9,,NAN
18146,2617,0,0,FINITE
18168,2621,0,0,FINITE
18186,2626,0,0,FINITE
21154,3173,0,0.03206197443732161,FINITE
21422,3173,1,0.3441117822699503,FINITE
21614,3173,2,,NAN
21615,3339,2,,NAN
21776,3188,3,,NAN
21962,3188,4,,NAN
22038,3188,5,,NAN
22130,3188,6,,NAN
22210,3188,7,,NAN
22380,3188,8,,NAN
22489,3499,0,0.4551516250333672,FINITE
22642,3499,1,,NAN
22776,3499,2,,NAN
22952,3499,3,,NAN
23094,3499,4,,NAN
23413,3499,5,,NAN
23542,3499,6,,NAN
23688,3499,7,,NAN
23771,3750,0,0.6871020506607717,FINITE
23876,3750,1,0.7047843320016207,FINITE
23972,3750,2,,NAN
24070,3750,3,,NAN
24196,3750,4,,NAN
24309,3750,5,,NAN
24409,3750,6,,NAN
24501,3750,7,,NAN
24589,3750,8,,NAN
1102,130,2,0,FINITE
1406,150,5,0.0009980089297381314,FINITE
1510,150,6,0.0008554362254898269,FINITE
1567,150,7,0.0011140929640526128,FINITE
1687,136,8,0.0021248705725406187,FINITE
1794,136,9,0.0020144956301011126,FINITE
2071,186,5,0.0018027171155442232,FINITE
2200,186,6,0.0016910605487729853,FINITE
2323,186,7,0.001717626604282422,FINITE
2465,237,7,0.00256989052212476,FINITE
2557,237,8,0.002397805036127071,FINITE
2649,237,9,0.0023622477618434152,FINITE
2829,369,0,,NAN
3117,420,1,0.03127400658974603,FINITE
3254,420,2,0.025089078127748795,FINITE
3372,420,3,0.025763743263193868,FINITE
3500,420,4,0.02353550460042563,FINITE
3610,364,9,,NAN
3686,484,0,0.026075663917223855,FINITE
3781,484,1,0.02853225387616716,FINITE
3850,484,2,0.0295065263135022,FINITE
3932,484,3,0.033138272601855416,FINITE
4008,484,4,0.029755274550497833,FINITE
4505,526,9,,NAN
4570,617,0,0.02220825216460948,FINITE
4663,617,1,0.02284478185704335,FINITE
4736,617,2,0.026552172840384008,FINITE
4806,617,3,0.028804917288138176,FINITE
5149,606,8,0.025016616889193863,FINITE
5229,606,9,0.02475507198400307,FINITE
5283,683,0,0.021855449774498922,FINITE
5364,683,1,0.025354713153184598,FINITE
5448,683,2,0.023645687318993584,FINITE
5525,683,3,,NAN
5599,683,4,,NAN
5661,683,5,,NAN
5818,691,6,0.021511198724251803,FINITE
5894,691,7,0.021374625008524675,FINITE
5970,691,8,0.020293654464279682,FINITE
6062,691,9,0.02042733833995131,FINITE
6147,805,0,0.036861177561288073,FINITE
6219,805,1,0.03647592051398278,FINITE
6298,805,2,,NAN
8025,1047,2,0.05024522263368084,FINITE
8095,1047,3,0.04805585574905222,FINITE
8170,1047,4,0.04278804589405313,FINITE
8249,1047,5,0.039763183790292166,FINITE
8310,1047,6,,NAN
8378,1047,7,,NAN
8447,1047,8,,NAN
8514,1047,9,,NAN
8564,1150,0,0.014899836550236656,FINITE
8638,1150,1,,NAN
8690,1150,2,,NAN
8771,1150,3,,NAN
8818,1150,4,,NAN
8882,1150,5,,NAN
9130,1065,3,,NAN
11025,1472,0,,NAN
11097,1502,0,0.022374107470794255,FINITE
11153,1502,1,0.021162228260260874,FINITE
11208,1502,2,0.019351430240305334,FINITE
11267,1502,3,0.021473589859456542,FINITE
11322,1502,4,0.021532699191852828,FINITE
11367,1502,5,0.022923048852197203,FINITE
11410,1502,6,0.02441106898972322,FINITE
11476,1502,7,0.0238946810782569,FINITE
11530,1502,8,0.02363147575025429,FINITE
11579,1502,9,0.024015975061525398,FINITE
11633,1587,0,0.02510713322019452,FINITE
11686,1587,1,,NAN
11738,1587,2,,NAN
11808,1587,3,,NAN
11856,1587,4,,NAN
11919,1587,5,,NAN
11989,1587,6,,NAN
12035,1587,7,,NAN
12100,1587,8,,NAN
12145,1587,9,,NAN
13548,1865,0,,NAN
13588,1872,0,0,FINITE
13624,1876,0,,NAN
13665,1883,0,0,FINITE
13709,1892,0,0.02273770732473917,FINITE
13744,1892,1,0.02174296648571955,FINITE
13784,1892,2,0.023112213445053358,FINITE
13828,1892,3,0.02472268905210718,FINITE
13865,1892,4,0.025758118233461264,FINITE
16547,2288,9,,NAN
16590,2371,0,0,FINITE
16631,2380,0,0.030263666688753646,FINITE
16671,2380,1,0.024804512371009294,FINITE
16714,2380,2,0.02772001654925253,FINITE
16757,2380,3,0.027507901931701887,FINITE
16817,2380,4,,NAN
16856,2380,5,,NAN
16899,2380,6,,NAN
16954,2380,7,,NAN
17010,2380,8,,NAN
17071,2380,9,,NAN
17127,2444,0,0.015868477500836288,FINITE
17167,2444,1,0.01758992617421073,FINITE
17225,2444,2,,NAN
17291,2444,3,,NAN
17340,2444,4,,NAN
17408,2444,5,,NAN
17458,2444,6,,NAN
17513,2444,7,,NAN
17706,2492,0,,NAN
17748,2552,0,0.00496686240027203,FINITE
17792,2560,0,,NAN
17833,2571,0,,NAN
17876,2579,0,0.02315169490121207,FINITE
17923,2579,1,,NAN
17965,2579,2,,NAN
18009,2579,3,,NAN
18055,2579,4,,NAN
18112,2579,5,,NAN
18160,2579,6,,NAN
21155,3140,0,0.02157816317361464,FINITE
21284,3140,1,0.02079137726170499,FINITE
21366,3140,2,0.020759550040909572,FINITE
21459,3140,3,,NAN
21619,3160,2,,NAN
21656,3140,4,,NAN
21780,3160,3,,NAN
21970,3160,4,,NAN
22156,3160,5,,NAN
22327,3160,6,,NAN
22404,3160,7,,NAN
22490,3518,0,,NAN
22641,3545,0,0.6893212318739239,FINITE
22696,3545,1,0.36585440659155094,FINITE
22766,3545,2,0.25411202657526677,FINITE
22832,3545,3,0.19524753087687383,FINITE
22910,3545,4,0.15979056859931565,FINITE
23046,3545,5,,NAN
23099,3545,6,,NAN
23149,3545,7,,NAN
23213,3545,8,,NAN
23351,3545,9,,NAN
23406,3687,0,0.023342668249035296,FINITE
23459,3687,1,,NAN
23514,3687,2,,NAN
23578,3687,3,,NAN
23636,3687,4,,NAN
23773,3652,9,,NAN
24160,3767,0,1.327653420762147,FINITE
24498,3767,1,,NAN
24519,3876,2,0.5024391156424551,FINITE
24591,3876,3,0.5039788945610474,FINITE
24665,3876,4,0.5061496475982785,FINITE
24734,3876,5,,NAN
24773,3767,2,,NAN
24819,3876,6,,NAN
24856,3947,3,,NAN
1103,179,1,0.0015316767207180343,FINITE
1104,98,7,0,FINITE
1407,149,5,0.0015316750535512666,FINITE
1515,149,6,0.0013128643316153714,FINITE
1590,149,7,0.0012763964336816448,FINITE
1688,192,2,0.0017018585769084209,FINITE
2072,181,7,0.0025872134298021614,FINITE
2196,181,8,0.00251125515902953,FINITE
2322,181,9,0.0022601296431265768,FINITE
2466,231,6,,NAN
2683,231,7,,NAN
2830,352,0,0.500758106732476,FINITE
3118,324,3,0.028182484417074098,FINITE
3260,324,4,0.028373624728047813,FINITE
3380,324,5,0.028665524504758445,FINITE
3493,324,6,0.027779081107486524,FINITE
3611,344,9,,NAN
3685,485,0,0.03151145639273199,FINITE
3771,485,1,,NAN
3918,485,2,,NAN
4506,462,7,0.002628416763587638,FINITE
4647,462,8,,NAN
4815,462,9,,NAN
5150,619,7,,NAN
5213,619,8,,NAN
5289,619,9,,NAN
5360,704,0,0.021164155548026135,FINITE
5437,704,1,0.017660148842069446,FINITE
5485,704,2,0.023112509957231176,FINITE
5573,704,3,,NAN
5637,704,4,,NAN
5720,704,5,,NAN
5819,686,7,,NAN
5890,686,8,,NAN
5968,686,9,,NAN
6056,777,0,,NAN
6131,802,0,0.03715470814123639,FINITE
6200,802,1,0.031200242330936524,FINITE
6278,802,2,,NAN
6347,802,3,,NAN
8026,1017,4,,NAN
8132,1017,5,,NAN
8236,1017,6,,NAN
8381,1017,7,,NAN
8501,1017,8,,NAN
8649,1017,9,,NAN
8797,1158,0,0.02924284606670495,FINITE
9151,949,8,,NAN
9445,949,9,,NAN
9570,1259,0,0.029276829272384595,FINITE
9679,1259,1,,NAN
9803,1259,2,,NAN
11026,1411,7,,NAN
11096,1411,8,,NAN
11160,1411,9,,NAN
11228,1533,0,0.019674974701530082,FINITE
11293,1533,1,,NAN
11362,1533,2,,NAN
11437,1533,3,,NAN
11502,1533,4,,NAN
11591,1533,5,,NAN
11666,1533,6,,NAN
11749,1533,7,,NAN
11812,1533,8,,NAN
11891,1533,9,,NAN
11939,1623,0,0.028862901867385805,FINITE
11997,1623,1,0.027745578275615676,FINITE
12074,1623,2,0.02716016907179812,FINITE
12158,1623,3,0.024557825598934643,FINITE
13550,1830,2,,NAN
13641,1830,3,,NAN
13737,1830,4,,NAN
13837,1830,5,,NAN
16548,2368,0,0.031127487135552606,FINITE
16583,2368,1,0.027952501853740878,FINITE
16617,2368,2,0.028036224092778977,FINITE
16654,2368,3,0.0299162980415658,FINITE
16689,2368,4,,NAN
16726,2368,5,,NAN
16761,2368,6,,NAN
16826,2368,7,,NAN
16866,2368,8,,NAN
16896,2368,9,,NAN
16928,2417,0,,NAN
16967,2420,0,,NAN
16994,2433,0,0.012252793359469294,FINITE
17027,2433,1,0.02002026601449924,FINITE
17054,2433,2,0.02508302947565268,FINITE
17087,2433,3,,NAN
17114,2433,4,,NAN
17152,2433,5,,NAN
17189,2433,6,,NAN
17217,2433,7,,NAN
17250,2433,8,,NAN
17279,2433,9,,NAN
17320,2461,0,0.029829389945725895,FINITE
17354,2461,1,0.030530768588020438,FINITE
17384,2461,2,,NAN
17417,2461,3,,NAN
17455,2461,4,,NAN
17489,2461,5,,NAN
17517,2461,6,,NAN
17554,2461,7,,NAN
17582,2461,8,,NAN
17606,2461,9,,NAN
17661,2521,0,0.948330418374104,FINITE
17715,2521,1,,NAN
17753,2521,2,,NAN
17842,2521,3,,NAN
17879,2521,4,,NAN
17937,2521,5,,NAN
17970,2521,6,,NAN
18040,2521,7,,NAN
18066,2521,8,,NAN
18106,2521,9,,NAN
18132,2612,0,,NAN
18151,2618,0,0.017685432888198613,FINITE
18171,2618,1,0.02011608343255733,FINITE
18192,2618,2,0.024374652824774454,FINITE
21156,3141,0,0.024397532254271895,FINITE
21420,3141,1,0.36152178334381796,FINITE
21501,3141,2,,NAN
21592,3141,3,,NAN
21637,3138,3,0.37815879967753896,FINITE
21781,3173,3,,NAN
21950,3173,4,,NAN
22132,3173,5,,NAN
22211,3173,6,,NAN
22392,3173,7,,NAN
22491,3494,0,,NAN
22656,3546,0,0.7043315422582126,FINITE
22732,3546,1,0.36272072274156003,FINITE
22807,3546,2,,NAN
22881,3546,3,,NAN
22959,3546,4,,NAN
23027,3546,5,,NAN
23227,3546,6,,NAN
23393,3546,7,,NAN
23460,3546,8,,NAN
23537,3546,9,,NAN
23620,3727,0,,NAN
23774,3756,0,,NAN
23854,3768,0,0.0010211211481455584,FINITE
23933,3783,0,0.03303043490965062,FINITE
23991,3783,1,0.02579908271914229,FINITE
24061,3783,2,,NAN
24117,3783,3,,NAN
24177,3783,4,,NAN
24241,3783,5,,NAN
24304,3783,6,,NAN
24377,3783,7,,NAN
24441,3783,8,,NAN
24496,3783,9,,NAN
24534,3844,6,,NAN
24557,3910,0,,NAN
24564,3844,7,,NAN
24613,3844,8,,NAN
24652,3844,9,,NAN
24664,3923,0,,NAN
24708,3939,0,0.01953633140108794,FINITE
24722,3945,0,0.022810302369097025,FINITE
24746,3939,1,0.0259333134846702,FINITE
24763,3945,1,0.024236004395529892,FINITE
24790,3939,2,0.02788883633619098,FINITE
24812,3945,2,0.025990594029506806,FINITE
1105,135,2,0.0015919763568186544,FINITE
1408,107,2,,NAN
1689,161,8,0.001324863011830642,FINITE
1790,161,9,0.0012944888254621336,FINITE
2073,234,2,0.0009748967113307046,FINITE
2201,234,3,0.000986452820534418,FINITE
2320,234,4,0.002107775203869208,FINITE
2467,273,6,0.02664865718989785,FINITE
2565,273,7,0.026875713415790096,FINITE
2674,273,8,0.02823629903940392,FINITE
2831,366,0,0.03983702504421438,FINITE
3119,322,3,,NAN
3255,322,4,,NAN
3368,322,5,,NAN
3514,322,6,,NAN
3612,371,9,,NAN
3691,486,0,,NAN
3784,511,0,0.021958177569468162,FINITE
3852,511,1,0.02517640974407334,FINITE
3925,511,2,0.023432081899561946,FINITE
4000,511,3,0.021969254623030596,FINITE
4507,596,0,0.04521552874621597,FINITE
4579,596,1,0.031891629637424965,FINITE
4643,596,2,0.0314952870247475,FINITE
4714,596,3,0.03049734757592485,FINITE
4784,596,4,0.029602544834708387,FINITE
4854,596,5,,NAN
5151,568,6,,NAN
5300,568,7,,NAN
5466,568,8,,NAN
5615,568,9,,NAN
5820,757,0,,NAN
5980,764,0,0.027703417881702167,FINITE
6095,764,1,0.024433786714864153,FINITE
6225,764,2,0.027950391091395004,FINITE
6352,764,3,0.03024688364342999,FINITE
8027,1027,5,,NAN
8093,1027,6,,NAN
8161,1027,7,,NAN
8243,1027,8,,NAN
8308,1027,9,,NAN
8374,1115,0,0.029465790091781092,FINITE
8437,1115,1,0.026032427058039112,FINITE
8513,1115,2,0.02594308274224612,FINITE
8569,1115,3,0.025719282140090893,FINITE
8633,1115,4,,NAN
8692,1115,5,,NAN
8759,1115,6,,NAN
8835,1115,7,,NAN
8898,1115,8,,NAN
9364,303,8,,NAN
11027,1446,4,,NAN
11100,1446,5,,NAN
11166,1446,6,,NAN
11234,1446,7,,NAN
11294,1446,8,,NAN
11369,1446,9,,NAN
11445,1565,0,0.025159463267575708,FINITE
11505,1565,1,,NAN
11586,1565,2,,NAN
11649,1565,3,,NAN
11729,1565,4,,NAN
11793,1565,5,,NAN
11880,1565,6,,NAN
11936,1565,7,,NAN
12003,1565,8,,NAN
12078,1565,9,,NAN
12152,1641,0,0.03327168563796337,FINITE
13552,1714,3,,NAN
13816,1714,4,,NAN
16549,2334,4,0.2837822468133707,FINITE
16637,2334,5,,NAN
16679,2334,6,,NAN
16763,2334,7,,NAN
16791,2334,8,,NAN
16861,2334,9,,NAN
16894,2412,0,,NAN
16926,2416,0,0.026628254683845543,FINITE
16963,2416,1,,NAN
16991,2416,2,,NAN
17024,2416,3,,NAN
17051,2416,4,,NAN
17084,2416,5,,NAN
17112,2416,6,,NAN
17149,2416,7,,NAN
17187,2416,8,,NAN
17216,2416,9,,NAN
17247,2456,0,0.036145076295374265,FINITE
17275,2456,1,0.02552245642280546,FINITE
17312,2456,2,0.02089693431864356,FINITE
17348,2456,3,0.025548827664534153,FINITE
17376,2456,4,0.026222108514580723,FINITE
17407,2456,5,0.027742957045217554,FINITE
17445,2456,6,0.027836054884283406,FINITE
17481,2456,7,0.027884299950317586,FINITE
17510,2456,8,0.026987557511612522,FINITE
17547,2456,9,0.026788356789075686,FINITE
17726,2503,0,1.2453833968118804,FINITE
17897,2503,1,1.272210525524268,FINITE
18053,2503,2,,NAN
18177,2503,3,,NAN
21157,3139,0,0.013601568934344404,FINITE
21263,3257,0,0,FINITE
21369,3302,0,0.0010211211481455584,FINITE
21470,3359,0,0.003945781270133631,FINITE
21551,3392,0,0.04176718473343126,FINITE
21626,3392,1,0.03700904494390539,FINITE
21665,3167,3,,NAN
21783,3157,6,,NAN
21864,3157,7,,NAN
21957,3157,8,,NAN
22041,3157,9,,NAN
22220,3443,0,,NAN
22301,3458,0,0.0020422322932905105,FINITE
22387,3481,0,0.23533391643394186,FINITE
22492,3474,1,0.6507585503890292,FINITE
22568,3474,2,0.5619659098759533,FINITE
22675,3474,3,,NAN
22751,3474,4,,NAN
22868,3474,5,,NAN
22936,3474,6,,NAN
23016,3474,7,,NAN
23087,3474,8,,NAN
23258,3474,9,,NAN
23397,3675,0,,NAN
23454,3697,0,,NAN
23506,3711,0,0.035065063000496235,FINITE
23561,3711,1,0.02764634932555384,FINITE
23625,3711,2,0.028161071556810552,FINITE
23671,3711,3,0.02595714318092415,FINITE
23775,3700,6,0.029344473672309777,FINITE
23814,3700,7,0.028176749350409626,FINITE
23855,3700,8,0.02860185737266991,FINITE
23898,3700,9,,NAN
23985,3790,0,0.7280216700651779,FINITE
24087,3790,1,,NAN
24199,3790,2,,NAN
24317,3790,3,,NAN
24422,3790,4,,NAN
24499,3790,5,,NAN
24540,3877,6,0.026376065625591517,FINITE
24573,3877,7,0.026702520748660384,FINITE
24587,3790,6,,NAN
24604,3877,8,0.02578702626923944,FINITE
24637,3877,9,0.02568627153730733,FINITE
24649,3790,7,,NAN
24676,3935,0,0.02519344647325547,FINITE
24686,3790,8,,NAN
24705,3935,1,0.031620685083175275,FINITE
24738,3935,2,0.03244599758925933,FINITE
24766,3790,9,,NAN
24779,3935,3,0.027804212075751646,FINITE
24799,3965,0,0.03093448119208357,FINITE
24809,3935,4,0.02928508094019323,FINITE
24832,3965,1,0.026532642633836704,FINITE
24840,3935,5,0.02893470543109664,FINITE
24857,3908,3,,NAN
24900,3975,0,0.15804775709552385,FINITE
1106,137,2,0.0006807474320970389,FINITE
1409,139,5,0.0008509309557877632,FINITE
1514,139,6,0.0007293693906752256,FINITE
1581,139,7,0.0008761468409468821,FINITE
1690,149,8,0.001361489306971519,FINITE
1796,149,9,0.0014156992755592148,FINITE
2074,262,2,0.001021117813812023,FINITE
2164,262,3,0.0015316717189675535,FINITE
2225,262,4,0.0014295616048031544,FINITE
2327,262,5,0.0013614881953602218,FINITE
2468,281,6,0.022286976462321244,FINITE
2561,281,7,0.024001908528897588,FINITE
2663,281,8,0.023732603489421703,FINITE
2724,281,9,0.024129485682126358,FINITE
2832,116,9,,NAN
3120,398,3,,NAN
3212,398,4,,NAN
3296,398,5,,NAN
3367,398,6,,NAN
3458,398,7,,NAN
3534,398,8,,NAN
3613,468,0,0.0020422322932905105,FINITE
3733,468,1,0.0010211161466452553,FINITE
3853,468,2,0.0006807440977635035,FINITE
3990,468,3,0.0014970033908560355,FINITE
4508,538,4,,NAN
4640,538,5,,NAN
4802,538,6,,NAN
5152,612,9,,NAN
5228,663,0,0.021248546525349386,FINITE
5307,663,1,0.023826913545419305,FINITE
5372,663,2,0.025188120295368766,FINITE
5458,663,3,0.025678301391510082,FINITE
5549,663,4,0.025422147564062404,FINITE
5822,689,6,,NAN
5884,689,7,,NAN
5962,689,8,,NAN
6051,689,9,,NAN
6142,798,0,0.028585615266501864,FINITE
6208,798,1,0.025081889220058252,FINITE
6276,798,2,0.025817088806830858,FINITE
6351,798,3,0.02505525365651455,FINITE
8028,1021,5,,NAN
8103,1021,6,,NAN
8180,1021,7,,NAN
8256,1021,8,,NAN
8321,1021,9,,NAN
8386,1117,0,0.026318967312428384,FINITE
8453,1117,1,0.025782371916532577,FINITE
8516,1117,2,0.02254139822724156,FINITE
8577,1117,3,0.022010700920039865,FINITE
8642,1117,4,0.021405292822023924,FINITE
8704,1117,5,,NAN
8773,1117,6,,NAN
8840,1117,7,,NAN
8899,1117,8,,NAN
9580,304,8,,NAN
11028,1486,0,0.04565453504991597,FINITE
11106,1486,1,0.03756116883506184,FINITE
11172,1486,2,0.03711490719935162,FINITE
11244,1486,3,0.03557489555687139,FINITE
11305,1486,4,0.03564352383760823,FINITE
11382,1486,5,0.03638414507777468,FINITE
11452,1486,6,0.03526259366939552,FINITE
11527,1486,7,0.03297249052674201,FINITE
11613,1486,8,0.03280592691597886,FINITE
11690,1486,9,0.03193415570424365,FINITE
11763,1601,0,0.024968489919752597,FINITE
11851,1601,1,0.02721714000576679,FINITE
11916,1601,2,0.07230326319493377,FINITE
11974,1601,3,,NAN
12041,1601,4,,NAN
12108,1601,5,,NAN
12185,1601,6,,NAN
13557,1722,8,,NAN
13648,1722,9,,NAN
13695,1888,0,0.0010211211481455584,FINITE
13730,1897,0,0.02412024565338782,FINITE
13777,1897,1,0.027277258143365075,FINITE
13815,1897,2,0.030094554226926,FINITE
13859,1897,3,,NAN
16550,2355,1,,NAN
16592,2355,2,,NAN
16634,2355,3,,NAN
16678,2355,4,,NAN
16727,2355,5,,NAN
16789,2355,6,,NAN
16836,2355,7,,NAN
16885,2355,8,,NAN
16942,2355,9,,NAN
16987,2424,0,0.028585615266501864,FINITE
17048,2424,1,0.0270281741703207,FINITE
17108,2424,2,0.024236797374112065,FINITE
17157,2424,3,0.02475275314826576,FINITE
17213,2424,4,0.022743975159095313,FINITE
17276,2424,5,0.02276571401596739,FINITE
17324,2424,6,0.023068065823213697,FINITE
17390,2424,7,0.024116441493833494,FINITE
17447,2424,8,0.02396906325808759,FINITE
17502,2424,9,0.02352579007238762,FINITE
17549,2489,0,0.32291176064522953,FINITE
17651,2489,1,0.4931394378052772,FINITE
21158,3159,0,0.026682567166373402,FINITE
21405,3159,1,,NAN
21576,3159,2,,NAN
21666,3178,5,,NAN
21788,3175,3,,NAN
21860,3175,4,,NAN
21958,3175,5,,NAN
22146,3175,6,,NAN
22325,3175,7,,NAN
22496,3477,1,,NAN
22618,3477,2,,NAN
22735,3477,3,,NAN
22851,3477,4,,NAN
23114,3477,5,,NAN
23224,3477,6,,NAN
23512,3477,7,,NAN
23779,3753,0,0.717163647744419,FINITE
23900,3753,1,,NAN
24000,3753,2,,NAN
24033,3753,3,,NAN
24158,3753,4,,NAN
24271,3753,5,,NAN
24387,3753,6,,NAN
24479,3753,7,,NAN
24556,3875,1,0.6122468492281172,FINITE
24583,3753,8,,NAN
24663,3753,9,,NAN
24695,3944,0,0.015038479850678688,FINITE
24724,3955,0,0,FINITE
24767,3961,0,,NAN
24797,3966,0,,NAN
24835,3969,0,0.2842935124809673,FINITE
24858,3968,0,0.3656270060477398,FINITE
24901,3324,8,,NAN
24918,3968,1,,NAN
24973,3968,2,,NAN
25022,3968,3,,NAN
25055,3968,4,,NAN
25102,3968,5,,NAN
25126,4002,2,,NAN
25151,4002,3,,NAN
25157,3968,6,,NAN
25180,4002,4,,NAN
25195,3324,9,,NAN
25207,4002,5,,NAN
25214,3968,7,,NAN
25229,4002,6,,NAN
25239,4022,0,0.6302310829178965,FINITE
25257,4002,7,,NAN
25262,3968,8,,NAN
25272,4020,0,0.5996654452524214,FINITE
25283,4022,1,,NAN
25287,4002,8,,NAN
25310,4002,9,,NAN
25319,4022,2,,NAN
25321,4013,4,,NAN
25332,3968,9,,NAN
25336,4046,0,,NAN
1107,123,2,0,FINITE
1410,191,0,0,FINITE
1558,191,1,0.0009517944964242388,FINITE
1691,191,2,0.0012690593285656518,FINITE
1824,191,3,0.0009517944964242388,FINITE
2075,265,2,0.0016094263756135305,FINITE
2162,265,3,0.0012070697817101479,FINITE
2238,265,4,0.0009656558253681183,FINITE
2337,265,5,0.000974900045831025,FINITE
2469,260,6,0.0012930538582658308,FINITE
2567,260,7,0.001131422125982602,FINITE
2664,260,8,0.0013460789380327735,FINITE
2736,260,9,0.0012114710442294961,FINITE
2833,288,9,,NAN
3121,424,2,,NAN
3206,424,3,,NAN
3286,424,4,,NAN
3362,424,5,,NAN
3451,424,6,,NAN
3531,424,7,,NAN
3614,384,9,,NAN
3702,487,0,0.03188934793120003,FINITE
3787,487,1,0.02663826887849583,FINITE
3861,487,2,0.02145655891864907,FINITE
3945,487,3,0.019527472247683468,FINITE
4509,548,3,0.02257059248404862,FINITE
4648,548,4,0.02472168765768614,FINITE
4807,548,5,0.024252703018385124,FINITE
5153,557,7,0.027100440353854553,FINITE
5295,557,8,0.028409022607105167,FINITE
5455,557,9,0.027295070645081927,FINITE
5597,728,0,,NAN
5823,742,1,0.025799303347898886,FINITE
5977,742,2,0.023804074899256594,FINITE
6098,742,3,0.027591795709985593,FINITE
6246,742,4,,NAN
6367,742,5,,NAN
8029,1040,3,0.03308858537066557,FINITE
8102,1040,4,0.03919738085093693,FINITE
8179,1040,5,0.03713320157452755,FINITE
8248,1040,6,,NAN
8298,1040,7,,NAN
8376,1040,8,,NAN
8432,1040,9,,NAN
8506,1137,0,0.024113322814199707,FINITE
8567,1137,1,0.02375416055530804,FINITE
8624,1137,2,,NAN
8686,1137,3,,NAN
8740,1137,4,,NAN
8799,1137,5,,NAN
8854,1137,6,,NAN
8917,1137,7,,NAN
9873,1256,7,,NAN
11029,1479,1,0.02266726412864288,FINITE
11094,1479,2,0.024962881376851542,FINITE
11150,1479,3,0.025771347465555452,FINITE
11198,1479,4,0.026117783818335738,FINITE
11241,1479,5,,NAN
11300,1479,6,,NAN
11350,1479,7,,NAN
11406,1479,8,,NAN
11470,1479,9,,NAN
11507,1578,0,0.028724258566943772,FINITE
11562,1578,1,0.02468391205944071,FINITE
11622,1578,2,0.023233373288085158,FINITE
11677,1578,3,0.023157200134204494,FINITE
11728,1578,4,,NAN
11798,1578,5,,NAN
11841,1578,6,,NAN
11900,1578,7,,NAN
11975,1578,8,,NAN
12030,1578,9,,NAN
12095,1634,0,0.030797870487287233,FINITE
12150,1634,1,0.024215486664052377,FINITE
13558,1827,3,,NAN
13660,1827,4,,NAN
13763,1827,5,,NAN
13796,1827,6,,NAN
16551,2353,1,0.03312213900788431,FINITE
16591,2353,2,0.028068999168283842,FINITE
16641,2353,3,0.02772189555901954,FINITE
16681,2353,4,0.02778372486016235,FINITE
16731,2353,5,0.026432266500390284,FINITE
16795,2353,6,,NAN
16841,2353,7,,NAN
16888,2353,8,,NAN
16951,2353,9,,NAN
17002,2429,0,0.019397688100646127,FINITE
17072,2429,1,0.01568659742961562,FINITE
17119,2429,2,0.0208858907123091,FINITE
17179,2429,3,0.023774887659782508,FINITE
17241,2429,4,0.023688443777633066,FINITE
17308,2429,5,0.02435727405077226,FINITE
17369,2429,6,0.02651672421355759,FINITE
17431,2429,7,0.026640940195443517,FINITE
17484,2429,8,0.02637249192352204,FINITE
17538,2429,9,0.02534118781603579,FINITE
17623,2499,0,,NAN
17663,2524,0,0,FINITE
17701,2538,0,0.023836036213315533,FINITE
17744,2538,1,0.029315367726057903,FINITE
17783,2538,2,0.023829533318770756,FINITE
17829,2538,3,0.02727330530113857,FINITE
17870,2538,4,0.02577418874963202,FINITE
17917,2538,5,0.027773596806728484,FINITE
17957,2538,6,,NAN
18004,2538,7,,NAN
18050,2538,8,,NAN
18109,2538,9,,NAN
18164,2614,0,0.02279003737212036,FINITE
21159,3192,0,0.25496633680874314,FINITE
21296,3192,1,,NAN
21394,3192,2,,NAN
21667,3141,4,,NAN
21791,3325,0,,NAN
21876,3431,0,0.03657696812121568,FINITE
21954,3431,1,0.027408487105591323,FINITE
22044,3431,2,0.027751673613908973,FINITE
22127,3431,3,0.028678031156386168,FINITE
22212,3431,4,0.027555501254739177,FINITE
22289,3431,5,0.025947982619232913,FINITE
22373,3431,6,0.027967878142000628,FINITE
22497,3156,8,,NAN
22558,3156,9,,NAN
22622,3562,0,0.04152601433040855,FINITE
22672,3562,1,0.027330582717744537,FINITE
22742,3562,2,0.02668186175218922,FINITE
22796,3562,3,0.02714421699484025,FINITE
22948,3562,4,,NAN
23057,3562,5,,NAN
23111,3562,6,,NAN
23174,3562,7,,NAN
23235,3562,8,,NAN
23361,3562,9,,NAN
23486,3689,0,,NAN
23548,3717,0,0.030520583886403056,FINITE
23614,3717,1,,NAN
23674,3717,2,,NAN
23781,3701,4,,NAN
23870,3701,5,,NAN
23947,3701,6,,NAN
24014,3701,7,,NAN
24074,3701,8,,NAN
24130,3701,9,,NAN
24189,3847,0,,NAN
24258,3857,0,0,FINITE
24370,3872,0,0.37684614722467547,FINITE
24475,3872,1,,NAN
24555,3872,2,,NAN
24574,3881,4,0.02972450092157663,FINITE
24618,3881,5,,NAN
24619,3872,3,,NAN
24657,3881,6,,NAN
24701,3872,4,,NAN
24711,3881,7,,NAN
24750,3881,8,,NAN
1108,129,2,0,FINITE
1109,70,7,0,FINITE
1411,182,4,0.002699513873203901,FINITE
1512,182,5,0.0024197817523608435,FINITE
1583,182,6,0.002074098644880723,FINITE
1692,116,5,,NAN
2076,266,2,0.01815464166394821,FINITE
2181,266,3,0.01754843979805972,FINITE
2250,266,4,0.015821240546512832,FINITE
2339,266,5,0.01680351281780465,FINITE
2470,259,6,0.0011669913108803781,FINITE
2574,259,7,0.0014040340763245992,FINITE
2680,259,8,0.0012480302900663104,FINITE
2834,92,4,,NAN
3122,400,3,,NAN
3211,400,4,,NAN
3294,400,5,,NAN
3381,400,6,,NAN
3472,400,7,,NAN
3615,398,9,,NAN
3693,488,0,0.04189386146356135,FINITE
3789,488,1,,NAN
3858,488,2,,NAN
3950,488,3,,NAN
4510,564,2,,NAN
4658,564,3,,NAN
4833,564,4,,NAN
5154,622,7,0.024034803899441213,FINITE
5237,622,8,0.023889697039580826,FINITE
5308,622,9,0.023639446318201883,FINITE
5378,707,0,0.027478461328199297,FINITE
5463,707,1,0.025384399764926645,FINITE
5550,707,2,0.025090330626295856,FINITE
5610,707,3,0.024536835626017193,FINITE
5680,707,4,,NAN
5824,666,7,,NAN
5886,666,8,,NAN
5963,666,9,,NAN
6066,775,0,0.030618321141977545,FINITE
6150,775,1,0.023615236510939747,FINITE
6237,775,2,0.029608226299136703,FINITE
6313,775,3,0.02741480444929275,FINITE
8030,1069,0,0.02279003737212036,FINITE
8140,1069,1,0.025712990094838045,FINITE
8260,1069,2,0.022789249572614505,FINITE
8403,1069,3,0.02161727787684211,FINITE
8545,1069,4,0.02233112702828716,FINITE
8712,1069,5,0.02234395430298493,FINITE
8869,1069,6,0.02197472878854484,FINITE
9891,1202,5,,NAN
10017,1202,6,,NAN
10152,1202,7,,NAN
11030,1463,2,,NAN
11109,1463,3,,NAN
11170,1463,4,,NAN
11247,1463,5,,NAN
11310,1463,6,,NAN
11394,1463,7,,NAN
11460,1463,8,,NAN
11531,1463,9,,NAN
11611,1581,0,0.03120484495377964,FINITE
11670,1581,1,0.027523902003141705,FINITE
11733,1581,2,0.028419713549218618,FINITE
11794,1581,3,0.029745184848156275,FINITE
11873,1581,4,0.027499227974775598,FINITE
11929,1581,5,0.02754164922295459,FINITE
11986,1581,6,,NAN
12067,1581,7,,NAN
12135,1581,8,,NAN
13568,1739,4,,NAN
13747,1739,5,,NAN
16552,2354,2,,NAN
16581,2354,3,,NAN
16610,2354,4,,NAN
16648,2354,5,,NAN
16686,2354,6,,NAN
16720,2354,7,,NAN
16755,2354,8,,NAN
16783,2354,9,,NAN
16808,2404,0,0.029224499225003406,FINITE
16851,2404,1,0.031169597360411604,FINITE
16887,2404,2,0.028046794049382633,FINITE
16919,2404,3,0.026892340912561007,FINITE
16953,2404,4,,NAN
16984,2404,5,,NAN
17013,2404,6,,NAN
17040,2404,7,,NAN
17075,2404,8,,NAN
17104,2404,9,,NAN
17139,2446,0,,NAN
17174,2449,0,0.033912572092792345,FINITE
17206,2449,1,0.029150609564943523,FINITE
17238,2449,2,0.02820606800238959,FINITE
17270,2449,3,0.026492852656820134,FINITE
17303,2449,4,0.023793583686383808,FINITE
17339,2449,5,0.024035942888424092,FINITE
17370,2449,6,0.022750591025889035,FINITE
17400,2449,7,0.0217453750479546,FINITE
17434,2449,8,0.02157092288742967,FINITE
17471,2449,9,0.021748097423590233,FINITE
17506,2481,0,0.2641332659416703,FINITE
17542,2481,1,0.2422006781551424,FINITE
17573,2481,2,0.2215488174046183,FINITE
17594,2481,3,0.21437705671879345,FINITE
17618,2481,4,0.21566016273704797,FINITE
17647,2481,5,,NAN
17673,2481,6,,NAN
17699,2481,7,,NAN
17725,2481,8,,NAN
17751,2481,9,,NAN
17772,2561,0,0,FINITE
17799,2567,0,,NAN
17835,2572,0,,NAN
17857,2580,0,,NAN
17878,2586,0,0.01694176852816721,FINITE
17903,2586,1,0.021413229548783864,FINITE
17930,2586,2,0.022489098249014645,FINITE
17958,2586,3,0.022226703655054136,FINITE
17981,2586,4,0.02273686623842916,FINITE
18006,2586,5,0.023122035254295167,FINITE
18028,2586,6,0.023909448830699953,FINITE
18059,2586,7,0.024213773382334127,FINITE
18082,2586,8,0.024800337501882836,FINITE
18108,2586,9,0.026240822189351087,FINITE
18134,2613,0,0.025141116425874167,FINITE
18152,2613,1,0.02658607924530389,FINITE
18173,2613,2,0.030093819807883726,FINITE
18196,2613,3,0.026792724476109326,FINITE
21160,3179,0,0.05037319112033188,FINITE
21269,3179,1,,NAN
21500,3179,2,,NAN
21581,3179,3,,NAN
21659,3179,4,,NAN
21668,3189,5,,NAN
21796,3234,5,,NAN
21991,3234,6,,NAN
22187,3234,7,,NAN
22257,3234,8,,NAN
22499,3511,0,,NAN
22655,3548,0,0.7260283056199713,FINITE
22799,3548,1,,NAN
22864,3548,2,,NAN
22920,3548,3,,NAN
23071,3548,4,,NAN
23177,3548,5,,NAN
23303,3548,6,,NAN
23350,3548,7,,NAN
23403,3548,8,,NAN
23539,3548,9,,NAN
23602,3728,0,0.017580772793436547,FINITE
23663,3728,1,0.021387109633345953,FINITE
23784,3703,4,,NAN
23861,3703,5,,NAN
23941,3703,6,,NAN
24001,3703,7,,NAN
24062,3703,8,,NAN
24114,3703,9,,NAN
24167,3845,0,0.019206714752822793,FINITE
1110,124,2,0,FINITE
1111,181,0,0.0020422322932905105,FINITE
1412,190,0,0.005710646922521822,FINITE
1565,190,1,0.004317668528256968,FINITE
1693,142,7,,NAN
1791,142,8,,NAN
2077,264,2,0.0013614915298605426,FINITE
2180,264,3,0.001021118647395407,FINITE
2257,264,4,0.0008168949179163255,FINITE
2347,264,5,0.001021117813812023,FINITE
2471,187,8,0.0017999038900965362,FINITE
2595,187,9,0.0019262468445302972,FINITE
2835,364,0,0.009189730141209341,FINITE
3123,315,3,,NAN
3265,315,4,,NAN
3385,315,5,,NAN
3527,315,6,,NAN
3621,314,6,,NAN
3757,314,7,,NAN
3922,314,8,,NAN
4511,581,1,0.03494475480415059,FINITE
4588,581,2,0.0319072900434402,FINITE
4671,581,3,0.029787712908104183,FINITE
4745,581,4,0.028923922460098273,FINITE
4813,581,5,0.029640170092994186,FINITE
5155,544,8,0.021613360343057317,FINITE
5311,544,9,0.022914231582019422,FINITE
5465,708,0,0.02676689798428769,FINITE
5604,708,1,0.02222616543624326,FINITE
5825,699,6,0.026449321191163104,FINITE
5881,699,7,0.02702075534791078,FINITE
5951,699,8,,NAN
6024,699,9,,NAN
6100,787,0,,NAN
6162,814,0,0.03126613043599452,FINITE
6245,814,1,0.037435862668923306,FINITE
6305,814,2,0.03318829701156808,FINITE
6389,814,3,0.034374782232802846,FINITE
8031,947,8,0.027395186370989637,FINITE
8149,947,9,0.026896476801538054,FINITE
8288,1102,0,0.03628371959581608,FINITE
8436,1102,1,0.03300993672464656,FINITE
8578,1102,2,0.02690957888390222,FINITE
8756,1102,3,0.028982592552619504,FINITE
8907,1102,4,0.027456715366117934,FINITE
9892,1226,5,0.019937138112494878,FINITE
10019,1226,6,,NAN
10130,1226,7,,NAN
11031,1484,0,0.018983660429960157,FINITE
11102,1484,1,0.022210205149210023,FINITE
11164,1484,2,,NAN
11243,1484,3,,NAN
11313,1484,4,,NAN
11395,1484,5,,NAN
11463,1484,6,,NAN
11535,1484,7,,NAN
11621,1484,8,,NAN
11696,1484,9,,NAN
11773,1602,0,0.022599064024297132,FINITE
11849,1602,1,,NAN
11904,1602,2,,NAN
11960,1602,3,,NAN
12028,1602,4,,NAN
12098,1602,5,,NAN
12184,1602,6,,NAN
13571,1757,4,,NAN
13722,1757,5,,NAN
16553,2367,0,0,FINITE
16593,2372,0,0.03355102490573921,FINITE
16633,2372,1,,NAN
16675,2372,2,,NAN
21161,3187,0,,NAN
21277,3258,0,0,FINITE
21390,3310,0,0,FINITE
21487,3369,0,0.12200370699061805,FINITE
21558,3369,1,0.13605208404879432,FINITE
21630,3369,2,,NAN
21669,3235,3,,NAN
21808,3210,5,,NAN
22001,3210,6,,NAN
22078,3210,7,,NAN
22159,3210,8,,NAN
22500,3241,8,,NAN
22575,3241,9,,NAN
22694,3568,0,0.4188262549471782,FINITE
22822,3568,1,0.41468905264158534,FINITE
22941,3568,2,,NAN
23066,3568,3,,NAN
23205,3568,4,,NAN
23333,3568,5,,NAN
23480,3568,6,,NAN
23608,3568,7,,NAN
23785,3525,8,,NAN
23953,3525,9,,NAN
24028,3807,0,,NAN
24086,3825,0,0,FINITE
24139,3835,0,,NAN
24204,3849,0,0.014156142136112866,FINITE
24264,3859,0,0.0040844245705756645,FINITE
24418,3873,0,,NAN
24502,3892,0,0.5413085640253535,FINITE
24563,3892,1,,NAN
24577,3837,7,,NAN
24625,3837,8,,NAN
24632,3892,2,,NAN
24675,3837,9,,NAN
24698,3892,3,,NAN
24727,3948,0,0.018654043781695016,FINITE
24764,3948,1,0.0195363263900649,FINITE
24771,3892,4,,NAN
24804,3948,2,0.024668665106457297,FINITE
24859,3951,4,0.028333262576275338,FINITE
24878,3951,5,0.026007593239254143,FINITE
24904,3951,6,,NAN
24912,3947,4,,NAN
24930,3951,7,,NAN
24955,3951,8,,NAN
24958,3947,5,,NAN
24984,3951,9,,NAN
25008,3992,0,0.0020422322932905105,FINITE
25016,3947,6,,NAN
25037,3998,0,0.029415472572826958,FINITE
25071,3947,7,,NAN
25074,3998,1,0.031732312631017945,FINITE
25101,3998,2,0.03397615961881902,FINITE
25120,3947,8,,NAN
25129,4008,0,0.037770637092210804,FINITE
25132,3998,3,0.032786513810568116,FINITE
25156,3998,4,0.03255882647478271,FINITE
25175,3947,9,,NAN
25183,3998,5,0.03368129048472501,FINITE
25192,4008,1,0.03007237228150253,FINITE
25210,3998,6,0.0338205426923869,FINITE
25226,4016,0,0.04282185805220549,FINITE
25233,4008,2,0.02883025741397499,FINITE
25234,3998,7,0.03225558442742986,FINITE
25249,3893,5,,NAN
25258,3998,8,0.03196123570445432,FINITE
25273,4016,1,0.027813696254510377,FINITE
25284,3998,9,0.030900239566040773,FINITE
25285,4008,3,0.029382986531104185,FINITE
25313,4037,0,,NAN
25323,4027,1,,NAN
25326,4016,2,,NAN
25331,4008,4,0.031220091962720065,FINITE
25333,4048,0,,NAN
25355,4032,1,0.021993116900486533,FINITE
25364,4052,0,0,FINITE
25365,3893,6,,NAN
25371,4008,5,0.02927279853578141,FINITE
25385,4016,3,,NAN
25395,4057,0,0.04245825819826069,FINITE
25400,4032,2,0.021826027907175624,FINITE
25411,4008,6,0.029864167545712233,FINITE
25412,4040,2,0.016987208595858453,FINITE
25417,4016,4,,NAN
1112,126,2,0,FINITE
1413,193,0,0.0020422322932905105,FINITE
1566,193,1,0.0010211161466452553,FINITE
1694,202,2,0.0019960145251427274,FINITE
1812,202,3,0.0017522911808934352,FINITE
2078,271,2,0.038047883531123566,FINITE
2177,271,3,,NAN
2265,271,4,,NAN
2472,271,5,,NAN
2688,271,6,,NAN
2836,354,0,,NAN
3124,423,2,,NAN
3209,423,3,,NAN
3289,423,4,,NAN
3374,423,5,,NAN
3475,423,6,,NAN
3623,324,7,,NAN
3753,324,8,,NAN
3882,324,9,,NAN
4512,518,9,,NAN
4590,618,0,0.022217117328650678,FINITE
4669,618,1,0.021222376489631063,FINITE
4737,618,2,0.021773053759863378,FINITE
4811,618,3,0.021793652763522235,FINITE
5156,541,8,,NAN
5285,541,9,,NAN
5451,700,0,0.02820366857085529,FINITE
5586,700,1,0.030777372311345697,FINITE
5826,759,0,0.01791038944170159,FINITE
5984,759,1,0.019233820870289145,FINITE
6104,759,2,0.022194999019457578,FINITE
6227,759,3,0.025288684935917537,FINITE
6350,759,4,0.026130902608226182,FINITE
8032,1057,0,,NAN
8110,1087,0,0.010072117925867981,FINITE
8168,1087,1,0.01888677167116811,FINITE
8244,1087,2,0.019507256329678754,FINITE
8302,1087,3,0.02028020825333335,FINITE
8375,1087,4,0.0195293343280349,FINITE
8442,1087,5,0.02075303828653741,FINITE
8510,1087,6,,NAN
8566,1087,7,,NAN
8634,1087,8,,NAN
8685,1087,9,,NAN
8739,1166,0,0.031455071188172055,FINITE
8804,1166,1,0.027027067606234596,FINITE
8868,1166,2,0.024189845231240684,FINITE
8930,1166,3,0.023536924716834204,FINITE
9893,1240,9,,NAN
9945,1327,0,0,FINITE
10001,1334,0,0.024502192349034273,FINITE
10063,1334,1,0.020116013274714267,FINITE
10118,1334,2,0.020741395774858742,FINITE
11032,1450,4,,NAN
11092,1450,5,,NAN
11146,1450,6,,NAN
11197,1450,7,,NAN
11245,1450,8,,NAN
11311,1450,9,,NAN
11361,1553,0,0,FINITE
11409,1563,0,0.01387885553522858,FINITE
11475,1563,1,0.0241398559016422,FINITE
11526,1563,2,0.026575953384089523,FINITE
11580,1563,3,0.027761580158911045,FINITE
11632,1563,4,0.026562704971457844,FINITE
11688,1563,5,0.027533845552018443,FINITE
11745,1563,6,0.028049553527674156,FINITE
11817,1563,7,0.02795854323497185,FINITE
11858,1563,8,,NAN
11931,1563,9,,NAN
11992,1628,0,0.02524577652063666,FINITE
12045,1628,1,0.036169537311177134,FINITE
12109,1628,2,0.037475441966987065,FINITE
12163,1628,3,0.03472098412845787,FINITE
13617,1712,4,,NAN
13809,1712,5,,NAN
16554,2369,0,0,FINITE
16585,2373,0,,NAN
16627,2378,0,0.01680312522772529,FINITE
16658,2378,1,,NAN
16697,2378,2,,NAN
16730,2378,3,,NAN
16759,2378,4,,NAN
16786,2378,5,,NAN
16820,2378,6,,NAN
16860,2378,7,,NAN
16893,2378,8,,NAN
16922,2378,9,,NAN
16955,2419,0,0.03043629319487521,FINITE
16988,2419,1,0.029249657984480572,FINITE
17023,2419,2,0.02907452484530164,FINITE
17050,2419,3,0.027742599200604186,FINITE
17083,2419,4,0.028336390807328648,FINITE
17111,2419,5,,NAN
17148,2419,6,,NAN
17186,2419,7,,NAN
17215,2419,8,,NAN
17246,2419,9,,NAN
17272,2457,0,0.024640835649476427,FINITE
17309,2457,1,,NAN
17345,2457,2,,NAN
17375,2457,3,,NAN
17403,2457,4,,NAN
17440,2457,5,,NAN
17474,2457,6,,NAN
17507,2457,7,,NAN
17530,2457,8,,NAN
17566,2457,9,,NAN
17621,2507,0,0.535287846333481,FINITE
21162,3190,0,0.03550418984054518,FINITE
21411,3190,1,0.37244811679665113,FINITE
21493,3190,2,0.2591534837283369,FINITE
21582,3190,3,,NAN
21662,3190,4,,NAN
21670,3174,3,,NAN
21810,3324,0,1.3119965702911616,FINITE
22278,3324,1,,NAN
22502,3231,7,,NAN
22659,3231,8,,NAN
22730,3231,9,,NAN
22801,3599,0,0,FINITE
22876,3613,0,0,FINITE
22973,3627,0,,NAN
23049,3646,0,,NAN
23130,3656,0,0.02339499829641638,FINITE
23203,3656,1,0.02909484876760822,FINITE
23270,3656,2,0.024564858394035907,FINITE
23353,3656,3,0.02347205690675988,FINITE
23427,3656,4,,NAN
23516,3656,5,,NAN
23587,3656,6,,NAN
23662,3656,7,,NAN
23789,3725,4,0.022067768045141024,FINITE
23831,3725,5,0.023416307803282747,FINITE
23875,3725,6,0.024221101001450196,FINITE
23915,3725,7,0.023055942945048504,FINITE
23949,3725,8,0.024335483216634535,FINITE
23986,3725,9,0.02510813233870323,FINITE
24025,3813,0,,NAN
24064,3824,0,0,FINITE
24119,3831,0,0.018706373829076108,FINITE
24163,3831,1,0.03208586310838542,FINITE
24217,3831,2,0.025722744673803113,FINITE
24260,3831,3,0.02546534992956671,FINITE
24298,3831,4,0.026535523409451124,FINITE
24327,3831,5,0.025083615539316057,FINITE
24356,3831,6,0.02522533673616003,FINITE
24400,3831,7,0.025052539525702997,FINITE
24435,3831,8,0.024672312158513336,FINITE
24469,3831,9,0.02586783169096151,FINITE
24524,3904,0,0.36645260031338267,FINITE
24570,3904,1,0.3742212906919371,FINITE
24594,3884,4,,NAN
24624,3884,5,,NAN
24667,3884,6,,NAN
1113,125,2,0,FINITE
1414,151,5,0.0021892902589045666,FINITE
1516,151,6,0.0018765345076324855,FINITE
1588,151,7,0.0016419676941784248,FINITE
1695,146,8,0.0009076576854623029,FINITE
1798,146,9,0.0009190040317306284,FINITE
2079,272,2,0.0009748967113307046,FINITE
2185,272,3,0.0007311725334980284,FINITE
2269,272,4,0.0005849380267984228,FINITE
2345,272,5,0.0009748967113307046,FINITE
2473,192,8,0.0019287699414958063,FINITE
2593,192,9,0.0020422262907896405,FINITE
2837,359,0,,NAN
3125,410,3,0.026494299372886353,FINITE
3214,410,4,0.025428270607914312,FINITE
3287,410,5,0.026983678178781997,FINITE
3370,410,6,0.02640439282075064,FINITE
3465,410,7,0.024966323286936393,FINITE
3625,322,7,,NAN
3745,322,8,,NAN
3884,322,9,,NAN
4006,544,0,0.02547073307413943,FINITE
4513,585,0,0.026437281336022318,FINITE
4642,585,1,0.028959706445343007,FINITE
4823,585,2,0.02348255358220574,FINITE
5157,540,8,,NAN
5286,540,9,,NAN
5447,702,0,0.017355816239933566,FINITE
5570,702,1,,NAN
5727,702,2,,NAN
5827,693,6,,NAN
5879,693,7,,NAN
5952,693,8,,NAN
6044,693,9,,NAN
6126,794,0,0.02954518050565371,FINITE
6206,794,1,0.03029216089624978,FINITE
6289,794,2,0.027635366405304174,FINITE
8033,1070,0,0.013687882187405246,FINITE
8160,1070,1,0.016335771308682703,FINITE
8295,1070,2,0.023059378661789597,FINITE
8433,1070,3,0.023104036034910423,FINITE
8587,1070,4,0.022390495108145968,FINITE
8760,1070,5,0.024797765455921033,FINITE
8902,1070,6,0.02440929525196215,FINITE
9894,1277,3,,NAN
9948,1277,4,,NAN
10004,1277,5,,NAN
10061,1277,6,,NAN
10116,1277,7,,NAN
10165,1277,8,,NAN
11034,1485,0,0,FINITE
11111,1503,0,0.02469316569685751,FINITE
11176,1503,1,0.030392955972425292,FINITE
11242,1503,2,,NAN
11312,1503,3,,NAN
11401,1503,4,,NAN
11479,1503,5,,NAN
11559,1503,6,,NAN
11638,1503,7,,NAN
11698,1503,8,,NAN
11762,1503,9,,NAN
11840,1608,0,0.028196745731667396,FINITE
11983,1608,1,,NAN
12056,1608,2,,NAN
13640,1741,4,,NAN
13853,1741,5,,NAN
16555,2323,7,,NAN
16588,2323,8,,NAN
16620,2323,9,,NAN
16657,2383,0,0.03042734779415432,FINITE
16696,2383,1,0.02419503364161855,FINITE
16725,2383,2,0.025375158635128365,FINITE
16751,2383,3,0.024066699575733954,FINITE
16781,2383,4,0.02512420109215326,FINITE
16806,2383,5,0.024712066588740752,FINITE
16834,2383,6,0.023416560068539705,FINITE
16870,2383,7,0.02348294245338051,FINITE
16902,2383,8,0.024502605760395757,FINITE
16932,2383,9,0.02324989586021469,FINITE
16972,2423,0,0.019622644654148886,FINITE
16998,2423,1,0.019138344217921953,FINITE
17029,2423,2,0.018359937887856396,FINITE
17057,2423,3,0.018295294113273502,FINITE
17091,2423,4,0.02096544419781788,FINITE
17126,2423,5,,NAN
17162,2423,6,,NAN
17198,2423,7,,NAN
17223,2423,8,,NAN
17252,2423,9,,NAN
17284,2458,0,0.041055621389519535,FINITE
17321,2458,1,0.03087479735655045,FINITE
17352,2458,2,0.026276668847236714,FINITE
17380,2458,3,0.023142554694124202,FINITE
17409,2458,4,0.02617186860043178,FINITE
17444,2458,5,0.025589309185912634,FINITE
17477,2458,6,,NAN
17505,2458,7,,NAN
17532,2458,8,,NAN
17567,2458,9,,NAN
17597,2508,0,,NAN
17620,2515,0,,NAN
17644,2523,0,0.04017356453166776,FINITE
17667,2523,1,0.03579834255490298,FINITE
17731,2523,2,0.2645029084166567,FINITE
17755,2523,3,,NAN
17781,2523,4,,NAN
17805,2523,5,,NAN
17834,2523,6,,NAN
17882,2523,7,,NAN
17905,2523,8,,NAN
17931,2523,9,,NAN
17955,2596,0,,NAN
17978,2598,0,,NAN
18005,2599,0,0,FINITE
18031,2601,0,0.026939524490409254,FINITE
18058,2601,1,0.025556050095589082,FINITE
18077,2601,2,0.022280644797190805,FINITE
18103,2601,3,0.023484612256031316,FINITE
18130,2601,4,0.024376635567159608,FINITE
18150,2601,5,0.02439756169747205,FINITE
18172,2601,6,,NAN
18195,2601,7,,NAN
21163,3157,0,0.17247558726194975,FINITE
21283,3157,1,,NAN
21384,3157,2,,NAN
21473,3157,3,,NAN
21557,3157,4,,NAN
21654,3157,5,,NAN
21671,3232,6,0.021986113425285874,FINITE
21812,3317,4,,NAN
21910,3317,5,,NAN
21999,3317,6,,NAN
22265,3317,7,,NAN
22354,3317,8,,NAN
22504,3161,7,,NAN
22565,3161,8,,NAN
22633,3161,9,,NAN
22691,3580,0,0.21264080519666265,FINITE
22767,3580,1,0.22428878759532733,FINITE
22834,3580,2,,NAN
22976,3580,3,,NAN
23053,3580,4,,NAN
23178,3580,5,,NAN
23247,3580,6,,NAN
23299,3580,7,,NAN
23354,3580,8,,NAN
23408,3580,9,,NAN
23463,3700,0,0.025384419821078592,FINITE
23518,3700,1,0.032032102133588675,FINITE
23589,3700,2,0.027120255873513868,FINITE
23644,3700,3,0.027298478374565942,FINITE
23696,3700,4,0.029679819574965776,FINITE
23790,3520,9,,NAN
23836,3770,0,0.0010211211481455584,FINITE
23883,3780,0,0.24408666896887898,FINITE
23930,3780,1,,NAN
23971,3780,2,,NAN
1114,142,2,0.0017018619115755265,FINITE
1415,161,5,0.0014767356108399514,FINITE
1518,161,6,0.001411647830455038,FINITE
1593,161,7,0.0012351918516481583,FINITE
1696,185,3,0.0010211136456449261,FINITE
2080,292,1,0.0010211161466452553,FINITE
2176,292,2,0.0013152737620463293,FINITE
2262,292,3,0.0014623525697468663,FINITE
2350,292,4,0.0015783285144555952,FINITE
2474,191,8,0.0014441320323332445,FINITE
2588,191,9,0.0015039420584289712,FINITE
2717,306,0,0.4884083623215977,FINITE
2838,348,0,,NAN
3126,331,3,,NAN
3276,331,4,,NAN
3392,331,5,,NAN
3510,331,6,,NAN
3626,420,5,0.023117172541618713,FINITE
3755,420,6,0.023633707146902886,FINITE
3881,420,7,,NAN
4005,420,8,,NAN
4514,561,5,,NAN
4596,561,6,,NAN
4673,561,7,,NAN
4742,561,8,,NAN
4810,561,9,,NAN
5158,597,8,,NAN
5256,597,9,,NAN
5321,690,0,0.014017498835670614,FINITE
5395,690,1,0.024432264060926044,FINITE
5467,690,2,0.025005866672600782,FINITE
5553,690,3,0.024715139767576527,FINITE
5621,690,4,0.02518457774350945,FINITE
5686,690,5,,NAN
5828,680,7,0.028155284096696216,FINITE
5895,680,8,0.028016423784255493,FINITE
5965,680,9,0.027832813807028588,FINITE
6057,776,0,0.03799559364571389,FINITE
6136,776,1,0.02876596252340092,FINITE
6220,776,2,0.025948624650158115,FINITE
6293,776,3,0.024856009281022273,FINITE
6388,776,4,0.02720705811737099,FINITE
8034,1038,4,0.027774056086602227,FINITE
8097,1038,5,0.028331807454895917,FINITE
8164,1038,6,0.0264054787474616,FINITE
8231,1038,7,0.02503636235396766,FINITE
8291,1038,8,0.026895104503087953,FINITE
8358,1038,9,,NAN
8430,1123,0,0.026596253913312346,FINITE
8508,1123,1,0.028956340900521238,FINITE
8562,1123,2,0.021917251399291546,FINITE
8619,1123,3,0.022784043504738307,FINITE
8680,1123,4,0.02169839805177736,FINITE
8747,1123,5,,NAN
8817,1123,6,,NAN
8874,1123,7,,NAN
8942,1123,8,,NAN
9895,1303,1,,NAN
9942,1303,2,,NAN
9997,1303,3,,NAN
10056,1303,4,,NAN
10109,1303,5,,NAN
10159,1303,6,,NAN
11037,1401,8,,NAN
11108,1401,9,,NAN
11257,1526,0,0.5663018796308072,FINITE
11403,1526,1,0.563116959474226,FINITE
11561,1526,2,0.5732870849281932,FINITE
11731,1526,3,,NAN
11883,1526,4,,NAN
12068,1526,5,,NAN
13645,1707,5,,NAN
13832,1707,6,,NAN
16556,2356,1,0.016431257982594427,FINITE
16601,2356,2,0.01630732227128279,FINITE
16644,2356,3,0.021508342652382162,FINITE
16692,2356,4,,NAN
16735,2356,5,,NAN
16794,2356,6,,NAN
16838,2356,7,,NAN
16884,2356,8,,NAN
16944,2356,9,,NAN
16993,2425,0,0.017962719489082783,FINITE
17058,2425,1,0.02292755912668707,FINITE
17117,2425,2,,NAN
17172,2425,3,,NAN
17233,2425,4,,NAN
17301,2425,5,,NAN
17347,2425,6,,NAN
17412,2425,7,,NAN
17465,2425,8,,NAN
17526,2425,9,,NAN
17604,2497,0,,NAN
17652,2520,0,,NAN
17692,2534,0,0.0340945598974019,FINITE
17736,2534,1,0.034608401521150314,FINITE
17774,2534,2,0.030080131004715748,FINITE
17815,2534,3,,NAN
17853,2534,4,,NAN
17906,2534,5,,NAN
17947,2534,6,,NAN
17989,2534,7,,NAN
18038,2534,8,,NAN
18091,2534,9,,NAN
18141,2611,0,0.0228763506251812,FINITE
18199,2611,1,,NAN
21164,3188,0,0.03081823989052177,FINITE
21414,3188,1,,NAN
21595,3188,2,,NAN
21672,3337,3,0.5320549121265629,FINITE
21814,3171,6,,NAN
22013,3171,7,,NAN
22084,3171,8,,NAN
22300,3171,9,,NAN
22512,3517,0,0.3720365280128478,FINITE
22609,3517,1,,NAN
22682,3517,2,,NAN
22800,3517,3,,NAN
22904,3517,4,,NAN
23037,3517,5,,NAN
23239,3517,6,,NAN
23356,3517,7,,NAN
23484,3517,8,,NAN
23597,3517,9,,NAN
23669,3738,0,0,FINITE
23797,3743,0,,NAN
23879,3772,0,0.003063333434434146,FINITE
23959,3786,0,0.026596253913312346,FINITE
24015,3786,1,0.02730447456817226,FINITE
24080,3786,2,,NAN
24135,3786,3,,NAN
24190,3786,4,,NAN
24251,3786,5,,NAN
24324,3786,6,,NAN
24395,3786,7,,NAN
24458,3786,8,,NAN
24516,3786,9,,NAN
24552,3913,0,,NAN
24595,3922,0,,NAN
24603,3895,2,0.23885543123551592,FINITE
24630,3929,0,0.021248546525349608,FINITE
24639,3895,3,0.18439795148853297,FINITE
24671,3929,1,0.02027078726561662,FINITE
24718,3895,4,0.28353449113918605,FINITE
24728,3929,2,0.020164611944549167,FINITE
24768,3929,3,0.021255281542796087,FINITE
24816,3895,5,,NAN
24823,3929,4,0.02100476105365858,FINITE
24860,3893,2,,NAN
24931,3740,8,,NAN
24997,3893,3,,NAN
25064,3740,9,,NAN
25117,4006,0,0.02031394890367251,FINITE
25125,3893,4,,NAN
25141,3977,8,0.03499642071387529,FINITE
25165,3977,9,0.033232360266481124,FINITE
25178,4006,1,0.025993526903079774,FINITE
25189,4013,0,0.038218447336579565,FINITE
25218,4013,1,,NAN
25231,4006,2,0.02293005967796161,FINITE
1115,76,8,0,FINITE
1416,194,0,0,FINITE
1557,194,1,0.0010211161466452553,FINITE
1697,190,2,0.00413004832627478,FINITE
2081,274,2,0.021421986298500315,FINITE
2192,274,3,0.02382627504558675,FINITE
2300,274,4,0.025120550015356014,FINITE
2384,274,5,0.026907197884844136,FINITE
2475,230,4,0.2531749344993299,FINITE
2594,230,5,0.21114929894079915,FINITE
2840,356,0,,NAN
3127,396,3,,NAN
3210,396,4,,NAN
3295,396,5,,NAN
3379,396,6,,NAN
3477,396,7,,NAN
3630,317,6,,NAN
3740,317,7,,NAN
3869,317,8,,NAN
4515,584,0,0.022546733976916047,FINITE
4662,584,1,0.022710571138622026,FINITE
4834,584,2,0.025302580985989188,FINITE
5159,559,7,,NAN
5304,559,8,,NAN
5469,559,9,,NAN
5616,729,0,0.021025512247583998,FINITE
5830,724,4,,NAN
5907,724,5,,NAN
5996,724,6,,NAN
6109,724,7,,NAN
6185,724,8,,NAN
6261,724,9,,NAN
6345,835,0,0.016612151879902174,FINITE
8035,1063,1,0.029571345529344307,FINITE
8119,1063,2,0.030364360854019872,FINITE
8199,1063,3,0.02981569198180879,FINITE
8272,1063,4,0.030766502122506444,FINITE
8334,1063,5,,NAN
8396,1063,6,,NAN
8470,1063,7,,NAN
8531,1063,8,,NAN
8596,1063,9,,NAN
8658,1155,0,0.03605668026099785,FINITE
8717,1155,1,,NAN
8791,1155,2,,NAN
8847,1155,3,,NAN
8912,1155,4,,NAN
9896,1275,4,0.0319766862541425,FINITE
9941,1275,5,0.030777151703438494,FINITE
9996,1275,6,,NAN
10058,1275,7,,NAN
10103,1275,8,,NAN
10161,1275,9,,NAN
11038,1369,9,,NAN
11112,1506,0,0.02602333386984255,FINITE
11179,1506,1,0.02725114327262724,FINITE
11258,1506,2,0.02576410797245828,FINITE
11326,1506,3,0.028021755789043725,FINITE
11413,1506,4,0.032740705389195754,FINITE
11481,1506,5,,NAN
11554,1506,6,,NAN
11637,1506,7,,NAN
11707,1506,8,,NAN
11776,1506,9,,NAN
11857,1611,0,0.033489719352278034,FINITE
11918,1611,1,0.026582347026904003,FINITE
11969,1611,2,0.02493172909160128,FINITE
12044,1611,3,,NAN
12103,1611,4,,NAN
12178,1611,5,,NAN
13654,1709,4,1.2664301360441548,FINITE
16557,2321,5,0.026784456103099374,FINITE
16596,2321,6,0.02695407511382292,FINITE
16640,2321,7,0.028140733284774302,FINITE
16676,2321,8,0.02708084222361204,FINITE
16719,2321,9,0.0278679269393452,FINITE
16773,2394,0,,NAN
16824,2400,0,0.01680312522772529,FINITE
16864,2400,1,0.021370072922253555,FINITE
16916,2400,2,,NAN
16968,2400,3,,NAN
17056,2400,4,,NAN
17118,2400,5,,NAN
17182,2400,6,,NAN
17243,2400,7,,NAN
17296,2400,8,,NAN
17344,2400,9,,NAN
17411,2467,0,0.017771746141259665,FINITE
17449,2467,1,0.017356757334713438,FINITE
17512,2467,2,0.02350965810551192,FINITE
17551,2467,3,0.025955199370450613,FINITE
17577,2467,4,0.027562551997693464,FINITE
17617,2467,5,0.025843986022273082,FINITE
17659,2467,6,0.02507640788277921,FINITE
17703,2467,7,0.02398371505730906,FINITE
17745,2467,8,,NAN
17779,2467,9,,NAN
17821,2568,0,0.024027009561138873,FINITE
17865,2568,1,0.033302782109070034,FINITE
17910,2568,2,,NAN
17946,2568,3,,NAN
17995,2568,4,,NAN
18030,2568,5,,NAN
18079,2568,6,,NAN
18133,2568,7,,NAN
18182,2568,8,,NAN
21165,3158,0,0.01387885553522858,FINITE
21266,3259,0,0,FINITE
21673,3415,0,,NAN
21822,3250,5,,NAN
21897,3250,6,,NAN
22095,3250,7,,NAN
22166,3250,8,,NAN
22344,3250,9,,NAN
22514,3469,1,,NAN
22624,3469,2,,NAN
22865,3469,3,,NAN
22982,3469,4,,NAN
23113,3469,5,,NAN
23225,3469,6,,NAN
23370,3469,7,,NAN
23492,3469,8,,NAN
23619,3469,9,,NAN
23806,3682,7,,NAN
23853,3682,8,,NAN
23889,3682,9,,NAN
23924,3788,0,0.03845482789259587,FINITE
23962,3788,1,0.03135685842321276,FINITE
23997,3788,2,0.029504688856276773,FINITE
24035,3788,3,,NAN
24075,3788,4,,NAN
24124,3788,5,,NAN
24169,3788,6,,NAN
24216,3788,7,,NAN
24261,3788,8,,NAN
24303,3788,9,,NAN
24335,3880,0,,NAN
24374,3885,0,0.24285375592999137,FINITE
24420,3885,1,0.3332063622389459,FINITE
24457,3885,2,0.3343638117143828,FINITE
24490,3885,3,,NAN
24530,3885,4,,NAN
24571,3885,5,,NAN
24609,3863,6,0.028984713839324078,FINITE
24611,3885,6,,NAN
24647,3863,7,0.02779712477862194,FINITE
24650,3885,7,,NAN
24689,3885,8,,NAN
24704,3863,8,0.028269678500288956,FINITE
24719,3885,9,,NAN
24743,3863,9,0.02916702307595349,FINITE
24761,3959,0,,NAN
24793,3964,0,0.03964817464438308,FINITE
24826,3964,1,0.03171594040515871,FINITE
24861,3952,4,0.020425245309908045,FINITE
24885,3952,5,0.02033202909981561,FINITE
24913,3952,6,0.021415947675668096,FINITE
24934,3938,8,,NAN
24936,3952,7,,NAN
24952,3952,8,,NAN
24961,3938,9,,NAN
24983,3952,9,,NAN
1116,180,1,0.0005105605740727792,FINITE
1417,197,0,0.0019035889928484776,FINITE
1571,197,1,0.0009517944964242388,FINITE
1698,184,4,0.00040844845925822336,FINITE
2082,273,2,0.028703155888378018,FINITE
2188,273,3,0.030514161943374217,FINITE
2276,273,4,0.029531425780565064,FINITE
2361,273,5,0.028500289912785654,FINITE
2476,239,7,0.0020075627145537387,FINITE
2568,239,8,0.00199601007880871,FINITE
2673,239,9,0.002171889863158879,FINITE
2843,321,1,,NAN
3128,440,0,0,FINITE
3271,440,1,0,FINITE
3388,455,0,0.0020422322932905105,FINITE
3522,455,1,0.0010211161466452553,FINITE
3636,331,7,,NAN
3748,331,8,,NAN
3871,331,9,,NAN
3998,540,0,0.03363528549190829,FINITE
4516,566,5,,NAN
4603,566,6,,NAN
4682,566,7,,NAN
4754,566,8,,NAN
4830,566,9,,NAN
5160,616,8,0.02882047431429127,FINITE
5242,616,9,0.029610018238614942,FINITE
5294,687,0,,NAN
5371,705,0,0.016421178532078726,FINITE
5432,705,1,0.021439394572474513,FINITE
5510,705,2,0.02269074520606813,FINITE
5585,705,3,0.025286506267289108,FINITE
5650,705,4,0.02575902408764872,FINITE
5730,705,5,0.026492354505372438,FINITE
5831,725,2,0.027091228564289197,FINITE
5988,725,3,0.030478877543310665,FINITE
6106,725,4,0.029851065640199986,FINITE
6250,725,5,0.02699575823412571,FINITE
6370,725,6,0.029078373964711635,FINITE
8036,997,6,,NAN
8154,997,7,,NAN
8289,997,8,,NAN
8434,997,9,,NAN
8582,1138,0,0.02924284606670489,FINITE
8752,1138,1,0.027175970832444246,FINITE
8895,1138,2,0.025713345570718554,FINITE
9897,1258,7,,NAN
9943,1258,8,,NAN
10000,1258,9,,NAN
10060,1346,0,0.010763522350690285,FINITE
10119,1346,1,0.018143292736105564,FINITE
11039,1414,7,,NAN
11104,1414,8,,NAN
11169,1414,9,,NAN
11263,1536,0,,NAN
11335,1546,0,0,FINITE
11411,1557,0,,NAN
11478,1571,0,0.024311219001211047,FINITE
11549,1571,1,0.030997771420180505,FINITE
11636,1571,2,0.02696366259554003,FINITE
11709,1571,3,0.026093074834024326,FINITE
11771,1571,4,0.025570722177114907,FINITE
11847,1571,5,0.0268829871716099,FINITE
11903,1571,6,0.0260263988538288,FINITE
11957,1571,7,0.026201116349048207,FINITE
12007,1571,8,0.025950944698952243,FINITE
12079,1571,9,0.02592976267203408,FINITE
12159,1642,0,0.0029246901339921136,FINITE
13669,1742,4,,NAN
13871,1742,5,,NAN
16558,2342,4,0.022777980876521536,FINITE
16594,2342,5,0.02672822939933131,FINITE
16630,2342,6,0.02559458049687497,FINITE
16670,2342,7,0.02696512336168867,FINITE
16708,2342,8,0.027227794023697263,FINITE
16740,2342,9,0.02720603475927675,FINITE
16767,2395,0,0.030020363293549117,FINITE
16796,2395,1,0.02570377655967021,FINITE
16828,2395,2,0.028097473963120262,FINITE
16865,2395,3,0.0263721595918323,FINITE
16895,2395,4,,NAN
16927,2395,5,,NAN
16966,2395,6,,NAN
17011,2395,7,,NAN
17037,2395,8,,NAN
17066,2395,9,,NAN
17098,2443,0,0.03377392879235032,FINITE
17132,2443,1,0.03332837244773951,FINITE
17165,2443,2,0.03089947520234107,FINITE
17200,2443,3,,NAN
17229,2443,4,,NAN
17257,2443,5,,NAN
17287,2443,6,,NAN
17323,2443,7,,NAN
17356,2443,8,,NAN
17387,2443,9,,NAN
17420,2474,0,0.02281515541375848,FINITE
17457,2474,1,0.020569791273594117,FINITE
17488,2474,2,0.0257236643757654,FINITE
17519,2474,3,0.022797122990741707,FINITE
17552,2474,4,0.02152193409900911,FINITE
17584,2474,5,0.020643037086833783,FINITE
17609,2474,6,0.022459460201718132,FINITE
17630,2474,7,0.023914970856580287,FINITE
17655,2474,8,0.023367047475844716,FINITE
17679,2474,9,0.02346669763311946,FINITE
17705,2545,0,0,FINITE
17786,2551,0,,NAN
17808,2569,0,0.02510713322019452,FINITE
17838,2569,1,,NAN
17860,2569,2,,NAN
17885,2569,3,,NAN
17907,2569,4,,NAN
17943,2569,5,,NAN
17969,2569,6,,NAN
17991,2569,7,,NAN
18019,2569,8,,NAN
18043,2569,9,,NAN
18067,2605,0,0.03156176387858014,FINITE
18092,2605,1,0.027811378322699275,FINITE
18115,2605,2,0.028622692164150216,FINITE
18139,2605,3,0.03000598799511183,FINITE
18158,2605,4,0.028469145880772057,FINITE
18179,2605,5,0.029702253183058375,FINITE
18200,2605,6,0.028296793556431003,FINITE
21166,3146,0,,NAN
21275,3260,0,0,FINITE
21373,3308,0,0,FINITE
21485,3362,0,,NAN
21572,3399,0,0.00872147019250205,FINITE
21645,3416,0,0.02881057182000451,FINITE
21674,3402,1,0.023411909690732,FINITE
21826,3403,3,,NAN
21908,3403,4,,NAN
21992,3403,5,,NAN
22063,3403,6,,NAN
22161,3403,7,,NAN
22237,3403,8,,NAN
22323,3403,9,,NAN
22515,3444,4,0.16540375997312365,FINITE
22584,3444,5,0.14177312578592294,FINITE
22648,3444,6,0.12800285530409816,FINITE
22802,3444,7,0.20153434395656747,FINITE
22866,3444,8,0.18176607850027324,FINITE
23055,3444,9,0.23406672447058927,FINITE
23140,3658,0,0.017251156145171177,FINITE
23338,3658,1,,NAN
23421,3685,0,0.02733981802775715,FINITE
23504,3685,1,0.023948535163316978,FINITE
23570,3685,2,,NAN
23664,3685,3,,NAN
1117,132,2,0,FINITE
1118,96,7,,NAN
1418,185,1,0.0020422272912898522,FINITE
1563,185,2,0.0013614848608599014,FINITE
1699,199,2,0.002382596005671283,FINITE
2083,268,2,0.028298863463767098,FINITE
2194,268,3,0.031252725509099966,FINITE
2284,268,4,0.032450805258666816,FINITE
2368,268,5,0.03176039249315863,FINITE
2477,294,4,0.0012253393757741642,FINITE
2566,294,5,0.0015316717188841613,FINITE
2665,294,6,0.001312861473329281,FINITE
2846,295,4,0.001976300960636547,FINITE
3129,380,2,,NAN
3277,380,3,,NAN
3393,380,4,,NAN
3519,380,5,,NAN
3637,469,0,0.0020422322932905105,FINITE
4517,529,9,,NAN
4599,619,0,0.03600643299493213,FINITE
4687,619,1,0.026006776898105224,FINITE
4763,619,2,0.026986922140110003,FINITE
4843,619,3,,NAN
5161,558,7,,NAN
5306,558,8,,NAN
5470,558,9,,NAN
5611,730,0,0.032668877686470824,FINITE
5835,640,7,,NAN
5999,640,8,,NAN
6115,640,9,,NAN
6258,819,0,0.03139581830160286,FINITE
6364,819,1,0.029453135185123935,FINITE
8037,1002,9,,NAN
8111,1088,0,0.02417257570076891,FINITE
8176,1088,1,0.026006322208839645,FINITE
8234,1088,2,0.02137559815890211,FINITE
8297,1088,3,0.025411801333631176,FINITE
8367,1088,4,0.023856061635068447,FINITE
8429,1088,5,0.026521063167789422,FINITE
8502,1088,6,0.026464910424477385,FINITE
8561,1088,7,0.02708868051993922,FINITE
8630,1088,8,0.02777009471299862,FINITE
8669,1088,9,0.028116299964730234,FINITE
8731,1161,0,0.018792687082136827,FINITE
8806,1161,1,0.01865404378169485,FINITE
8861,1161,2,0.019951607180101843,FINITE
8929,1161,3,,NAN
9898,1238,9,,NAN
9963,1328,0,0.3799882535008351,FINITE
10022,1328,1,,NAN
10088,1328,2,,NAN
10145,1328,3,,NAN
11042,1418,4,,NAN
11157,1418,5,,NAN
11265,1418,6,,NAN
11363,1418,7,,NAN
11418,1418,8,,NAN
11536,1418,9,,NAN
11592,1583,0,0.027096514632552946,FINITE
11647,1583,1,0.0265860892748884,FINITE
11706,1583,2,0.023766236498731736,FINITE
11755,1583,3,0.021847567845002143,FINITE
11822,1583,4,0.024127337467416483,FINITE
11867,1583,5,0.022759582480883316,FINITE
11944,1583,6,,NAN
12006,1583,7,,NAN
12060,1583,8,,NAN
12130,1583,9,,NAN
12179,1646,0,0.0020422322932905105,FINITE
13671,1729,4,,NAN
16559,2359,0,,NAN
16595,2374,0,,NAN
16629,2381,0,0.018429087228191924,FINITE
16668,2381,1,0.01819590335863741,FINITE
16699,2381,2,0.022835370400659204,FINITE
16736,2381,3,0.026575426449510768,FINITE
16765,2381,4,0.028227947900573924,FINITE
16793,2381,5,0.027031731640201312,FINITE
16830,2381,6,0.026650562698542875,FINITE
16871,2381,7,0.029518170845657145,FINITE
16898,2381,8,0.029028055553939076,FINITE
16930,2381,9,0.029174112322770805,FINITE
16970,2421,0,0.03459680305178872,FINITE
16999,2421,1,0.02985196813599162,FINITE
17030,2421,2,0.0308167205805206,FINITE
17061,2421,3,0.027023420672223804,FINITE
17094,2421,4,0.026231812867409287,FINITE
17129,2421,5,0.026932222495064797,FINITE
17163,2421,6,0.026948217079365788,FINITE
17199,2421,7,0.027135561440202544,FINITE
17227,2421,8,0.026518072743915,FINITE
17258,2421,9,0.026230771756072753,FINITE
17292,2460,0,0.036881617224461705,FINITE
17330,2460,1,0.03518912970796398,FINITE
17364,2460,2,,NAN
17393,2460,3,,NAN
17429,2460,4,,NAN
17466,2460,5,,NAN
17496,2460,6,,NAN
17525,2460,7,,NAN
17561,2460,8,,NAN
17580,2460,9,,NAN
17605,2512,0,0.17636830516363972,FINITE
17629,2512,1,0.20032429589007378,FINITE
17656,2512,2,0.21789052472139273,FINITE
17678,2512,3,,NAN
17704,2512,4,,NAN
17727,2512,5,,NAN
17756,2512,6,,NAN
17787,2512,7,,NAN
17817,2512,8,,NAN
17839,2512,9,,NAN
17861,2582,0,0.02055725229887681,FINITE
17886,2582,1,0.017218053917052806,FINITE
17908,2582,2,0.0187176381027208,FINITE
17932,2582,3,0.02146091523836159,FINITE
17961,2582,4,0.02169356860387639,FINITE
17982,2582,5,0.022592905802124447,FINITE
18010,2582,6,0.022294622437748872,FINITE
18034,2582,7,,NAN
18062,2582,8,,NAN
18087,2582,9,,NAN
18116,2610,0,,NAN
18140,2616,0,,NAN
18159,2620,0,0,FINITE
18178,2624,0,0,FINITE
18201,2629,0,0,FINITE
21167,3169,0,0.028382815889419998,FINITE
21280,3169,1,0.030196230139680202,FINITE
21374,3169,2,0.02599107769093228,FINITE
21458,3169,3,,NAN
21651,3169,4,,NAN
21675,3176,3,,NAN
21829,3174,4,,NAN
22020,3174,5,,NAN
22094,3174,6,,NAN
22175,3174,7,,NAN
22361,3174,8,,NAN
22518,3470,1,,NAN
22635,3470,2,,NAN
23807,3714,2,,NAN
23936,3714,3,,NAN
24612,3898,1,0.4524157747221667,FINITE
24692,3898,2,0.4540669747570096,FINITE
24774,3898,3,,NAN
24862,3945,3,,NAN
24916,3945,4,,NAN
24943,3975,1,0.17553827982380316,FINITE
24970,3945,5,,NAN
24990,3975,2,,NAN
25026,3945,6,,NAN
25042,3975,3,,NAN
25075,3945,7,,NAN
25088,3975,4,,NAN
25118,3945,8,,NAN
25136,3975,5,,NAN
1119,97,8,0.025736375411175096,FINITE
1120,80,6,,NAN
1419,96,9,,NAN
1562,228,0,0,FINITE
1700,198,2,0.00222650602110148,FINITE
2084,290,1,,NAN
2193,290,2,,NAN
2275,290,3,,NAN
2363,290,4,,NAN
2478,238,7,0.0010211161465201663,FINITE
2575,238,8,0.0009076587969068145,FINITE
2681,238,9,0.001021116146545184,FINITE
2850,311,1,0.15704527672005641,FINITE
3130,308,2,,NAN
3331,308,3,,NAN
3504,308,4,,NAN
3639,390,6,,NAN
3760,390,7,,NAN
3878,390,8,,NAN
4009,390,9,,NAN
4518,456,8,0.0006807429862078015,FINITE
4641,456,9,0.0006126686875870214,FINITE
4817,635,0,,NAN
5162,637,6,,NAN
5249,637,7,,NAN
5318,637,8,,NAN
5382,637,9,,NAN
5459,718,0,0.01934535805326472,FINITE
5541,718,1,0.019163558126292318,FINITE
5607,718,2,0.021790433612585425,FINITE
5681,718,3,0.021421312435357196,FINITE
5836,705,6,0.028343230686286327,FINITE
5903,705,7,0.029080342605129567,FINITE
5982,705,8,0.028700494140333252,FINITE
6075,705,9,0.02897865788176631,FINITE
6153,810,0,0.02631896731242827,FINITE
6232,810,1,0.021768070125959903,FINITE
6299,810,2,0.024325553554270376,FINITE
8038,1001,9,,NAN
8118,1089,0,0.02872225607061657,FINITE
8194,1089,1,0.026265615958720345,FINITE
8259,1089,2,0.02781125416649684,FINITE
8312,1089,3,0.026832750987573546,FINITE
8369,1089,4,0.026845924479167137,FINITE
8428,1089,5,0.026491314346865958,FINITE
8503,1089,6,0.024563484840833462,FINITE
8552,1089,7,0.025169983307332625,FINITE
8628,1089,8,0.02481311600312546,FINITE
8687,1089,9,0.023413389642620054,FINITE
8753,1167,0,0.011923176711203924,FINITE
8816,1167,1,0.014734983149480359,FINITE
8863,1167,2,0.014726276500458086,FINITE
8933,1167,3,0.015232406170429562,FINITE
9899,1184,8,,NAN
10020,1184,9,,NAN
10137,1348,0,,NAN
11052,1269,6,,NAN
13690,1758,3,,NAN
16560,2364,1,0.022503452037127326,FINITE
16597,2364,2,0.02047602753544446,FINITE
16635,2364,3,,NAN
16673,2364,4,,NAN
16709,2364,5,,NAN
16738,2364,6,,NAN
16768,2364,7,,NAN
16797,2364,8,,NAN
16835,2364,9,,NAN
16872,2411,0,0.025461837828886304,FINITE
16904,2411,1,0.030102103510152592,FINITE
16941,2411,2,0.028731843363511072,FINITE
16975,2411,3,0.03139845017993297,FINITE
17003,2411,4,0.031961731415174874,FINITE
17034,2411,5,0.03015309338346364,FINITE
17062,2411,6,0.029787903660355386,FINITE
17096,2411,7,0.028861179136660246,FINITE
17133,2411,8,0.029026601448344038,FINITE
17166,2411,9,,NAN
17201,2454,0,0.028724258566943665,FINITE
17231,2454,1,0.023853959498451913,FINITE
17259,2454,2,0.025393316277709247,FINITE
17290,2454,3,0.02626071267512836,FINITE
17328,2454,4,0.024016266110238427,FINITE
17358,2454,5,0.02344848548290834,FINITE
17386,2454,6,0.024142748794723962,FINITE
17419,2454,7,0.024329213237259478,FINITE
17456,2454,8,0.024419424702661098,FINITE
17490,2454,9,0.024149162879800644,FINITE
17522,2484,0,0.0010211211481455584,FINITE
17575,2494,0,0.42247795539772576,FINITE
17607,2494,1,,NAN
17654,2494,2,,NAN
17694,2494,3,,NAN
17718,2494,4,,NAN
17763,2494,5,,NAN
17803,2494,6,,NAN
17845,2494,7,,NAN
17890,2494,8,,NAN
17940,2494,9,,NAN
17971,2597,0,0.019727304748911163,FINITE
17994,2597,1,0.023576718014864634,FINITE
18021,2597,2,0.02420805636795623,FINITE
18049,2597,3,0.023040125126239215,FINITE
18070,2597,4,0.02805247830248158,FINITE
18096,2597,5,0.026811995643110948,FINITE
18121,2597,6,0.02650182992973456,FINITE
18147,2597,7,0.02762058366266325,FINITE
18167,2597,8,0.026666528616445247,FINITE
18189,2597,9,0.02478378299448394,FINITE
21168,3172,0,0.03636795006756145,FINITE
21260,3172,1,,NAN
21367,3172,2,,NAN
21570,3172,3,,NAN
21676,3152,3,,NAN
21839,3138,4,,NAN
22026,3138,5,,NAN
22224,3138,6,,NAN
22309,3138,7,,NAN
22521,3188,9,,NAN
22588,3555,0,,NAN
22725,3573,0,,NAN
22894,3598,0,,NAN
22947,3635,0,0.02629171519639217,FINITE
22991,3635,1,,NAN
23058,3635,2,,NAN
23109,3635,3,,NAN
23161,3635,4,,NAN
23229,3635,5,,NAN
23287,3635,6,,NAN
23329,3635,7,,NAN
23387,3635,8,,NAN
23447,3635,9,,NAN
23496,3709,0,0.027833145877722267,FINITE
23556,3709,1,0.028330031021550614,FINITE
23615,3709,2,,NAN
23676,3709,3,,NAN
23816,3744,0,0.7066366500860195,FINITE
23981,3744,1,,NAN
24131,3744,2,,NAN
24284,3744,3,,NAN
24465,3744,4,,NAN
24575,3744,5,,NAN
24642,3924,0,,NAN
24678,3937,0,0.005849290222963968,FINITE
24706,3949,0,0.018654043781695013,FINITE
24742,3949,1,0.022295532199238417,FINITE
24782,3949,2,0.025216781070875407,FINITE
24811,3949,3,0.0239132555774337,FINITE
24841,3949,4,0.02597904221015846,FINITE
24863,3931,7,,NAN
24888,3931,8,,NAN
24914,3931,9,,NAN
24938,3981,0,0.023567624802538063,FINITE
24946,3973,0,,NAN
24974,3981,1,,NAN
24999,3981,2,,NAN
25010,3984,0,0.29297227067222,FINITE
1121,136,2,0.0017018552425748853,FINITE
1420,192,0,0.003063333434434146,FINITE
1559,192,1,0.0020422272912898522,FINITE
1701,228,1,0,FINITE
2085,278,2,0.0013152704273792241,FINITE
2199,278,3,0.0017176253540324466,FINITE
2280,278,4,0.0013741002832259573,FINITE
2379,278,5,0.0011450835693549643,FINITE
2479,185,9,0.0014900747272844437,FINITE
2600,300,0,0,FINITE
2731,300,1,0.0005105605740727792,FINITE
3131,373,1,0.6609069036826156,FINITE
3330,373,2,0.6017520375500959,FINITE
3435,373,3,,NAN
3642,380,6,,NAN
3769,380,7,,NAN
3907,380,8,,NAN
4519,594,0,0.031871001089498266,FINITE
4598,594,1,0.027373675857339734,FINITE
4681,594,2,,NAN
4753,594,3,,NAN
4818,594,4,,NAN
5163,604,8,0.02527169935628489,FINITE
5252,604,9,0.024540801369564692,FINITE
5322,689,0,0.024554522396415472,FINITE
5399,689,1,0.0190257156179988,FINITE
5491,689,2,0.02426229252940949,FINITE
5579,689,3,0.022466822354209427,FINITE
5645,689,4,,NAN
5723,689,5,,NAN
5837,696,6,,NAN
5905,696,7,,NAN
5979,696,8,,NAN
6052,696,9,,NAN
6148,799,0,0.024449862301652976,FINITE
6224,799,1,0.026613225457988915,FINITE
6316,799,2,0.023031018748762806,FINITE
8039,1043,2,,NAN
8145,1043,3,,NAN
8277,1043,4,,NAN
8421,1043,5,,NAN
8541,1043,6,,NAN
8691,1043,7,,NAN
8823,1043,8,,NAN
9900,1237,4,,NAN
10009,1237,5,,NAN
10132,1237,6,,NAN
11059,1310,5,,NAN
11130,1310,6,,NAN
11298,1310,7,,NAN
11465,1310,8,,NAN
11807,1310,9,,NAN
11884,1615,0,0.03289179160920848,FINITE
11937,1615,1,0.02814339495281243,FINITE
11998,1615,2,0.030314281947994296,FINITE
12072,1615,3,0.03176747521454823,FINITE
12131,1615,4,,NAN
13691,1706,4,,NAN
16561,2333,4,0.03274374414136466,FINITE
16598,2333,5,0.030395460748086387,FINITE
16645,2333,6,0.028765203559782643,FINITE
16698,2333,7,,NAN
16739,2333,8,,NAN
16799,2333,9,,NAN
16845,2406,0,0.024449862301653087,FINITE
16912,2406,1,,NAN
16964,2406,2,,NAN
17017,2406,3,,NAN
17077,2406,4,,NAN
17131,2406,5,,NAN
17185,2406,6,,NAN
17248,2406,7,,NAN
17306,2406,8,,NAN
17361,2406,9,,NAN
17421,2469,0,0.03308276495703171,FINITE
17483,2469,1,0.03214726637499973,FINITE
17534,2469,2,0.02737286964621344,FINITE
17558,2469,3,0.028683278486741185,FINITE
17588,2469,4,0.03049028419835889,FINITE
17632,2469,5,0.029389964542081867,FINITE
17677,2469,6,0.028538395536369617,FINITE
17722,2469,7,0.028247884496531664,FINITE
17764,2469,8,,NAN
17802,2469,9,,NAN
17843,2573,0,0.022735764999885975,FINITE
17891,2573,1,0.025909804198010256,FINITE
17936,2573,2,0.0228742445412486,FINITE
17976,2573,3,0.02348021004794089,FINITE
18018,2573,4,0.02194060088790778,FINITE
18071,2573,5,0.0227768126286083,FINITE
18125,2573,6,,NAN
18185,2573,7,,NAN
21169,3149,0,0.0398439478834025,FINITE
21292,3149,1,0.035554022861875666,FINITE
21492,3149,2,0.2627519045405854,FINITE
21569,3149,3,,NAN
21647,3149,4,,NAN
21677,3405,1,0.030531458809359268,FINITE
21840,3252,4,,NAN
22021,3252,5,,NAN
22099,3252,6,,NAN
22165,3252,7,,NAN
22352,3252,8,,NAN
22522,3519,0,,NAN
22598,3556,0,0.039293610534436293,FINITE
22670,3556,1,0.038393480512881675,FINITE
22743,3556,2,0.040567499737302004,FINITE
22816,3556,3,0.03650342955327921,FINITE
22980,3556,4,0.17252093359503784,FINITE
23065,3556,5,0.15037547376992869,FINITE
23141,3556,6,0.13248386231517972,FINITE
23214,3556,7,0.11949658143409499,FINITE
23278,3556,8,,NAN
23367,3556,9,,NAN
23431,3691,0,0.017546789587756795,FINITE
23631,3691,1,0.36247701538162264,FINITE
23817,3749,0,0.72360983578733,FINITE
23994,3749,1,0.693488475376423,FINITE
24053,3749,2,0.4775391718226151,FINITE
24215,3749,3,,NAN
24388,3749,4,,NAN
24526,3749,5,,NAN
24617,3749,6,,NAN
24645,3932,0,,NAN
24682,3938,0,0.01680312522772529,FINITE
24709,3938,1,0.02283201229939189,FINITE
24731,3749,7,,NAN
24748,3938,2,0.02046461959972594,FINITE
24791,3938,3,0.019665840446512636,FINITE
24824,3938,4,0.02004830499193304,FINITE
24839,3749,8,,NAN
24864,3933,6,,NAN
24887,3933,7,,NAN
24917,3933,8,,NAN
24944,3933,9,,NAN
24947,3939,5,0.025822214651609898,FINITE
24978,3983,0,,NAN
25000,3939,6,,NAN
25001,3988,0,0.007839072396832169,FINITE
25029,3995,0,0.034985672586623176,FINITE
25051,3939,7,,NAN
25053,3995,1,0.027096193669722983,FINITE
25085,3995,2,0.02917281856389407,FINITE
25092,3939,8,,NAN
25119,3995,3,0.03128761237086277,FINITE
25139,3995,4,0.028390714942235228,FINITE
25145,3939,9,,NAN
25148,4009,0,0.02519344647325536,FINITE
25168,3995,5,0.02541535675139391,FINITE
25196,3995,6,0.024728817550660195,FINITE
25205,4011,0,0.03308276495703171,FINITE
25215,4009,1,0.022321732310641343,FINITE
25223,3995,7,0.02311732328909554,FINITE
25246,3995,8,0.023384627714920562,FINITE
25251,4011,1,0.04153700469085862,FINITE
1122,86,8,0,FINITE
1421,146,5,0.0010211144793117026,FINITE
1526,146,6,0.0011669884527372464,FINITE
1605,146,7,0.0010211148961450907,FINITE
1702,159,8,0.002238329589334637,FINITE
1801,159,9,0.0020144966304011733,FINITE
2086,294,0,0.0010211211481455584,FINITE
2189,294,1,0.0005105605740727792,FINITE
2274,294,2,0.0013614848608599014,FINITE
2372,294,3,0.0012763939326813157,FINITE
2480,227,6,,NAN
2672,227,7,,NAN
3132,390,2,0.03162849581298786,FINITE
3270,390,3,0.029522378096889183,FINITE
3382,390,4,,NAN
3515,390,5,,NAN
3643,387,6,,NAN
3751,387,7,,NAN
3876,387,8,,NAN
4011,387,9,,NAN
4520,595,0,0.040882994883397736,FINITE
4595,595,1,0.03579727605881207,FINITE
4670,595,2,,NAN
4747,595,3,,NAN
4801,595,4,,NAN
5164,586,9,0.025079907341621677,FINITE
5224,664,0,,NAN
5305,681,0,0.025575393168901915,FINITE
5368,681,1,0.023013992686508115,FINITE
5438,681,2,,NAN
5501,681,3,,NAN
5574,681,4,,NAN
5640,681,5,,NAN
5716,681,6,,NAN
5839,702,3,,NAN
5985,702,4,,NAN
6092,702,5,,NAN
6269,702,6,,NAN
6379,702,7,,NAN
8040,999,9,,NAN
8108,1090,0,0.020643565551937654,FINITE
8186,1090,1,,NAN
8255,1090,2,,NAN
8318,1090,3,,NAN
8388,1090,4,,NAN
8452,1090,5,,NAN
8525,1090,6,,NAN
8589,1090,7,,NAN
8646,1090,8,,NAN
8702,1090,9,,NAN
8766,1170,0,0.02899954267150063,FINITE
8837,1170,1,0.02375747157637675,FINITE
8903,1170,2,0.03033728527146599,FINITE
9901,1304,1,0.030876184944320016,FINITE
9947,1304,2,0.02720610597933108,FINITE
9992,1304,3,0.02750150925437091,FINITE
10052,1304,4,0.02664201239321538,FINITE
10106,1304,5,0.02862069045754033,FINITE
10157,1304,6,,NAN
11060,1477,0,1.1730729146320837,FINITE
11331,1477,1,,NAN
11578,1477,2,,NAN
11796,1477,3,,NAN
12144,1477,4,,NAN
16562,2327,6,0.02887721461600317,FINITE
16599,2327,7,0.028527020778655755,FINITE
16632,2327,8,0.029286856974372135,FINITE
16672,2327,9,0.027842921927220488,FINITE
16706,2389,0,0.04485411212054039,FINITE
16741,2389,1,0.03685750574579944,FINITE
16770,2389,2,0.03458978599694255,FINITE
16801,2389,3,0.03257832046418976,FINITE
16837,2389,4,0.029236351871519062,FINITE
16873,2389,5,0.029445063766641952,FINITE
16901,2389,6,0.028558341536303516,FINITE
16935,2389,7,0.028890273892842256,FINITE
16973,2389,8,0.02814881205237653,FINITE
17006,2389,9,0.027900101489335128,FINITE
17035,2438,0,0.031232147230314766,FINITE
17067,2438,1,0.02728740773967503,FINITE
17100,2438,2,0.02940105937735667,FINITE
17138,2438,3,0.028279834501110327,FINITE
17170,2438,4,,NAN
17203,2438,5,,NAN
17234,2438,6,,NAN
17263,2438,7,,NAN
17295,2438,8,,NAN
17331,2438,9,,NAN
17362,2465,0,0.024033932400326988,FINITE
17392,2465,1,0.025937000558618688,FINITE
17428,2465,2,,NAN
17468,2465,3,,NAN
17498,2465,4,,NAN
17529,2465,5,,NAN
17568,2465,6,,NAN
17585,2465,7,,NAN
17612,2465,8,,NAN
17631,2465,9,,NAN
17658,2527,0,0,FINITE
17683,2536,0,0.025727318461692947,FINITE
17711,2536,1,0.03370738021473626,FINITE
17739,2536,2,0.026509636829499927,FINITE
17762,2536,3,0.027236095765331654,FINITE
17790,2536,4,0.026390102364581707,FINITE
17819,2536,5,0.026401353739296474,FINITE
17846,2536,6,0.0260706264119267,FINITE
17869,2536,7,0.025416115472905988,FINITE
17894,2536,8,0.02498967632854027,FINITE
17920,2536,9,0.025506609355085356,FINITE
17952,2594,0,0.030349979941814376,FINITE
17977,2594,1,0.02399154139131595,FINITE
18002,2594,2,0.023637254485064763,FINITE
18024,2594,3,0.024260432456466082,FINITE
18056,2594,4,0.023741241250507982,FINITE
18076,2594,5,,NAN
18102,2594,6,,NAN
18127,2594,7,,NAN
21170,3201,0,0.03316010270401277,FINITE
21227,3201,1,0.02727364626490209,FINITE
21436,3201,2,,NAN
21514,3201,3,,NAN
21678,3200,2,,NAN
21842,3167,4,,NAN
21919,3167,5,,NAN
21995,3167,6,,NAN
22066,3167,7,,NAN
22279,3167,8,,NAN
22363,3167,9,,NAN
22525,3252,9,,NAN
22636,3557,0,,NAN
22707,3581,0,0.02853128272279334,FINITE
22785,3581,1,0.023523341602023108,FINITE
22858,3581,2,0.023774639666525803,FINITE
22942,3581,3,0.026832587998627356,FINITE
23015,3581,4,0.026689307998207346,FINITE
23096,3581,5,0.025497145232020776,FINITE
23166,3581,6,0.02587893667961431,FINITE
23249,3581,7,0.025672182813181302,FINITE
23322,3581,8,0.026587781622026962,FINITE
23404,3581,9,0.026607527942423194,FINITE
23475,3699,0,0.030904553143582512,FINITE
23552,3699,1,,NAN
23643,3699,2,,NAN
23819,3691,2,,NAN
23984,3691,3,,NAN
24048,3691,4,,NAN
24105,3691,5,,NAN
24237,3691,6,,NAN
24417,3691,7,,NAN
24474,3691,8,,NAN
24523,3691,9,,NAN
24590,3915,0,0.42640677548782047,FINITE
24659,3915,1,0.438099110936632,FINITE
24662,3926,0,,NAN
24703,3943,0,0.016334865279017997,FINITE
24741,3956,0,0.020834538899760884,FINITE
1123,133,2,0.0018861223000507393,FINITE
1422,168,5,0.0019641656248353067,FINITE
1519,168,6,0.00168357053557312,FINITE
1615,168,7,0.0016007643621446749,FINITE
1703,193,2,0.0013152737620463293,FINITE
2087,188,5,0.001995996184139968,FINITE
2206,188,6,0.0021484729341819933,FINITE
2344,188,7,0.002135192854070558,FINITE
2481,283,6,,NAN
2569,283,7,,NAN
2679,283,8,,NAN
3133,306,3,0.44031632565784845,FINITE
3292,306,4,,NAN
3426,306,5,,NAN
3644,315,7,,NAN
3754,315,8,,NAN
3891,315,9,,NAN
4521,597,0,0.03197566118426065,FINITE
4597,597,1,0.03332489095387776,FINITE
4676,597,2,0.030355220334576317,FINITE
4744,597,3,,NAN
4821,597,4,,NAN
5165,570,6,,NAN
5296,570,7,,NAN
5450,570,8,,NAN
5567,570,9,,NAN
5714,748,0,0,FINITE
6016,327,3,,NAN
8041,1074,0,0.024120245653387825,FINITE
8106,1074,1,0.025193441459217453,FINITE
8193,1074,2,0.026848629837475314,FINITE
8264,1074,3,0.028683421375519255,FINITE
8325,1074,4,,NAN
8395,1074,5,,NAN
8465,1074,6,,NAN
8528,1074,7,,NAN
8593,1074,8,,NAN
8657,1074,9,,NAN
8715,1160,0,0.020418608998434565,FINITE
8785,1160,1,0.020461765624965038,FINITE
8853,1160,2,0.023149297044511696,FINITE
8919,1160,3,0.02468067696937324,FINITE
9902,1252,8,,NAN
9956,1252,9,,NAN
10028,1337,0,0.5404139018521354,FINITE
10098,1337,1,,NAN
11061,1426,2,0.5670352863417804,FINITE
11173,1426,3,0.5262848801801943,FINITE
11318,1426,4,0.5086016491335943,FINITE
16563,2349,3,0.027252338212295765,FINITE
16600,2349,4,0.024781837879883944,FINITE
16636,2349,5,0.025499174220663515,FINITE
16680,2349,6,0.026692328832311225,FINITE
16713,2349,7,0.025635551963318435,FINITE
16745,2349,8,0.025711487002108416,FINITE
16779,2349,9,0.0265834482403831,FINITE
16810,2402,0,0.03997566834465652,FINITE
16849,2402,1,0.032212765323154854,FINITE
16878,2402,2,0.03051801200643609,FINITE
16914,2402,3,0.02919995313498623,FINITE
16952,2402,4,0.028520032452469944,FINITE
16983,2402,5,0.02976210200860035,FINITE
17015,2402,6,,NAN
17046,2402,7,,NAN
17082,2402,8,,NAN
17109,2402,9,,NAN
17144,2447,0,0.03341032893840542,FINITE
17183,2447,1,,NAN
17214,2447,2,,NAN
17244,2447,3,,NAN
17271,2447,4,,NAN
17307,2447,5,,NAN
17343,2447,6,,NAN
17372,2447,7,,NAN
17401,2447,8,,NAN
17436,2447,9,,NAN
17472,2476,0,,NAN
17501,2482,0,0.0020422322932905105,FINITE
21171,3203,0,0.16433087840402055,FINITE
21271,3203,1,,NAN
21365,3203,2,,NAN
21456,3203,3,,NAN
21539,3203,4,,NAN
21648,3203,5,,NAN
21679,3163,3,,NAN
21846,3240,5,,NAN
21915,3240,6,,NAN
21988,3240,7,,NAN
22538,3336,4,,NAN
22739,3336,5,,NAN
22951,3336,6,,NAN
23162,3336,7,,NAN
23382,3336,8,,NAN
23611,3336,9,,NAN
23821,3687,7,,NAN
23859,3687,8,,NAN
23903,3687,9,,NAN
23939,3793,0,,NAN
24008,3802,0,0.43176815643076966,FINITE
24099,3802,1,,NAN
24173,3802,2,,NAN
24250,3802,3,,NAN
24323,3802,4,,NAN
24402,3802,5,,NAN
24462,3802,6,,NAN
24550,3802,7,,NAN
24614,3802,8,,NAN
24673,3893,1,1.2493001820336294,FINITE
24679,3802,9,,NAN
24707,3950,0,0.02157816317361464,FINITE
24744,3950,1,0.02540133119930913,FINITE
24788,3950,2,0.02637637536507068,FINITE
24817,3950,3,0.026790042039986414,FINITE
24843,3950,4,,NAN
24865,3915,3,,NAN
24948,3908,4,,NAN
24967,3915,4,,NAN
25063,3915,5,,NAN
25065,3908,5,,NAN
25154,4005,3,0.023915879811958484,FINITE
25171,3908,6,,NAN
25182,4005,4,0.02516450516836504,FINITE
25188,3915,6,,NAN
25209,4005,5,,NAN
25230,4005,6,,NAN
25256,4005,7,,NAN
25263,3908,7,,NAN
25264,3995,9,0.024657274252397957,FINITE
25282,4005,8,,NAN
25290,4033,0,0.025134193586686053,FINITE
25302,3915,7,,NAN
25305,4005,9,,NAN
25320,4033,1,,NAN
25324,4007,7,,NAN
25327,4044,0,0.03278507884755432,FINITE
25344,3908,8,,NAN
25347,4007,8,,NAN
25354,4033,2,,NAN
25360,4022,3,,NAN
25361,4044,1,,NAN
25374,4007,9,,NAN
25382,4044,2,,NAN
25384,3915,8,,NAN
25396,4033,3,,NAN
25402,4022,4,,NAN
25404,4060,0,0,FINITE
25414,3908,9,,NAN
25415,4043,3,,NAN
25422,4044,3,,NAN
25432,4032,3,0.021067692700915925,FINITE
25441,4064,0,0.032616547639089735,FINITE
25442,4065,0,0.02761710462864133,FINITE
25444,4043,4,,NAN
25447,4022,5,,NAN
25449,4044,4,,NAN
25451,4039,5,0.02470675484174735,FINITE
25452,4033,4,,NAN
25457,4040,3,0.02257177665572027,FINITE
25458,4066,0,0.025054803172813438,FINITE
25459,3915,9,,NAN
25462,4067,0,0.029224499225003513,FINITE
25465,4010,7,,NAN
25466,4064,1,0.03482186550159079,FINITE
1124,99,8,0,FINITE
1423,154,5,0.0011913013373359624,FINITE
1520,154,6,0.0010211154320022534,FINITE
1609,154,7,0.0010211161465201665,FINITE
1704,153,8,0.0014287183277264795,FINITE
1806,153,9,0.0014900697242828825,FINITE
2088,282,2,,NAN
2190,282,3,,NAN
2279,282,4,,NAN
2374,282,5,,NAN
2482,189,8,0.0017844946327134927,FINITE
2613,189,9,0.0016060451694421434,FINITE
3134,297,6,0.0008752438404103053,FINITE
3272,297,7,0.0008934785038772119,FINITE
3410,297,8,0.0009076610199070282,FINITE
3538,297,9,0.0011093639313155368,FINITE
3648,332,7,,NAN
3763,332,8,,NAN
3895,332,9,,NAN
4522,569,2,0.023037143955557293,FINITE
4655,569,3,,NAN
4832,569,4,,NAN
5166,613,8,,NAN
5238,613,9,,NAN
5315,686,0,0.028799633956062238,FINITE
5385,686,1,,NAN
5452,686,2,,NAN
5498,686,3,,NAN
5575,686,4,,NAN
5643,686,5,,NAN
5721,686,6,,NAN
6195,305,4,,NAN
8042,976,7,,NAN
8120,976,8,,NAN
8188,976,9,,NAN
8254,1105,0,0.02618032401198646,FINITE
8315,1105,1,,NAN
8382,1105,2,,NAN
8450,1105,3,,NAN
8517,1105,4,,NAN
8576,1105,5,,NAN
8629,1105,6,,NAN
8688,1105,7,,NAN
8754,1105,8,,NAN
8826,1105,9,,NAN
8886,1181,0,0.035340276859213496,FINITE
9903,1260,2,0.72203918114568,FINITE
10041,1260,3,,NAN
11065,1475,0,0.65451462204003,FINITE
11231,1475,1,0.6927362863293878,FINITE
11417,1475,2,,NAN
11590,1475,3,,NAN
11759,1475,4,,NAN
11926,1475,5,,NAN
12088,1475,6,,NAN
12161,1475,7,,NAN
16564,2345,2,0.029544789160088614,FINITE
16608,2345,3,0.029153269874404565,FINITE
16649,2345,4,,NAN
16691,2345,5,,NAN
16734,2345,6,,NAN
16785,2345,7,,NAN
16832,2345,8,,NAN
16883,2345,9,,NAN
16938,2414,0,0.038823237680918776,FINITE
16996,2414,1,0.03458559753060013,FINITE
17060,2414,2,0.03422030480449283,FINITE
17113,2414,3,0.031741302643875334,FINITE
17164,2414,4,0.030369477448438577,FINITE
17230,2414,5,,NAN
17302,2414,6,,NAN
17349,2414,7,,NAN
17418,2414,8,,NAN
17467,2414,9,,NAN
17531,2479,0,0.004775889052448694,FINITE
17616,2498,0,0.6320108908862981,FINITE
17720,2498,1,0.6216547237452097,FINITE
17816,2498,2,0.6368042820762542,FINITE
17928,2498,3,0.6441710962919889,FINITE
17967,2498,4,0.5166727526316449,FINITE
18100,2498,5,,NAN
21172,3175,0,0.027617104628641326,FINITE
21404,3175,1,0.3334958033147131,FINITE
21607,3175,2,,NAN
21680,3351,0,,NAN
21848,3336,1,,NAN
22090,3336,2,,NAN
22315,3336,3,,NAN
22543,3205,9,,NAN
23824,3740,0,0.7080141444255863,FINITE
23969,3740,1,0.6981039415271655,FINITE
24127,3740,2,,NAN
24273,3740,3,,NAN
24460,3740,4,,NAN
24578,3740,5,,NAN
24683,3750,9,,NAN
24690,3740,6,,NAN
24715,3951,0,0.032243982315191495,FINITE
24757,3951,1,0.02913365809251702,FINITE
24796,3951,2,0.027203328144689776,FINITE
24808,3740,7,,NAN
24828,3951,3,0.029870794689601413,FINITE
24866,3965,2,,NAN
24890,3965,3,,NAN
24915,3965,4,,NAN
24941,3965,5,,NAN
24969,3965,6,,NAN
24971,3749,9,,NAN
24993,3965,7,,NAN
25018,3987,0,0.020695895599318843,FINITE
25021,3965,8,,NAN
25045,3965,9,,NAN
25058,3987,1,0.020350243474557092,FINITE
25081,4004,0,0.030513661047215167,FINITE
25112,3987,2,,NAN
25115,4004,1,0.02648704088553508,FINITE
25144,4004,2,0.026817514366423153,FINITE
25161,3986,6,,NAN
25163,3987,3,,NAN
25174,4004,3,0.02644393440692843,FINITE
25190,3986,7,,NAN
25199,4004,4,0.02755027976239492,FINITE
25220,3986,8,,NAN
25224,4004,5,0.028205588394439735,FINITE
25238,4014,0,0.5290725706717238,FINITE
25244,3986,9,,NAN
25245,4004,6,0.027061026115938632,FINITE
25261,4004,7,0.028839898094638283,FINITE
25268,4009,2,0.0230029886735978,FINITE
25281,4030,0,0.5738824511534978,FINITE
25288,4004,8,0.029234303690214212,FINITE
25311,4004,9,0.028940044840831996,FINITE
25314,4030,1,0.5019503459864109,FINITE
25317,4014,1,0.5650459341959913,FINITE
25318,4009,3,0.028446465226623485,FINITE
25330,4047,0,,NAN
25340,4020,1,0.5248598625723202,FINITE
25356,4030,2,,NAN
25359,4009,4,0.025505214628256074,FINITE
25363,4050,0,0,FINITE
25367,4053,0,,NAN
25376,4020,2,0.3610152644989588,FINITE
25390,4056,0,0.015313904299068048,FINITE
25399,4058,0,0.02356762480253828,FINITE
25403,4009,5,0.025585903967573893,FINITE
25405,4030,3,,NAN
25424,4026,3,,NAN
25429,4063,0,0.01818578383298772,FINITE
25435,4019,5,,NAN
25437,4058,1,,NAN
25438,4009,6,0.026167455320721067,FINITE
25440,4030,4,,NAN
25445,4008,7,0.030097691326130237,FINITE
25446,4020,3,,NAN
25453,4063,1,0.01739896785644484,FINITE
25454,4061,1,0.030988823766885148,FINITE
25461,4057,2,,NAN
25463,4058,2,,NAN
25464,4013,7,,NAN
25467,4042,5,,NAN
1125,69,8,0,FINITE
1424,162,5,0.0005105605740727792,FINITE
1536,162,6,0.0004376233492052393,FINITE
1705,164,8,0.0022383195843323983,FINITE
1800,164,9,0.0020144876258991586,FINITE
2089,291,1,,NAN
2198,291,2,,NAN
2299,291,3,,NAN
2483,278,6,0.0009815002023042551,FINITE
2579,278,7,0.000986452820534418,FINITE
2686,278,8,0.0012172173331899433,FINITE
3135,352,3,,NAN
3223,352,4,,NAN
3355,352,5,,NAN
3446,352,6,,NAN
3649,425,5,0.019969175491646528,FINITE
3768,425,6,,NAN
3892,425,7,,NAN
4523,519,9,,NAN
4569,620,0,0.020504922251495507,FINITE
4657,620,1,0.02836711450930746,FINITE
4729,620,2,0.024448793632838958,FINITE
4796,620,3,0.024950502269060156,FINITE
5167,571,6,,NAN
5298,571,7,,NAN
5471,571,8,,NAN
5617,571,9,,NAN
6373,303,4,,NAN
8043,1035,4,0.0353149792561214,FINITE
8109,1035,5,0.036064497317720295,FINITE
8166,1035,6,,NAN
8233,1035,7,,NAN
8300,1035,8,,NAN
8366,1035,9,,NAN
8423,1125,0,0,FINITE
8500,1135,0,0.02510516081412952,FINITE
8549,1135,1,0.021023464671148476,FINITE
8615,1135,2,0.021328920023354524,FINITE
8671,1135,3,0.02284014032587512,FINITE
8735,1135,4,0.02452900771623933,FINITE
8810,1135,5,,NAN
8849,1135,6,,NAN
8914,1135,7,,NAN
9904,1307,1,0.032390288772733575,FINITE
9958,1307,2,0.030844777669772228,FINITE
10011,1307,3,,NAN
10071,1307,4,,NAN
10126,1307,5,,NAN
11070,1435,5,,NAN
11135,1435,6,,NAN
11192,1435,7,,NAN
11238,1435,8,,NAN
11297,1435,9,,NAN
11356,1551,0,0,FINITE
11405,1561,0,0.025661706421962763,FINITE
11467,1561,1,0.022529697261304334,FINITE
11515,1561,2,0.025182672588288352,FINITE
11568,1561,3,0.025529254890535296,FINITE
11619,1561,4,,NAN
11676,1561,5,,NAN
11727,1561,6,,NAN
11797,1561,7,,NAN
11845,1561,8,,NAN
11907,1561,9,,NAN
11973,1625,0,0.02718282788561368,FINITE
12027,1625,1,0.02141317441647355,FINITE
12093,1625,2,0.022304854543857958,FINITE
12138,1625,3,0.02314406751338416,FINITE
12181,1625,4,0.024408412029063544,FINITE
16565,2362,1,0.02137112929016078,FINITE
16606,2362,2,0.02148635501812608,FINITE
16650,2362,3,,NAN
16688,2362,4,,NAN
16732,2362,5,,NAN
16798,2362,6,,NAN
16846,2362,7,,NAN
16889,2362,8,,NAN
16949,2362,9,,NAN
17005,2428,0,,NAN
17073,2437,0,0.023290338201653993,FINITE
17122,2437,1,0.02671874935059058,FINITE
17175,2437,2,0.021988582185704122,FINITE
17240,2437,3,,NAN
17304,2437,4,,NAN
17351,2437,5,,NAN
17422,2437,6,,NAN
17478,2437,7,,NAN
17536,2437,8,,NAN
17560,2437,9,,NAN
17637,2505,0,,NAN
17680,2530,0,0,FINITE
17737,2546,0,0.3376361906565953,FINITE
17777,2546,1,,NAN
17826,2546,2,,NAN
17875,2546,3,,NAN
17934,2546,4,,NAN
17992,2546,5,,NAN
18046,2546,6,,NAN
18107,2546,7,,NAN
18163,2546,8,,NAN
21173,3215,0,0.02190777982188001,FINITE
21379,3215,1,,NAN
21461,3215,2,,NAN
21538,3215,3,,NAN
21681,3329,0,,NAN
21849,3231,3,,NAN
22048,3231,4,,NAN
22116,3231,5,,NAN
22313,3231,6,,NAN
22545,3217,9,,NAN
22614,3561,0,0.014017498835670833,FINITE
22686,3577,0,0.2699668034183421,FINITE
22774,3577,1,,NAN
22862,3577,2,,NAN
22946,3577,3,,NAN
23011,3577,4,,NAN
23107,3577,5,,NAN
23198,3577,6,,NAN
23271,3577,7,,NAN
23372,3577,8,,NAN
23457,3577,9,,NAN
23538,3713,0,0.02733782556252333,FINITE
23629,3713,1,0.03153348597828559,FINITE
23694,3713,2,0.028924413353183836,FINITE
23837,3293,6,,NAN
24186,3293,7,,NAN
24478,3293,8,,NAN
24685,3904,2,0.5115661125501384,FINITE
24720,3293,9,,NAN
24752,3960,0,0.033964902140173545,FINITE
24780,3904,3,,NAN
24798,3960,1,0.034595902689917336,FINITE
24867,3962,0,0.7295117704202696,FINITE
24911,3962,1,0.3840560822262479,FINITE
24962,3962,2,0.2679273526533248,FINITE
24972,3886,1,1.3402261387842602,FINITE
25014,3962,3,,NAN
25072,3962,4,,NAN
25164,3994,5,,NAN
25193,3994,6,,NAN
25217,3962,5,,NAN
25219,3994,7,,NAN
25242,3994,8,,NAN
25265,3994,9,,NAN
25266,3962,6,,NAN
25270,4028,0,0.4482184971519947,FINITE
25291,4034,0,0,FINITE
25308,4028,1,,NAN
25315,4039,0,0.022685377277357973,FINITE
25328,4028,2,,NAN
25335,3886,2,1.3553264550643636,FINITE
25338,4039,1,0.02474884123491926,FINITE
25342,4015,4,,NAN
25366,4039,2,0.02307499573958323,FINITE
25369,4051,0,0,FINITE
25377,4015,5,,NAN
25386,3962,7,,NAN
25387,4039,3,0.023955310283015535,FINITE
25408,4059,0,,NAN
25416,3962,8,,NAN
25418,4028,3,,NAN
25426,3893,7,,NAN
25428,4039,4,0.025547121359797677,FINITE
1126,138,2,0.001021117813812023,FINITE
1425,196,0,0.0010211211481455584,FINITE
1586,196,1,0.0032442323377315364,FINITE
1706,214,2,0.0023825960056712836,FINITE
2090,223,3,0.15413104360927116,FINITE
2208,223,4,0.12350905911704604,FINITE
2484,194,8,0.00079420200311301,FINITE
2614,194,9,0.000714781802801709,FINITE
3136,406,3,0.02503316381015135,FINITE
3217,406,4,0.026957742235792732,FINITE
3303,406,5,0.02681639305031121,FINITE
3408,406,6,0.026095356403329304,FINITE
3478,406,7,0.024313044785181013,FINITE
3650,460,1,0.0020422272912898522,FINITE
3775,460,2,0.002042228958623405,FINITE
3885,460,3,0.00229750507757609,FINITE
4524,600,0,0.032250905154379506,FINITE
4600,600,1,,NAN
4651,600,2,,NAN
4712,600,3,,NAN
4785,600,4,,NAN
5168,658,0,0.01572983420039426,FINITE
5259,658,1,0.0161971580638387,FINITE
5333,658,2,0.020851107573889593,FINITE
5406,658,3,0.02084696540535739,FINITE
5493,658,4,0.020231921552537842,FINITE
5582,658,5,0.01927391906859998,FINITE
5664,658,6,0.018251094924375304,FINITE
6390,824,1,0.01905095457395567,FINITE
6513,824,2,0.023122002329420095,FINITE
6653,824,3,,NAN
6804,824,4,,NAN
6921,824,5,,NAN
7037,824,6,,NAN
7157,824,7,,NAN
8044,1041,3,0.027610145596337708,FINITE
8115,1041,4,0.02588988019023248,FINITE
8187,1041,5,0.025851851228854195,FINITE
8252,1041,6,,NAN
8311,1041,7,,NAN
8377,1041,8,,NAN
8449,1041,9,,NAN
8507,1142,0,0.02557342076283691,FINITE
8568,1142,1,0.022278540596398534,FINITE
8621,1142,2,0.025273726344382002,FINITE
8679,1142,3,0.025902229425668742,FINITE
8744,1142,4,0.025009687515169514,FINITE
8808,1142,5,0.023656312676105618,FINITE
8865,1142,6,0.022219920712996905,FINITE
8941,1142,7,,NAN
9905,1259,3,,NAN
10030,1259,4,,NAN
10139,1259,5,,NAN
11071,1430,2,,NAN
11199,1430,3,,NAN
11323,1430,4,,NAN
11429,1430,5,,NAN
11542,1430,6,,NAN
11653,1430,7,,NAN
11761,1430,8,,NAN
11905,1430,9,,NAN
11963,1624,0,0.02519344647325536,FINITE
12033,1624,1,0.02269354945909369,FINITE
12096,1624,2,0.01901099634283571,FINITE
12187,1624,3,0.019652788050530445,FINITE
16567,2360,1,0.024268057361145276,FINITE
16612,2360,2,0.023325211531821054,FINITE
16652,2360,3,0.023351154024389822,FINITE
16703,2360,4,,NAN
16748,2360,5,,NAN
16809,2360,6,,NAN
16854,2360,7,,NAN
16918,2360,8,,NAN
16962,2360,9,,NAN
17026,2431,0,0.029242846066704947,FINITE
17089,2431,1,0.02111967693567172,FINITE
17142,2431,2,0.02394562147479278,FINITE
17192,2431,3,0.026112842358175743,FINITE
17262,2431,4,0.02602261517093315,FINITE
17316,2431,5,0.024509140730472195,FINITE
17378,2431,6,0.025316264425260603,FINITE
17441,2431,7,0.025934689708197217,FINITE
17492,2431,8,0.026502076838674386,FINITE
17544,2431,9,0.02669656635141292,FINITE
17634,2502,0,,NAN
17676,2529,0,0,FINITE
17717,2544,0,0,FINITE
17761,2555,0,0.008168689045097429,FINITE
17804,2564,0,0.44356222645351695,FINITE
17849,2564,1,0.42157026661697045,FINITE
17902,2564,2,0.4356006293610098,FINITE
17945,2564,3,,NAN
18000,2564,4,,NAN
18044,2564,5,,NAN
18095,2564,6,,NAN
18154,2564,7,,NAN
21174,3166,0,,NAN
21278,3261,0,0,FINITE
21372,3311,0,0,FINITE
21460,3361,0,0.17761011112675268,FINITE
21542,3361,1,,NAN
21620,3361,2,,NAN
21682,3202,5,,NAN
21853,3152,4,,NAN
21933,3152,5,,NAN
22003,3152,6,,NAN
22070,3152,7,,NAN
22162,3152,8,,NAN
22232,3152,9,,NAN
22314,3459,0,0.0010211211481455584,FINITE
22395,3485,0,0.052505362877813,FINITE
22546,3488,1,0.4160719931687288,FINITE
22661,3488,2,0.4128759019515568,FINITE
22769,3488,3,0.4163148594740082,FINITE
22897,3488,4,0.41986768911150285,FINITE
22997,3488,5,,NAN
23117,3488,6,,NAN
23207,3488,7,,NAN
23288,3488,8,,NAN
23398,3488,9,,NAN
23522,3698,0,,NAN
23591,3724,0,,NAN
23845,3499,8,,NAN
23976,3499,9,,NAN
24066,3810,0,0.2963041207483418,FINITE
24133,3810,1,0.2898242085607815,FINITE
24219,3810,2,0.3022567850299415,FINITE
24362,3810,3,0.3720192484187075,FINITE
24693,3934,0,0.014761193249794623,FINITE
24736,3953,0,0.036724627082318245,FINITE
24775,3953,1,0.031400145499771104,FINITE
24829,3953,2,0.031712503135660854,FINITE
24868,3969,1,,NAN
24902,3969,2,,NAN
24945,3969,3,,NAN
24975,3829,8,,NAN
24982,3969,4,,NAN
25017,3969,5,,NAN
25059,3969,6,,NAN
25099,3969,7,,NAN
25109,3829,9,,NAN
25134,3969,8,,NAN
25167,3969,9,,NAN
25169,4010,0,0.03605876304231332,FINITE
25177,3945,9,,NAN
25194,4015,0,0.03594509732704712,FINITE
25225,4010,1,0.036096370447855686,FINITE
25235,4015,1,0.3288848770379729,FINITE
25248,4017,0,,NAN
25267,4010,2,0.036571050584509913,FINITE
25271,4015,2,0.40427479748478795,FINITE
25276,4013,3,,NAN
25297,4031,0,0,FINITE
25307,4015,3,0.41816859186310124,FINITE
25312,4010,3,,NAN
1127,134,2,0.0016556408090942082,FINITE
1426,195,0,0.0019035889928484776,FINITE
1589,195,1,0.0024141395634202957,FINITE
1707,197,2,0.0013152737620463293,FINITE
2091,238,3,0.0007658383603590172,FINITE
2195,238,4,0.0008168949179163254,FINITE
2283,238,5,0.001191301337335962,FINITE
2369,238,6,0.0010211154320022532,FINITE
2485,212,8,0.0005518813811425812,FINITE
2587,212,9,0.0008721740352593635,FINITE
3137,289,9,,NAN
3241,445,0,0,FINITE
3373,445,1,0,FINITE
3512,460,0,0.003063333434434146,FINITE
3651,319,7,0.023673322907226672,FINITE
3767,319,8,0.02479838996806996,FINITE
3883,319,9,,NAN
4001,543,0,0.02171680647405678,FINITE
4525,582,1,0.023757561815493808,FINITE
4604,582,2,0.021946516921472457,FINITE
4685,582,3,0.023151612187176266,FINITE
4756,582,4,0.02594218594103944,FINITE
4828,582,5,0.02531567730469469,FINITE
5169,659,0,0.019622644654148785,FINITE
5244,659,1,0.01637889787961471,FINITE
5314,659,2,0.019859668742014953,FINITE
5386,659,3,0.022633466713868945,FINITE
5443,659,4,0.022868959010643675,FINITE
5519,659,5,0.0231267790248653,FINITE
5592,659,6,0.024766342862881235,FINITE
5660,659,7,0.02458184228022783,FINITE
6391,788,3,0.022568811637387706,FINITE
6455,788,4,0.021796324075725383,FINITE
6534,788,5,,NAN
6617,788,6,,NAN
6718,788,7,,NAN
6789,788,8,,NAN
6883,788,9,,NAN
6984,907,0,0.018983660429960157,FINITE
7063,907,1,,NAN
7127,907,2,,NAN
8045,1028,5,0.028328871017023544,FINITE
8113,1028,6,0.030282386804583398,FINITE
8195,1028,7,0.028983475474405246,FINITE
8267,1028,8,0.030266449482407403,FINITE
8326,1028,9,,NAN
8393,1118,0,0.025193446473255363,FINITE
8467,1118,1,0.022944671036287105,FINITE
8530,1118,2,0.02466495712037005,FINITE
8592,1118,3,0.02163077980426031,FINITE
8661,1118,4,0.02121189012362588,FINITE
8719,1118,5,0.021510929896618555,FINITE
8790,1118,6,0.021288262954589354,FINITE
8852,1118,7,0.020651991853903366,FINITE
8926,1118,8,0.021760130979154732,FINITE
9906,1308,1,,NAN
9951,1308,2,,NAN
10003,1308,3,,NAN
10059,1308,4,,NAN
10115,1308,5,,NAN
11073,1474,0,0.7234554632871092,FINITE
11248,1474,1,,NAN
11434,1474,2,,NAN
11631,1474,3,,NAN
11816,1474,4,,NAN
11889,1474,5,,NAN
12053,1474,6,,NAN
16570,2348,2,0.02109913606585985,FINITE
16611,2348,3,0.019177000946025237,FINITE
16653,2348,4,0.02029749654680386,FINITE
16693,2348,5,0.023385472219958015,FINITE
16737,2348,6,,NAN
16800,2348,7,,NAN
16844,2348,8,,NAN
16891,2348,9,,NAN
16946,2415,0,,NAN
17000,2426,0,0.0340491526892087,FINITE
17064,2426,1,0.03680550704026536,FINITE
17120,2426,2,0.03375336981653929,FINITE
17178,2426,3,0.03203341249095363,FINITE
17228,2426,4,0.030758676795942453,FINITE
17285,2426,5,0.030359007115451874,FINITE
17338,2426,6,0.028422452560062362,FINITE
17404,2426,7,0.02719061230613381,FINITE
17454,2426,8,0.026508394309712056,FINITE
17511,2426,9,0.026790470810717427,FINITE
17586,2491,0,0.6907860568263682,FINITE
17686,2491,1,0.6939144564599378,FINITE
17788,2491,2,,NAN
17884,2491,3,,NAN
17993,2491,4,,NAN
18101,2491,5,,NAN
21175,3171,0,0.035433512951462444,FINITE
21287,3171,1,0.036134861483865646,FINITE
21382,3171,2,0.041108243572193004,FINITE
21468,3171,3,0.03548161111272324,FINITE
21548,3171,4,,NAN
21631,3171,5,,NAN
21683,3322,3,,NAN
21857,3238,5,,NAN
22043,3238,6,,NAN
22119,3238,7,,NAN
22317,3238,8,,NAN
22393,3238,9,,NAN
22548,3440,4,,NAN
22630,3440,5,,NAN
22761,3440,6,,NAN
22828,3440,7,,NAN
22915,3440,8,,NAN
23097,3440,9,,NAN
23160,3661,0,0.020748225646700043,FINITE
23355,3661,1,,NAN
23543,3661,2,,NAN
23621,3661,3,,NAN
23862,3567,8,,NAN
23989,3567,9,,NAN
24056,3815,0,,NAN
24198,3829,0,0.6835050852123308,FINITE
24343,3829,1,0.6948754249687594,FINITE
24504,3829,2,,NAN
24602,3829,3,,NAN
24646,3829,4,,NAN
24700,3931,2,0.029909102568667273,FINITE
24733,3931,3,0.029887443703134925,FINITE
24747,3829,5,,NAN
24776,3931,4,0.02895911026663527,FINITE
24792,3829,6,,NAN
24805,3931,5,0.02660717630600534,FINITE
24834,3931,6,,NAN
24842,3829,7,,NAN
24869,3946,3,,NAN
24920,3946,4,,NAN
24976,3897,2,,NAN
24977,3946,5,,NAN
25031,3946,6,,NAN
25087,3946,7,,NAN
25138,3946,8,,NAN
25140,3897,3,,NAN
25201,3946,9,,NAN
25202,3978,5,,NAN
25250,3978,6,,NAN
25278,3897,4,,NAN
25280,4000,1,0.6322065565907482,FINITE
25294,3978,7,,NAN
25343,3978,8,,NAN
25346,4041,0,0.030288704493712175,FINITE
25372,4013,5,,NAN
25378,4041,1,0.028225340831998492,FINITE
25383,3978,9,,NAN
25397,4000,2,,NAN
25410,4041,2,,NAN
25420,4062,0,0,FINITE
25427,4013,6,,NAN
25430,4015,6,,NAN
25436,4057,1,0.03607450242177232,FINITE
25443,3897,5,,NAN
25450,4041,3,,NAN
1128,149,2,0.001021117813812023,FINITE
1427,170,5,0.0008278220717138716,FINITE
1531,170,6,0.001537698943695159,FINITE
1708,178,5,0.0020422206217888257,FINITE
2092,281,2,0.02346325664067046,FINITE
2203,281,3,0.0236275038938498,FINITE
2294,281,4,0.024155330568089255,FINITE
2373,281,5,0.022713588414556257,FINITE
2486,282,6,,NAN
2580,282,7,,NAN
2687,282,8,,NAN
3138,250,9,,NAN
3222,446,0,0,FINITE
3309,446,1,0,FINITE
3404,457,0,0.0020422322932905105,FINITE
3491,457,1,0.002552782863862328,FINITE
3655,338,6,,NAN
3780,338,7,,NAN
3893,338,8,,NAN
4526,520,9,,NAN
4609,621,0,,NAN
4666,631,0,,NAN
4733,638,0,0.024725186524548068,FINITE
4804,638,1,0.026214302203125227,FINITE
5170,633,6,,NAN
5270,633,7,,NAN
5340,633,8,,NAN
5414,633,9,,NAN
5516,723,0,0.02314974255029359,FINITE
5591,723,1,0.020044814444450526,FINITE
5677,723,2,0.020308055929554012,FINITE
6392,768,5,0.02603090085763578,FINITE
6465,768,6,0.026954486340142945,FINITE
6550,768,7,0.02615483208498468,FINITE
6631,768,8,0.025661503428237906,FINITE
6725,768,9,0.024292903761272626,FINITE
6790,867,0,0.023099364853830982,FINITE
6872,867,1,0.026559864073690105,FINITE
6949,867,2,0.023538062562585272,FINITE
7020,867,3,0.02471754657649808,FINITE
7098,867,4,0.02445983356161767,FINITE
8046,1034,4,,NAN
8127,1034,5,,NAN
8203,1034,6,,NAN
8265,1034,7,,NAN
8328,1034,8,,NAN
8387,1034,9,,NAN
8458,1130,0,0,FINITE
8524,1144,0,0.017771746141259665,FINITE
8585,1144,1,0.0208335176205722,FINITE
8631,1144,2,,NAN
8697,1144,3,,NAN
8758,1144,4,,NAN
8828,1144,5,,NAN
8890,1144,6,,NAN
8936,1144,7,,NAN
9907,1296,2,,NAN
9961,1296,3,,NAN
10010,1296,4,,NAN
10065,1296,5,,NAN
10122,1296,6,,NAN
11074,1428,2,,NAN
11141,1428,3,,NAN
11193,1428,4,,NAN
11334,1428,5,,NAN
11372,1428,6,,NAN
11525,1428,7,,NAN
11651,1428,8,,NAN
11708,1428,9,,NAN
11772,1604,0,,NAN
11829,1609,0,0.04226728485043747,FINITE
11870,1609,1,0.033012941500399434,FINITE
11953,1609,2,,NAN
12008,1609,3,,NAN
12066,1609,4,,NAN
12127,1609,5,,NAN
12182,1609,6,,NAN
16572,2325,5,,NAN
16615,2325,6,,NAN
16655,2325,7,,NAN
16707,2325,8,,NAN
16752,2325,9,,NAN
16812,2396,0,,NAN
16858,2407,0,0.02635295051810792,FINITE
16907,2407,1,,NAN
16961,2407,2,,NAN
17022,2407,3,,NAN
17079,2407,4,,NAN
17143,2407,5,,NAN
17188,2407,6,,NAN
17256,2407,7,,NAN
17315,2407,8,,NAN
17379,2407,9,,NAN
17437,2472,0,0.02028187795067941,FINITE
17482,2472,1,0.024295103308148547,FINITE
17539,2472,2,0.028273865388244068,FINITE
17562,2472,3,,NAN
17596,2472,4,,NAN
17645,2472,5,,NAN
17695,2472,6,,NAN
17734,2472,7,,NAN
17775,2472,8,,NAN
17807,2472,9,,NAN
17851,2574,0,0.027201174727315224,FINITE
17895,2574,1,0.03411140645557745,FINITE
17942,2574,2,0.02946603950479505,FINITE
17984,2574,3,0.027536743973582106,FINITE
18023,2574,4,0.029362111880895075,FINITE
18075,2574,5,0.028520296400947737,FINITE
18123,2574,6,0.028213013332907065,FINITE
18176,2574,7,0.027208299866697462,FINITE
21176,3212,0,,NAN
21228,3262,0,0,FINITE
21316,3283,0,0,FINITE
21428,3330,0,,NAN
21684,3317,3,,NAN
21865,3383,0,,NAN
21949,3433,0,0.018515400481252872,FINITE
22128,3433,1,0.3746285142360888,FINITE
22199,3433,2,0.25530717013315357,FINITE
22276,3433,3,0.19759284317527848,FINITE
22365,3433,4,0.16583254801623262,FINITE
22555,3471,1,,NAN
22625,3471,2,,NAN
22684,3471,3,,NAN
22770,3471,4,,NAN
22873,3471,5,,NAN
22940,3471,6,,NAN
23076,3471,7,,NAN
23169,3471,8,,NAN
23233,3471,9,,NAN
23286,3672,0,0.025764394110660137,FINITE
23341,3672,1,,NAN
23385,3672,2,,NAN
23446,3672,3,,NAN
23491,3672,4,,NAN
23550,3672,5,,NAN
23618,3672,6,,NAN
23673,3672,7,,NAN
23867,3576,7,,NAN
23998,3576,8,,NAN
24228,3576,9,,NAN
24285,3866,0,,NAN
24351,3878,0,0.024258888953829855,FINITE
24429,3878,1,,NAN
24492,3878,2,,NAN
24531,3878,3,,NAN
24569,3878,4,,NAN
24616,3878,5,,NAN
24651,3878,6,,NAN
24710,3878,7,,NAN
24723,3884,7,,NAN
24749,3878,8,,NAN
24759,3884,8,,NAN
24801,3878,9,,NAN
24813,3884,9,,NAN
24870,3972,0,0,FINITE
24928,3976,0,,NAN
24986,3986,0,0.02226944737603187,FINITE
25011,3986,1,0.02189764025113266,FINITE
25039,3986,2,0.024593886863378336,FINITE
25073,3986,3,,NAN
25104,3986,4,,NAN
25133,3986,5,,NAN
1129,147,2,0.00233633154617812,FINITE
1428,160,5,0.001848931549024901,FINITE
1523,160,6,0.002022417532654793,FINITE
1594,160,7,0.001769615341072944,FINITE
1710,212,2,0.0009748967113307046,FINITE
2093,237,3,0.0017522936818937641,FINITE
2204,237,4,0.0021527965299770924,FINITE
2303,237,5,0.0026218075083595817,FINITE
2381,237,6,0.002665076454878515,FINITE
2487,228,7,0.0008761455904467175,FINITE
2625,228,8,0.0011959969606537939,FINITE
3139,394,2,0.03023143028644947,FINITE
3274,394,3,,NAN
3405,394,4,,NAN
3532,394,5,,NAN
3658,455,2,0.001361488195527007,FINITE
3772,455,3,0.001531674219967883,FINITE
3897,455,4,0.0016337858346324083,FINITE
4527,459,8,0.001851734769915206,FINITE
4668,459,9,0.0017686734077382413,FINITE
4831,639,0,0.01953633140108794,FINITE
5171,601,8,,NAN
5260,601,9,,NAN
5328,691,0,0.01498428765080268,FINITE
5398,691,1,0.01858467703678338,FINITE
5477,691,2,0.019582505749060505,FINITE
5563,691,3,0.020487885548943666,FINITE
5633,691,4,0.020159311865058538,FINITE
5705,691,5,0.021531866873995203,FINITE
6393,809,3,0.021499807513965866,FINITE
6474,809,4,0.022165815335034762,FINITE
6549,809,5,0.022030380549214263,FINITE
6620,809,6,0.021508434353728074,FINITE
6707,809,7,0.023216701708547057,FINITE
6773,809,8,0.022801957224675914,FINITE
6849,809,9,0.02263275182469907,FINITE
6956,897,0,0,FINITE
7045,929,0,0.022123881236401723,FINITE
7124,929,1,0.024818162885140386,FINITE
8047,1031,5,,NAN
8116,1031,6,,NAN
8178,1031,7,,NAN
8250,1031,8,,NAN
8313,1031,9,,NAN
8379,1116,0,,NAN
8448,1128,0,0,FINITE
8515,1141,0,0.029690746645283747,FINITE
8580,1141,1,0.024544217372964992,FINITE
8652,1141,2,0.024576423465135472,FINITE
8708,1141,3,0.0232601613107479,FINITE
8775,1141,4,,NAN
8846,1141,5,,NAN
8906,1141,6,,NAN
9908,1317,0,0.02977705989834481,FINITE
9957,1317,1,0.036272217409790114,FINITE
10007,1317,2,0.03687313962638895,FINITE
10067,1317,3,0.038022742542503124,FINITE
10120,1317,4,,NAN
11075,1429,3,,NAN
16574,2335,4,,NAN
16618,2335,5,,NAN
16664,2335,6,,NAN
16704,2335,7,,NAN
16749,2335,8,,NAN
16816,2335,9,,NAN
16855,2409,0,0.02226944737603187,FINITE
16910,2409,1,0.026083745824653858,FINITE
16958,2409,2,0.028757012363307768,FINITE
17016,2409,3,,NAN
17088,2409,4,,NAN
17147,2409,5,,NAN
17196,2409,6,,NAN
17264,2409,7,,NAN
17318,2409,8,,NAN
17382,2409,9,,NAN
17443,2473,0,0.018047140532545473,FINITE
17497,2473,1,,NAN
17546,2473,2,,NAN
17576,2473,3,,NAN
17613,2473,4,,NAN
17664,2473,5,,NAN
17702,2539,0,0,FINITE
17750,2550,0,0.27039214497985997,FINITE
17798,2550,1,0.26215122853617145,FINITE
21177,3222,0,0.023672284897300555,FINITE
21362,3222,1,0.3543468773694979,FINITE
21553,3222,2,0.46614072373160265,FINITE
21642,3222,3,0.3578074230454302,FINITE
21685,3345,3,,NAN
21869,3235,4,,NAN
21941,3235,5,,NAN
22136,3235,6,,NAN
22305,3235,7,,NAN
22388,3235,8,,NAN
22561,3160,8,,NAN
22705,3160,9,,NAN
22786,3592,0,0.015538860852571033,FINITE
22845,3608,0,0.0010211211481455584,FINITE
22917,3620,0,0.0019035889928484776,FINITE
22978,3638,0,,NAN
23048,3647,0,0.02866300318404704,FINITE
23108,3647,1,0.03237787471601995,FINITE
23164,3647,2,0.03226958613313606,FINITE
23232,3647,3,0.03126568863032931,FINITE
23281,3647,4,0.02982980339380506,FINITE
23330,3647,5,0.031539731865937344,FINITE
23392,3647,6,,NAN
23452,3647,7,,NAN
23509,3647,8,,NAN
23564,3647,9,,NAN
23627,3732,0,0,FINITE
23868,3583,6,,NAN
24030,3583,7,,NAN
24175,3583,8,,NAN
24318,3583,9,,NAN
24396,3882,0,0.00993347462542595,FINITE
24461,3889,0,,NAN
24758,3915,2,,NAN
24871,3898,4,,NAN
24965,3898,5,,NAN
24989,3949,9,,NAN
25019,3993,0,0.0010211211481455584,FINITE
25057,4001,0,0.5377962034284212,FINITE
25066,3898,6,,NAN
25089,4001,1,0.28462665360611944,FINITE
25122,4001,2,0.20555189059691603,FINITE
25162,4001,3,0.30195680806348346,FINITE
25166,3898,7,,NAN
25191,4001,4,0.2450920670189503,FINITE
25204,3975,6,,NAN
25216,4001,5,,NAN
25243,4001,6,,NAN
25253,3975,7,,NAN
25269,3898,8,,NAN
25274,4001,7,,NAN
25286,4006,3,0.028666781076225143,FINITE
25296,3975,8,,NAN
25303,4001,8,,NAN
25309,3898,9,,NAN
25329,4001,9,,NAN
25334,4006,4,0.02766749137025653,FINITE
25345,3975,9,,NAN
25350,3376,9,,NAN
25353,4045,0,0.033687615539289485,FINITE
25362,4049,0,0.0214918499205538,FINITE
25370,4006,5,0.02573281794999034,FINITE
25380,4054,0,0,FINITE
25388,4049,1,,NAN
25391,4055,0,0.023290338201653996,FINITE
25392,4045,1,0.030573865012893723,FINITE
25406,3761,4,,NAN
25409,4006,6,0.024867411771638863,FINITE
25413,4061,0,0.029363142525445654,FINITE
25423,4055,1,0.031754654970757475,FINITE
25425,4045,2,0.02958827821814296,FINITE
1130,140,2,0.0022901638037092224,FINITE
1429,157,5,0.002598685283281566,FINITE
1517,157,6,0.0026452574048116445,FINITE
1587,157,7,0.002314600229210189,FINITE
1712,195,2,0.0016094263756135305,FINITE
2094,230,1,0.6207539897143108,FINITE
2216,230,2,0.416172324689052,FINITE
2352,230,3,0.312129243516789,FINITE
2488,250,4,,NAN
2578,250,5,,NAN
3140,438,1,0,FINITE
3224,447,0,0.0020422322932905105,FINITE
3297,447,1,0.0010211161466452553,FINITE
3371,447,2,0.001021117813812023,FINITE
3474,447,3,0.0010211186473954067,FINITE
3660,328,7,0.002704035651054736,FINITE
3756,328,8,0.0024035872453819877,FINITE
3879,328,9,0.00236745175017284,FINITE
3999,541,0,0.021855449774498922,FINITE
4528,599,0,0.023151694901212067,FINITE
4605,599,1,0.021067677665586114,FINITE
4675,599,2,0.020620886693361203,FINITE
4741,599,3,0.02334302347782061,FINITE
4824,599,4,0.02414917902894387,FINITE
5172,647,4,0.02357967807070549,FINITE
5266,647,5,0.024895301397233546,FINITE
5326,647,6,0.023904932553211994,FINITE
5397,647,7,0.023789199533446794,FINITE
5474,647,8,0.02323984593301029,FINITE
5560,647,9,,NAN
5627,747,0,0,FINITE
5698,752,0,0.014517889854590313,FINITE
6394,740,9,,NAN
6461,847,0,0.02000459134979534,FINITE
6535,847,1,0.021976105248530685,FINITE
6623,847,2,0.024207378840098912,FINITE
6709,847,3,0.023908797030266694,FINITE
6782,847,4,0.021892342721782854,FINITE
6864,847,5,0.021251475690243327,FINITE
6980,847,6,,NAN
7051,847,7,,NAN
7139,847,8,,NAN
8048,1073,0,0.020557252298876706,FINITE
8153,1073,1,,NAN
8268,1073,2,,NAN
8398,1073,3,,NAN
8546,1073,4,,NAN
8730,1073,5,,NAN
8881,1073,6,,NAN
9909,1253,8,0.021472131891895847,FINITE
9964,1253,9,0.021185090076137635,FINITE
10026,1338,0,0.3764014636882027,FINITE
10084,1338,1,,NAN
10134,1338,2,,NAN
11079,1482,0,0.5333950251947774,FINITE
11185,1482,1,0.5117235037193107,FINITE
11222,1482,2,0.34761489851308913,FINITE
16576,2365,1,,NAN
16613,2365,2,,NAN
16659,2365,3,,NAN
16710,2365,4,,NAN
16760,2365,5,,NAN
16818,2365,6,,NAN
16859,2365,7,,NAN
16897,2365,8,,NAN
16959,2365,9,,NAN
17025,2430,0,0.020695895599318843,FINITE
17092,2430,1,0.020254756800645424,FINITE
17150,2430,2,0.019069326244751286,FINITE
17209,2430,3,0.020185405082778093,FINITE
17274,2430,4,0.022974032686838806,FINITE
17325,2430,5,0.023675498553301283,FINITE
17395,2430,6,0.02518502572298074,FINITE
17451,2430,7,0.025575438590810358,FINITE
17515,2430,8,0.02559061919886241,FINITE
17548,2430,9,0.025106379843646165,FINITE
17646,2504,0,,NAN
17688,2532,0,,NAN
17729,2548,0,0,FINITE
17766,2558,0,0,FINITE
17912,2565,0,,NAN
17944,2592,0,0.03790717753001585,FINITE
17988,2592,1,,NAN
18025,2592,2,,NAN
18074,2592,3,,NAN
18122,2592,4,,NAN
18191,2592,5,,NAN
21178,3164,0,,NAN
21282,3263,0,0.0010211211481455584,FINITE
21393,3313,0,0,FINITE
21481,3373,0,,NAN
21562,3396,0,0.07266461424473784,FINITE
21632,3396,1,,NAN
21686,3247,5,,NAN
21877,3376,0,1.2333912528624813,FINITE
22320,3376,1,,NAN
22563,3239,8,,NAN
22709,3239,9,,NAN
22780,3595,0,0,FINITE
22857,3606,0,0.02552306312152051,FINITE
22931,3606,1,0.023109479360419627,FINITE
23018,3606,2,0.02162433416751142,FINITE
23105,3606,3,0.022529694755792674,FINITE
23181,3606,4,,NAN
23260,3606,5,,NAN
23336,3606,6,,NAN
23414,3606,7,,NAN
23497,3606,8,,NAN
23579,3606,9,,NAN
23874,3718,7,,NAN
23913,3718,8,,NAN
23948,3718,9,,NAN
23992,3805,0,,NAN
24036,3816,0,0.04541778134052972,FINITE
24084,3816,1,0.04205224431290823,FINITE
24126,3816,2,0.045431304153030046,FINITE
24171,3816,3,,NAN
24222,3816,4,,NAN
24265,3816,5,,NAN
24305,3816,6,,NAN
24332,3816,7,,NAN
24372,3816,8,,NAN
24408,3816,9,,NAN
24493,3891,0,,NAN
24529,3909,0,0.17734079726484972,FINITE
24566,3909,1,,NAN
24600,3909,2,,NAN
24634,3909,3,,NAN
24669,3909,4,,NAN
24699,3909,5,,NAN
24732,3909,6,,NAN
24777,3909,7,,NAN
24783,3930,3,0.02959739365796809,FINITE
24807,3909,8,,NAN
24833,3930,4,0.02830825390661691,FINITE
24836,3909,9,,NAN
24872,3950,5,,NAN
24897,3950,6,,NAN
24922,3950,7,,NAN
24951,3950,8,,NAN
24981,3950,9,,NAN
25006,3990,0,0.0010211211481455584,FINITE
25007,3979,3,0.035156137379240976,FINITE
25034,3979,4,0.03419490589175563,FINITE
25036,3997,0,0.020695895599318843,FINITE
25068,3997,1,0.04168016481205809,FINITE
25069,3979,5,0.03211522265547249,FINITE
25093,3979,6,0.03136251776157075,FINITE
25100,3997,2,0.0394479764895243,FINITE
25124,3979,7,0.030818478213810917,FINITE
25127,3997,3,0.03771344359553373,FINITE
25150,3979,8,0.03183594378390488,FINITE
25158,3997,4,0.039987198405122264,FINITE
25179,3979,9,,NAN
25184,3997,5,0.03626151581107151,FINITE
1131,145,2,0.0009748967113307046,FINITE
1132,141,2,0.001021117813812023,FINITE
1133,139,2,0.0006807440977635035,FINITE
1134,116,3,,NAN
1135,154,2,0.0013614915298605426,FINITE
1136,153,2,0.0010211211481455584,FINITE
1137,157,2,0.002970861210460946,FINITE
1138,146,2,0.0013614848608599014,FINITE
1139,91,8,0,FINITE
1140,150,2,0.0013152704273792241,FINITE
1141,158,2,0.001361488195527007,FINITE
1142,161,2,0.002272723789582864,FINITE
1143,162,2,0.00034037371604851946,FINITE
1144,182,1,0.0037547628952956606,FINITE
1145,152,2,0.001361488195527007,FINITE
1146,160,2,0.0019960145251427274,FINITE
1147,168,2,0.0006807474320970389,FINITE
1148,143,2,,NAN
1149,156,2,0.001361488195527007,FINITE
1150,144,2,,NAN
1151,109,2,,NAN
1152,155,2,0.0013614915298605422,FINITE
1153,103,7,,NAN
1154,151,2,0.0026767452842377786,FINITE
1155,165,2,0.0006807474320970389,FINITE
1156,119,8,0,FINITE
1157,148,2,0.0016556341394263964,FINITE
1158,164,2,0.001996007855474916,FINITE
1159,171,2,0.0025668764028164643,FINITE
1160,92,1,1.390126122638208,FINITE
1161,183,1,0.0005105605740727792,FINITE
1162,159,2,0.0017018619115755265,FINITE
1163,166,2,0.003357442690989502,FINITE
1164,127,3,0,FINITE
1165,170,2,0.0006807474320970389,FINITE
1166,87,8,0,FINITE
1167,84,8,0,FINITE
1168,163,2,0.001021117813812023,FINITE
1169,167,2,0.00399198569727742,FINITE
1170,104,8,0,FINITE
1171,173,2,0.0021977215974121472,FINITE
1172,177,2,0.0036054042167488636,FINITE
1173,174,2,0.001021117813812023,FINITE
1174,102,7,,NAN
1175,184,0,0,FINITE
1176,78,8,0.002078645022501988,FINITE
1177,117,8,0,FINITE
1178,122,8,0,FINITE
1179,169,2,0.00034037371604851946,FINITE
1180,66,8,0,FINITE
1181,110,8,0,FINITE
1182,75,8,,NAN
1183,26,7,,NAN
1184,120,8,0,FINITE
1185,94,8,0,FINITE
1186,172,2,0.0023363715681892594,FINITE
1187,79,8,0,FINITE
1188,113,8,0.0013460811612553776,FINITE
1189,130,3,0,FINITE
1190,108,8,,NAN
1191,131,3,0,FINITE
1192,115,8,0,FINITE
1193,123,3,0,FINITE
1194,175,1,0.0019728906350668157,FINITE
1195,74,8,0,FINITE
1196,85,8,0.001655639697316116,FINITE
1197,88,8,0,FINITE
1198,71,8,0,FINITE
1199,137,3,0.0007658408611091688,FINITE
1200,135,3,0.0011939822676139908,FINITE
1201,125,3,0,FINITE
1202,132,3,0,FINITE
1203,73,8,0.0013306763500951517,FINITE
1204,129,3,0,FINITE
1205,179,2,0.0013614915298605422,FINITE
1206,180,2,0.00034037371604851946,FINITE
1207,142,3,0.0020422297922901814,FINITE
1208,176,1,0.0020422322932905105,FINITE
1209,124,3,0,FINITE
1210,126,3,0,FINITE
1211,133,3,0.001669872012074444,FINITE
1212,81,8,0,FINITE
1213,112,8,0,FINITE
1214,82,8,0,FINITE
1215,140,3,0.0022281809261045444,FINITE
1216,95,8,0,FINITE
1217,114,8,0.0011345757191615295,FINITE
1218,111,8,0,FINITE
1219,118,8,0,FINITE
1220,141,3,0.0010211186473954067,FINITE
1221,138,3,0.0012763964336816448,FINITE
1222,63,8,0,FINITE
1223,178,1,0.0025527728593606113,FINITE
1224,147,3,0.002262806732956218,FINITE
1225,136,3,0.0017869495052537916,FINITE
1226,145,3,0.0012417306068206561,FINITE
1227,139,3,0.0005105580733226276,FINITE
1228,150,3,0.0012417331075708076,FINITE
1229,83,8,0,FINITE
1230,143,3,,NAN
1231,154,3,0.0017869520060039435,FINITE
1232,149,3,0.0012763964336816448,FINITE
1233,100,8,,NAN
1234,134,3,0.002704053162561648,FINITE
1235,67,8,0,FINITE
1236,121,8,0,FINITE
1237,146,3,0.0010211136456449261,FINITE
1238,157,3,0.0029115751043879315,FINITE
1239,151,3,0.0032839353883568497,FINITE
1240,162,3,0.0005105605740727792,FINITE
1241,161,3,0.0019598231292235375,FINITE
1242,158,3,0.0014970133948573746,FINITE
1243,168,3,0.0005105605740727792,FINITE
1244,171,3,0.0019251573021123482,FINITE
1245,148,3,0.001497005891606187,FINITE
1246,98,8,0,FINITE
1247,160,3,0.002518117036500962,FINITE
1248,152,3,0.0010211161466452553,FINITE
1249,153,3,0.0022281634168501607,FINITE
1250,165,3,0.0005105605740727792,FINITE
1251,72,8,,NAN
1252,70,8,0,FINITE
1253,182,2,0.0028435489795789596,FINITE
1254,86,9,0,FINITE
1255,164,3,0.0022628392502147235,FINITE
1256,156,3,0.001531674219967883,FINITE
1257,170,3,0.0012417331075708074,FINITE
1258,159,3,0.0015316767207180343,FINITE
1259,166,3,0.0025180820182421266,FINITE
1260,177,3,0.0029593334495980374,FINITE
1261,127,4,0,FINITE
1262,97,9,,NAN
1263,144,3,,NAN
1264,181,1,0.0020422322932905105,FINITE
1430,171,5,0.001453625059432492,FINITE
1533,171,6,0.0012459643366564217,FINITE
1713,177,8,0.0019960022971402627,FINITE
1808,177,9,0.0020006252967552877,FINITE
2095,226,3,0.15750287195813267,FINITE
2383,226,4,,NAN
25468,4055,2,0.03135008774371752,FINITE
25505,4055,3,0.03168777037313448,FINITE
25538,4055,4,0.02983183443380234,FINITE
25571,4055,5,0.027049053879015367,FINITE
25624,4055,6,0.026685216517589466,FINITE
25677,4055,7,0.02701545780180815,FINITE
25729,4055,8,0.025972973917253634,FINITE
25806,4055,9,0.026711476414630685,FINITE
25873,4114,0,0.04094403845556892,FINITE
25941,4114,1,,NAN
26008,4114,2,,NAN
26065,4114,3,,NAN
26119,4114,4,,NAN
26174,4114,5,,NAN
26250,4114,6,,NAN
26303,4114,7,,NAN
26370,4114,8,,NAN
26410,4114,9,,NAN
26481,4225,0,0.5372669384994666,FINITE
26544,4225,1,0.542710701604753,FINITE
26622,4225,2,,NAN
26693,4225,3,,NAN
26713,4225,4,,NAN
26772,4225,5,,NAN
26830,4225,6,,NAN
26908,4225,7,,NAN
27004,4225,8,,NAN
27083,4225,9,,NAN
27124,4352,0,0.01694176852816743,FINITE
27176,4363,0,0.5463147528750639,FINITE
27200,4363,1,0.2906763777545342,FINITE
27222,4363,2,0.21141410622791346,FINITE
27256,4363,3,0.28452684926164107,FINITE
27275,4363,4,0.2329407301919754,FINITE
27297,4363,5,,NAN
27329,4363,6,,NAN
25469,4019,6,,NAN
25493,4019,7,,NAN
25546,4019,8,,NAN
25591,4019,9,,NAN
25615,4085,0,0.002924690133992113,FINITE
25642,4091,0,0.014899836550236656,FINITE
25672,4096,0,0.025661706421962763,FINITE
25700,4096,1,,NAN
25724,4096,2,,NAN
25743,4096,3,,NAN
25765,4096,4,,NAN
25791,4096,5,,NAN
25815,4096,6,,NAN
25833,4096,7,,NAN
25858,4096,8,,NAN
25878,4096,9,,NAN
25902,4126,0,0.021716806474056563,FINITE
25924,4126,1,0.026474476852185774,FINITE
25946,4126,2,0.023683438831298826,FINITE
25969,4126,3,0.023018957185370174,FINITE
25995,4126,4,0.024761637306107386,FINITE
26021,4126,5,0.025923424053265545,FINITE
26047,4126,6,0.02640995766276561,FINITE
26070,4126,7,0.02751545840568899,FINITE
26092,4126,8,0.027518678057759618,FINITE
26117,4126,9,,NAN
26148,4164,0,0.450046394573572,FINITE
26176,4164,1,,NAN
26198,4164,2,,NAN
26219,4164,3,,NAN
26241,4164,4,,NAN
26263,4164,5,,NAN
26286,4164,6,,NAN
26312,4164,7,,NAN
26339,4164,8,,NAN
26359,4164,9,,NAN
26382,4215,0,,NAN
26426,4219,0,0.6226007496519561,FINITE
26587,4219,1,0.9493190301350972,FINITE
26638,4219,2,0.8707473686009678,FINITE
25470,4011,6,0.03571799094177631,FINITE
25504,4011,7,0.03223312612365829,FINITE
25540,4011,8,0.0333669741402485,FINITE
25575,4011,9,0.0321603643834967,FINITE
25629,4081,0,0.0029246901339921136,FINITE
25684,4095,0,0.042162624755674755,FINITE
25738,4095,1,,NAN
25805,4095,2,,NAN
25857,4095,3,,NAN
25928,4095,4,,NAN
25996,4095,5,,NAN
26060,4095,6,,NAN
26132,4095,7,,NAN
26184,4095,8,,NAN
26253,4095,9,,NAN
26501,4207,0,,NAN
26525,4246,0,0.025714036469343844,FINITE
26549,4246,1,,NAN
26581,4246,2,,NAN
26611,4246,3,,NAN
26645,4246,4,,NAN
26667,4246,5,,NAN
26697,4246,6,,NAN
26717,4246,7,,NAN
26742,4246,8,,NAN
26764,4246,9,,NAN
26793,4294,0,0,FINITE
26815,4301,0,0.022737707324739276,FINITE
26846,4301,1,0.021163184386604257,FINITE
26872,4301,2,,NAN
26896,4301,3,,NAN
26929,4301,4,,NAN
26966,4301,5,,NAN
27005,4301,6,,NAN
27087,4341,0,0.6314563176796884,FINITE
27179,4341,1,0.6339930351445985,FINITE
27232,4341,2,0.6339163601804274,FINITE
25471,4045,3,0.027910296319902578,FINITE
25508,4045,4,0.029974211323740663,FINITE
25545,4045,5,,NAN
25573,4045,6,,NAN
25628,4045,7,,NAN
25683,4045,8,,NAN
25735,4045,9,,NAN
25804,4108,0,0.022599064024296914,FINITE
25852,4108,1,,NAN
25917,4108,2,,NAN
25991,4108,3,,NAN
26043,4108,4,,NAN
26115,4108,5,,NAN
26168,4108,6,,NAN
26252,4180,0,0.0020422322932905105,FINITE
26320,4206,0,0.02199216077514803,FINITE
26372,4206,1,0.02229561239972258,FINITE
26413,4206,2,0.02030932074966284,FINITE
26449,4206,3,,NAN
26476,4206,4,,NAN
26507,4206,5,,NAN
26531,4206,6,,NAN
26562,4252,0,0.03752733369700648,FINITE
26586,4252,1,,NAN
26618,4252,2,,NAN
26644,4252,3,,NAN
26666,4252,4,,NAN
26695,4252,5,,NAN
26715,4252,6,,NAN
26750,4252,7,,NAN
26773,4252,8,,NAN
26795,4252,9,,NAN
26820,4302,0,,NAN
26893,4309,0,,NAN
26962,4324,0,0.6927265669380643,FINITE
27001,4324,1,,NAN
27025,4324,2,,NAN
27066,4324,3,,NAN
27148,4324,4,,NAN
27180,4324,5,,NAN
27213,4324,6,,NAN
27259,4324,7,,NAN
27277,4324,8,,NAN
27313,4324,9,,NAN
27340,4406,0,0.24525880972324615,FINITE
27360,4406,1,,NAN
27376,4406,2,,NAN
27397,4406,3,,NAN
25472,4030,5,,NAN
25519,4030,6,,NAN
25565,4030,7,,NAN
25597,4030,8,,NAN
25650,4030,9,,NAN
25674,4098,0,0.0381775412917118,FINITE
25473,4043,5,,NAN
25500,4043,6,,NAN
25536,4043,7,,NAN
25566,4043,8,,NAN
25593,4043,9,,NAN
25621,4086,0,0,FINITE
25653,4093,0,0.03459680305178894,FINITE
25678,4093,1,0.02688476729946615,FINITE
25702,4093,2,,NAN
25726,4093,3,,NAN
25748,4093,4,,NAN
25768,4093,5,,NAN
25792,4093,6,,NAN
25812,4093,7,,NAN
25835,4093,8,,NAN
25859,4093,9,,NAN
25881,4121,0,0.02088686894714186,FINITE
25905,4121,1,0.024873884159100284,FINITE
25929,4121,2,0.025998948032416314,FINITE
25950,4121,3,0.025914637629802926,FINITE
25975,4121,4,,NAN
26000,4121,5,,NAN
26026,4121,6,,NAN
26052,4121,7,,NAN
26075,4121,8,,NAN
26095,4121,9,,NAN
26128,4158,0,,NAN
26156,4166,0,0.025877767730212515,FINITE
26185,4166,1,0.030803457062130342,FINITE
26207,4166,2,0.027416826558732777,FINITE
26222,4166,3,0.02526079168958379,FINITE
26242,4166,4,0.024154094301449262,FINITE
26266,4166,5,0.02556722055954538,FINITE
26288,4166,6,0.026699995078391218,FINITE
26307,4166,7,0.02704597102111832,FINITE
26329,4166,8,0.027768754786076197,FINITE
26351,4166,9,0.028550237332910365,FINITE
26414,4213,0,0.5931667962720402,FINITE
26458,4213,1,0.578883741834232,FINITE
26520,4213,2,0.5904838464048011,FINITE
26583,4213,3,,NAN
26626,4213,4,,NAN
26670,4213,5,,NAN
26719,4213,6,,NAN
26748,4213,7,,NAN
26789,4213,8,,NAN
26831,4213,9,,NAN
26844,4313,0,,NAN
26856,4316,0,0.16749706485113333,FINITE
26870,4316,1,0.1645957639530951,FINITE
26885,4316,2,0.1637722543775925,FINITE
26904,4316,3,0.16511419611103048,FINITE
26918,4316,4,,NAN
26930,4316,5,,NAN
26944,4316,6,,NAN
26957,4316,7,,NAN
26975,4316,8,,NAN
26989,4316,9,,NAN
27015,4340,0,,NAN
27032,4342,0,0.003945781270133631,FINITE
27045,4344,0,0.030816217328988784,FINITE
27057,4344,1,0.02651666732881973,FINITE
27071,4344,2,,NAN
27084,4344,3,,NAN
27099,4344,4,,NAN
27110,4344,5,,NAN
27120,4344,6,,NAN
27130,4344,7,,NAN
27139,4344,8,,NAN
27150,4344,9,,NAN
27175,4371,0,0.7070367184818487,FINITE
27206,4371,1,0.7102510603568241,FINITE
27225,4371,2,0.6980616816829576,FINITE
27251,4371,3,,NAN
27274,4371,4,,NAN
27330,4371,5,,NAN
27348,4371,6,,NAN
27366,4371,7,,NAN
27385,4371,8,,NAN
25474,4015,7,,NAN
25502,4015,8,,NAN
25549,4015,9,,NAN
25582,4078,0,0.03303043490965052,FINITE
25606,4078,1,0.03233823972282296,FINITE
25635,4078,2,0.0307176494362038,FINITE
25661,4078,3,,NAN
25689,4078,4,,NAN
25709,4078,5,,NAN
25734,4078,6,,NAN
25757,4078,7,,NAN
25780,4078,8,,NAN
25802,4078,9,,NAN
25824,4113,0,0.03109350392987296,FINITE
25847,4113,1,0.02946778255600857,FINITE
25868,4113,2,,NAN
25890,4113,3,,NAN
25914,4113,4,,NAN
25937,4113,5,,NAN
25959,4113,6,,NAN
25983,4113,7,,NAN
26009,4113,8,,NAN
26035,4113,9,,NAN
26059,4150,0,0.019727304748911163,FINITE
26083,4150,1,0.020885897785720083,FINITE
26104,4150,2,0.02142818211422545,FINITE
26130,4150,3,0.020341239542821396,FINITE
26154,4150,4,0.02065416113867453,FINITE
26183,4174,0,0,FINITE
26205,4186,0,0.003945781270133631,FINITE
26225,4194,0,0,FINITE
26244,4201,0,0.017824076188640747,FINITE
26268,4201,1,0.028999881834150164,FINITE
26287,4201,2,0.024888081865194422,FINITE
26308,4201,3,0.02595686985139763,FINITE
26330,4201,4,0.02541171294413506,FINITE
26353,4201,5,0.024045956276694477,FINITE
26374,4201,6,0.025356441892964147,FINITE
26395,4201,7,0.02372818061495861,FINITE
26421,4201,8,0.02394301681573685,FINITE
26439,4201,9,0.023822291634151775,FINITE
26463,4234,0,,NAN
26535,4238,0,,NAN
26555,4253,0,,NAN
26580,4257,0,0.2667727942992424,FINITE
26604,4257,1,0.2753597309172514,FINITE
26620,4257,2,,NAN
26646,4257,3,,NAN
26664,4257,4,,NAN
26687,4257,5,,NAN
26709,4257,6,,NAN
26724,4257,7,,NAN
26741,4257,8,,NAN
26757,4257,9,,NAN
26771,4292,0,0,FINITE
26788,4297,0,0.026596253913312454,FINITE
26806,4297,1,,NAN
26823,4297,2,,NAN
26838,4297,3,,NAN
26850,4297,4,,NAN
26862,4297,5,,NAN
26876,4297,6,,NAN
26889,4297,7,,NAN
26910,4297,8,,NAN
26924,4297,9,,NAN
26939,4328,0,0.03462207273267838,FINITE
26958,4328,1,0.033575132243970976,FINITE
26973,4328,2,,NAN
26987,4328,3,,NAN
27002,4328,4,,NAN
27017,4328,5,,NAN
27034,4328,6,,NAN
27043,4328,7,,NAN
27056,4328,8,,NAN
27074,4328,9,,NAN
27089,4350,0,0.01837675718081095,FINITE
27104,4350,1,0.02194991015116584,FINITE
27113,4350,2,0.020234315176685655,FINITE
27125,4350,3,0.02185946068595286,FINITE
27136,4350,4,0.021526299037748647,FINITE
27144,4366,0,0.0040844245705756645,FINITE
27156,4368,0,,NAN
27168,4374,0,0.011231782299397577,FINITE
27183,4381,0,0.3963012915973126,FINITE
27204,4381,1,0.4560941827236322,FINITE
27214,4381,2,0.4513900356610879,FINITE
27233,4381,3,,NAN
27252,4381,4,,NAN
27267,4381,5,,NAN
27276,4381,6,,NAN
27290,4381,7,,NAN
27311,4381,8,,NAN
27323,4381,9,,NAN
27333,4408,0,,NAN
27349,4410,0,,NAN
27365,4411,0,,NAN
27378,4412,0,0.04304466152211969,FINITE
27382,4412,1,0.043521908669075654,FINITE
27398,4412,2,0.036933487712531375,FINITE
25475,4032,4,0.021522687810539776,FINITE
25510,4032,5,0.021508826487645266,FINITE
25543,4072,0,0.03206197443732161,FINITE
25570,4072,1,0.03433661395004374,FINITE
25625,4072,2,0.0352479085503,FINITE
25680,4072,3,,NAN
25744,4072,4,,NAN
25807,4072,5,,NAN
25874,4072,6,,NAN
25944,4072,7,,NAN
26010,4072,8,,NAN
26067,4072,9,,NAN
26141,4153,0,0.029518120139162173,FINITE
26197,4153,1,0.030772034370019456,FINITE
26272,4153,2,0.03390357014417289,FINITE
26331,4153,3,0.03405754644361509,FINITE
26387,4153,4,0.03086630971279706,FINITE
26428,4153,5,0.029410392106595854,FINITE
26456,4153,6,0.0288151652505924,FINITE
26488,4153,7,,NAN
26514,4153,8,,NAN
26540,4153,9,,NAN
26569,4255,0,,NAN
26602,4259,0,0,FINITE
26637,4263,0,0.308798733799804,FINITE
26669,4263,1,0.3204356067392758,FINITE
26702,4263,2,0.31248420694255064,FINITE
26731,4263,3,0.31970590634358426,FINITE
26755,4263,4,0.3146460048146148,FINITE
26781,4263,5,,NAN
26858,4263,6,,NAN
26887,4263,7,,NAN
26916,4263,8,,NAN
26965,4263,9,,NAN
27000,4336,0,0.028801646484489296,FINITE
27027,4336,1,,NAN
27065,4336,2,,NAN
27102,4336,3,,NAN
27141,4336,4,,NAN
27173,4336,5,,NAN
27202,4336,6,,NAN
27226,4336,7,,NAN
27246,4336,8,,NAN
27264,4336,9,,NAN
27284,4403,0,0.02022763565061156,FINITE
27302,4403,1,0.02142590885827357,FINITE
27317,4403,2,0.024056380324985,FINITE
27338,4403,3,0.02342374352529714,FINITE
27359,4403,4,0.021846766990751918,FINITE
27370,4403,5,0.020339894901762478,FINITE
27392,4403,6,0.021139484289622385,FINITE
25476,4044,5,,NAN
25507,4044,6,,NAN
25537,4044,7,,NAN
25567,4044,8,,NAN
25594,4044,9,,NAN
25622,4087,0,0,FINITE
25654,4094,0,0.034519475341941684,FINITE
25679,4094,1,0.03252002961417243,FINITE
25704,4094,2,,NAN
25727,4094,3,,NAN
25749,4094,4,,NAN
25770,4094,5,,NAN
25793,4094,6,,NAN
25816,4094,7,,NAN
25836,4094,8,,NAN
25861,4094,9,,NAN
25882,4123,0,,NAN
25906,4127,0,,NAN
25932,4131,0,0.041541875828149305,FINITE
25953,4131,1,0.03026276812905473,FINITE
25978,4131,2,0.03162344079663463,FINITE
26004,4131,3,0.030629854439747764,FINITE
26028,4131,4,0.033237433248231085,FINITE
26054,4131,5,0.03446583458597514,FINITE
26079,4131,6,0.032995369030945666,FINITE
26100,4131,7,0.031371521820801884,FINITE
26124,4131,8,0.0308753017612383,FINITE
26152,4131,9,0.03126907619316463,FINITE
26182,4173,0,0,FINITE
26206,4185,0,0.0020422322932905105,FINITE
26228,4195,0,0.029795406740046354,FINITE
26247,4195,1,0.0334397189961,FINITE
26270,4195,2,0.029733738471871024,FINITE
26291,4195,3,0.02956327203362375,FINITE
26311,4195,4,0.02796625026162195,FINITE
26333,4195,5,0.025246190236404915,FINITE
26355,4195,6,0.02502134661653285,FINITE
26375,4195,7,0.025687172962001428,FINITE
26398,4195,8,0.024982526861030682,FINITE
26422,4195,9,0.024015664604834428,FINITE
26441,4227,0,0.041298924784723946,FINITE
26505,4227,1,0.3149946169440222,FINITE
26564,4227,2,,NAN
26600,4227,3,,NAN
26642,4227,4,,NAN
26683,4227,5,,NAN
26728,4227,6,,NAN
26758,4227,7,,NAN
26794,4227,8,,NAN
26836,4227,9,,NAN
26860,4314,0,,NAN
26874,4319,0,0.22847943218802358,FINITE
26892,4319,1,0.2554027086047638,FINITE
26923,4319,2,,NAN
26937,4319,3,,NAN
26949,4319,4,,NAN
26967,4319,5,,NAN
26979,4319,6,,NAN
26996,4319,7,,NAN
27030,4319,8,,NAN
27052,4319,9,,NAN
25477,4068,0,0.021387189825791415,FINITE
25511,4068,1,0.023800748521728705,FINITE
25539,4068,2,0.02065794025280582,FINITE
25569,4068,3,0.0215843424517524,FINITE
25596,4068,4,,NAN
25623,4068,5,,NAN
25655,4068,6,,NAN
25681,4068,7,,NAN
25705,4068,8,,NAN
25728,4068,9,,NAN
25751,4107,0,0.04726592460783928,FINITE
25773,4107,1,,NAN
25796,4107,2,,NAN
25817,4107,3,,NAN
25840,4107,4,,NAN
25865,4107,5,,NAN
25885,4107,6,,NAN
25909,4107,7,,NAN
25933,4107,8,,NAN
25955,4107,9,,NAN
25979,4140,0,0,FINITE
26005,4142,0,0.021855449774498815,FINITE
26031,4142,1,0.022599059011767057,FINITE
26056,4142,2,,NAN
26080,4142,3,,NAN
26101,4142,4,,NAN
26123,4142,5,,NAN
26150,4142,6,,NAN
26179,4172,0,0,FINITE
26202,4184,0,0.0019035889928484776,FINITE
26224,4193,0,0,FINITE
26243,4200,0,0.02789439122952539,FINITE
26267,4200,1,0.025246727626911263,FINITE
26289,4200,2,0.025062206983559973,FINITE
26309,4200,3,0.0252462495667549,FINITE
26332,4200,4,0.02348123535981971,FINITE
26356,4200,5,0.0235820732078011,FINITE
26376,4200,6,0.024341045974792107,FINITE
26396,4200,7,0.026239400001148404,FINITE
26419,4200,8,0.026628921025586578,FINITE
26437,4200,9,,NAN
26459,4232,0,0.035253963606152766,FINITE
26485,4232,1,0.03692717881918933,FINITE
26509,4232,2,0.0343763914607788,FINITE
26530,4232,3,0.0327423107748117,FINITE
26552,4232,4,,NAN
26573,4232,5,,NAN
26596,4232,6,,NAN
26610,4232,7,,NAN
26635,4232,8,,NAN
26656,4232,9,,NAN
26673,4269,0,,NAN
26691,4274,0,0,FINITE
26729,4278,0,,NAN
26739,4288,0,0.028333386535781893,FINITE
26784,4288,1,0.3664360201358463,FINITE
26802,4288,2,0.2590579174564993,FINITE
26818,4288,3,0.20040590366778774,FINITE
26853,4288,4,0.29916129787798357,FINITE
26861,4288,5,0.2545985295377259,FINITE
26903,4288,6,,NAN
26919,4288,7,,NAN
26932,4288,8,,NAN
26948,4288,9,,NAN
26959,4333,0,0.029190516019323858,FINITE
26972,4333,1,0.03015900157743823,FINITE
26985,4333,2,0.026416444512485107,FINITE
27022,4333,3,,NAN
27049,4333,4,,NAN
27068,4333,5,,NAN
27079,4333,6,,NAN
27091,4333,7,,NAN
27105,4333,8,,NAN
27114,4333,9,,NAN
27126,4359,0,0.030679596590079638,FINITE
27152,4359,1,0.38194487181122005,FINITE
27178,4359,2,0.487997575767646,FINITE
27191,4359,3,0.37643997800909235,FINITE
27212,4359,4,,NAN
27235,4359,5,,NAN
27250,4359,6,,NAN
27270,4359,7,,NAN
27280,4359,8,,NAN
27307,4359,9,,NAN
27312,4405,0,0.019813618001972004,FINITE
27322,4405,1,,NAN
27332,4405,2,,NAN
27351,4409,0,0.7118016826301823,FINITE
27375,4409,1,0.7089463437135727,FINITE
27388,4409,2,0.7156539872946274,FINITE
25478,3984,9,,NAN
25514,4070,0,0.02969275917371058,FINITE
25551,4070,1,,NAN
25588,4070,2,,NAN
25638,4070,3,,NAN
25695,4070,4,,NAN
25759,4070,5,,NAN
25826,4070,6,,NAN
25888,4070,7,,NAN
25960,4070,8,,NAN
26020,4070,9,,NAN
26094,4147,0,,NAN
26159,4159,0,,NAN
26226,4176,0,0.03748642765213883,FINITE
26296,4176,1,0.039738212950846064,FINITE
26360,4176,2,0.03696651549327678,FINITE
26400,4176,3,0.03694649843050199,FINITE
26444,4176,4,0.0346877609797435,FINITE
26464,4176,5,0.03169826667984358,FINITE
26494,4176,6,0.031107767808617393,FINITE
26523,4176,7,0.029765081701421916,FINITE
26548,4176,8,0.02954537692010049,FINITE
26574,4176,9,0.02908245521532757,FINITE
26631,4260,0,0.4442462038121808,FINITE
26689,4260,1,,NAN
26740,4260,2,,NAN
26791,4260,3,,NAN
26835,4260,4,,NAN
26888,4260,5,,NAN
26935,4260,6,,NAN
27006,4260,7,,NAN
27076,4260,8,,NAN
27155,4260,9,,NAN
27190,4373,0,0,FINITE
27230,4385,0,0.4685045623165339,FINITE
27285,4385,1,,NAN
27318,4385,2,,NAN
27354,4385,3,,NAN
27384,4385,4,,NAN
25479,4039,6,,NAN
25512,4039,7,,NAN
25547,4039,8,,NAN
25578,4039,9,,NAN
25601,4082,0,0.0020422322932905105,FINITE
25627,4088,0,0.02552306312152073,FINITE
25660,4088,1,0.030047434255421855,FINITE
25685,4088,2,0.02804358442069643,FINITE
25708,4088,3,0.025709281772791373,FINITE
25730,4088,4,0.02616316782170358,FINITE
25752,4088,5,0.027270219577444275,FINITE
25774,4088,6,,NAN
25797,4088,7,,NAN
25819,4088,8,,NAN
25843,4088,9,,NAN
25867,4117,0,0.035806454026605206,FINITE
25889,4117,1,,NAN
25911,4117,2,,NAN
25936,4117,3,,NAN
25957,4117,4,,NAN
25981,4117,5,,NAN
26007,4117,6,,NAN
26033,4117,7,,NAN
26058,4117,8,,NAN
26082,4117,9,,NAN
26103,4155,0,0.049814140884057445,FINITE
26125,4155,1,0.03859397105874718,FINITE
26151,4155,2,0.03099843152041192,FINITE
26178,4155,3,0.031497936566301656,FINITE
26200,4155,4,0.029475787218199608,FINITE
26220,4155,5,0.03058583446097808,FINITE
26240,4155,6,0.029286693812346044,FINITE
26261,4155,7,0.02959894306535745,FINITE
26283,4155,8,0.02916706762068206,FINITE
26306,4155,9,0.028640085003694193,FINITE
26349,4211,0,0.6862265739440704,FINITE
25480,4009,7,0.027907695183955777,FINITE
25518,4009,8,0.028544094107061616,FINITE
25554,4009,9,,NAN
25599,4079,0,0.024311219001211047,FINITE
25651,4079,1,0.02320401993556062,FINITE
25716,4079,2,0.027379062088389697,FINITE
25790,4079,3,0.0269281448585177,FINITE
25851,4079,4,0.025377062196242833,FINITE
25915,4079,5,0.025066442230908776,FINITE
25987,4079,6,0.026656282420984632,FINITE
26046,4079,7,,NAN
26121,4079,8,,NAN
26171,4079,9,,NAN
26249,4182,0,0.0029246901339921136,FINITE
26316,4205,0,0.03545393253533091,FINITE
26371,4205,1,0.03014287076631523,FINITE
26411,4205,2,0.0367438595830409,FINITE
26450,4205,3,0.04660748867173045,FINITE
26472,4205,4,,NAN
26503,4205,5,,NAN
26524,4205,6,,NAN
26558,4205,7,,NAN
26591,4205,8,,NAN
26621,4205,9,,NAN
26661,4265,0,,NAN
26690,4271,0,0.3564203255261353,FINITE
26714,4271,1,,NAN
26745,4271,2,,NAN
26786,4271,3,,NAN
26821,4271,4,,NAN
25481,4026,4,,NAN
25533,4026,5,,NAN
25584,4026,6,,NAN
25656,4026,7,,NAN
25742,4026,8,,NAN
25845,4026,9,,NAN
25912,4118,0,0.038375437478723046,FINITE
25982,4118,1,0.03313491435412416,FINITE
26040,4118,2,0.029853388969967438,FINITE
26107,4118,3,,NAN
26165,4118,4,,NAN
26238,4118,5,,NAN
26305,4118,6,,NAN
26352,4118,7,,NAN
26399,4118,8,,NAN
26438,4118,9,,NAN
26468,4233,0,0.023342668249035293,FINITE
26496,4233,1,0.023174398505308606,FINITE
26521,4233,2,0.02233078752085162,FINITE
26542,4233,3,,NAN
26571,4233,4,,NAN
26601,4233,5,,NAN
26629,4233,6,,NAN
26659,4233,7,,NAN
26681,4233,8,,NAN
26707,4233,9,,NAN
26761,4283,0,0.7071822846211986,FINITE
26822,4283,1,,NAN
26894,4283,2,,NAN
26984,4283,3,,NAN
27088,4283,4,,NAN
27188,4283,5,,NAN
27242,4283,6,,NAN
27293,4283,7,,NAN
27342,4283,8,,NAN
27395,4283,9,,NAN
25482,4022,6,,NAN
25534,4022,7,,NAN
25579,4022,8,,NAN
25620,4022,9,,NAN
25647,4092,0,0.017442129492994406,FINITE
25669,4092,1,0.02233864371299464,FINITE
25697,4092,2,0.022148807982475715,FINITE
25720,4092,3,,NAN
25737,4092,4,,NAN
25760,4092,5,,NAN
25783,4092,6,,NAN
25808,4111,0,0.04345366858425758,FINITE
25838,4111,1,0.038539984266475986,FINITE
25864,4111,2,,NAN
25884,4111,3,,NAN
25908,4111,4,,NAN
25930,4111,5,,NAN
25951,4111,6,,NAN
25974,4111,7,,NAN
25999,4111,8,,NAN
26023,4111,9,,NAN
26048,4148,0,0.01688943848078613,FINITE
26069,4151,0,0.020088992350169192,FINITE
26091,4151,1,0.021590717182405975,FINITE
26116,4151,2,,NAN
26140,4151,3,,NAN
26167,4151,4,,NAN
26192,4179,0,0.019484001353706967,FINITE
26214,4179,1,0.021015367665311507,FINITE
26233,4179,2,0.024311088637557543,FINITE
26257,4179,3,,NAN
26277,4179,4,,NAN
26301,4179,5,,NAN
26325,4179,6,,NAN
26347,4179,7,,NAN
26367,4179,8,,NAN
26390,4179,9,,NAN
26418,4221,0,,NAN
26466,4226,0,,NAN
26495,4239,0,,NAN
26516,4245,0,0.018654043781695013,FINITE
26538,4245,1,0.017122617340823508,FINITE
26561,4254,0,0.024088214798626773,FINITE
26578,4254,1,0.021025467143854778,FINITE
26598,4254,2,,NAN
26615,4254,3,,NAN
26633,4254,4,,NAN
26657,4254,5,,NAN
26671,4254,6,,NAN
26688,4254,7,,NAN
26710,4254,8,,NAN
26723,4254,9,,NAN
26736,4287,0,0.02728947041552251,FINITE
26778,4287,1,0.38643397682463004,FINITE
26792,4287,2,0.2708266740466572,FINITE
26812,4287,3,0.2104869561900449,FINITE
26843,4287,4,,NAN
26871,4287,5,,NAN
26906,4287,6,,NAN
26922,4287,7,,NAN
26933,4287,8,,NAN
26945,4287,9,,NAN
26956,4331,0,,NAN
26970,4334,0,0.039068653980933524,FINITE
26983,4334,1,0.033056419283052585,FINITE
26999,4334,2,0.03150018588186519,FINITE
27020,4334,3,0.031246789581579802,FINITE
27036,4334,4,0.030001595658690556,FINITE
27047,4334,5,0.029604180487015685,FINITE
27063,4334,6,0.03191689446749318,FINITE
27075,4334,7,0.03165509104737377,FINITE
27090,4334,8,0.03219414686077707,FINITE
27107,4334,9,0.03378337666064861,FINITE
27116,4357,0,0.03279360215632488,FINITE
27127,4357,1,0.025378160822703832,FINITE
27151,4357,2,,NAN
27164,4357,3,,NAN
25483,4028,5,,NAN
25531,4028,6,,NAN
25581,4028,7,,NAN
25614,4028,8,,NAN
25646,4028,9,,NAN
25675,4097,0,0.02649159381855007,FINITE
25703,4097,1,0.03152421220623111,FINITE
25725,4097,2,0.030527236543860928,FINITE
25747,4097,3,0.0299031879240791,FINITE
25769,4097,4,0.030222646018536324,FINITE
25794,4097,5,0.02931545150710001,FINITE
25818,4097,6,0.02869445699462179,FINITE
25842,4097,7,0.030076126257470377,FINITE
25866,4097,8,0.02952401591999528,FINITE
25887,4097,9,0.029490665929928127,FINITE
25910,4128,0,,NAN
25934,4132,0,0.017546789587756795,FINITE
25956,4132,1,0.020180972500757746,FINITE
25980,4132,2,0.02381848297712948,FINITE
26006,4132,3,,NAN
26032,4132,4,,NAN
26057,4132,5,,NAN
26081,4132,6,,NAN
26102,4132,7,,NAN
26122,4132,8,,NAN
26149,4132,9,,NAN
26180,4171,0,0.0296567634396041,FINITE
26201,4171,1,0.03008867366300363,FINITE
26223,4171,2,0.02686531877481398,FINITE
26245,4171,3,0.031176673768605962,FINITE
26271,4171,4,,NAN
26293,4171,5,,NAN
26315,4171,6,,NAN
26338,4171,7,,NAN
26362,4171,8,,NAN
26383,4171,9,,NAN
26408,4220,0,,NAN
26460,4224,0,0.5913198130786177,FINITE
26515,4224,1,,NAN
26570,4224,2,,NAN
26612,4224,3,,NAN
26632,4224,4,,NAN
26680,4224,5,,NAN
26720,4224,6,,NAN
26754,4224,7,,NAN
26790,4224,8,,NAN
26829,4224,9,,NAN
26865,4312,0,,NAN
26884,4320,0,0.39039488518527565,FINITE
26909,4320,1,,NAN
25484,4049,4,,NAN
25515,4071,0,,NAN
25548,4073,0,0.025714036469343955,FINITE
25580,4073,1,,NAN
25602,4073,2,,NAN
25631,4073,3,,NAN
25658,4073,4,,NAN
25686,4073,5,,NAN
25707,4073,6,,NAN
25731,4073,7,,NAN
25753,4073,8,,NAN
25775,4073,9,,NAN
25798,4110,0,0.03258052180264477,FINITE
25820,4110,1,,NAN
25846,4110,2,,NAN
25869,4110,3,,NAN
25891,4110,4,,NAN
25916,4110,5,,NAN
25938,4110,6,,NAN
25962,4110,7,,NAN
25984,4110,8,,NAN
26011,4110,9,,NAN
26037,4144,0,0.026896625980307357,FINITE
26061,4144,1,0.02029225408385641,FINITE
26084,4144,2,0.02942138644903539,FINITE
26106,4144,3,,NAN
26133,4144,4,,NAN
26160,4144,5,,NAN
26188,4144,6,,NAN
26210,4144,7,,NAN
26229,4144,8,,NAN
26248,4144,9,,NAN
26273,4204,0,0.02635295051810792,FINITE
26295,4204,1,0.02178506172879973,FINITE
26319,4204,2,,NAN
26337,4204,3,,NAN
26357,4204,4,,NAN
26377,4204,5,,NAN
26401,4204,6,,NAN
26420,4204,7,,NAN
26440,4204,8,,NAN
26461,4204,9,,NAN
26490,4237,0,,NAN
26511,4244,0,0.0109544956985134,FINITE
26533,4248,0,0.0403302123672316,FINITE
26546,4248,1,,NAN
26568,4248,2,,NAN
26594,4248,3,,NAN
26608,4248,4,,NAN
26627,4248,5,,NAN
26650,4248,6,,NAN
26665,4248,7,,NAN
26684,4248,8,,NAN
26703,4248,9,,NAN
26744,4281,0,0.6497111176948834,FINITE
26785,4281,1,0.6766836227663011,FINITE
26832,4281,2,,NAN
26868,4281,3,,NAN
26911,4281,4,,NAN
26943,4281,5,,NAN
26953,4281,6,,NAN
26981,4281,7,,NAN
27026,4281,8,,NAN
27062,4281,9,,NAN
27078,4348,0,,NAN
27094,4351,0,0.03186407825031038,FINITE
27108,4351,1,0.033645334181292307,FINITE
27117,4351,2,,NAN
27128,4351,3,,NAN
27137,4351,4,,NAN
27146,4351,5,,NAN
27161,4351,6,,NAN
27170,4351,7,,NAN
27181,4351,8,,NAN
27196,4351,9,,NAN
27207,4388,0,0.3929838569565611,FINITE
27215,4388,1,0.3625974899679779,FINITE
27228,4388,2,,NAN
27243,4388,3,,NAN
27258,4388,4,,NAN
27272,4388,5,,NAN
27281,4388,6,,NAN
27294,4388,7,,NAN
27308,4388,8,,NAN
27315,4388,9,,NAN
27327,4407,0,0.02678524482598913,FINITE
27336,4407,1,,NAN
27344,4407,2,,NAN
27353,4407,3,,NAN
27363,4407,4,,NAN
27373,4407,5,,NAN
27380,4407,6,,NAN
27394,4407,7,,NAN
25485,4065,1,0.02808772385896305,FINITE
25524,4065,2,,NAN
25557,4065,3,,NAN
25604,4065,4,,NAN
25652,4065,5,,NAN
25718,4065,6,,NAN
25795,4065,7,,NAN
25862,4065,8,,NAN
25922,4065,9,,NAN
25986,4135,0,0.030625243981165555,FINITE
26041,4135,1,0.03045697423743881,FINITE
26111,4135,2,0.03230609956283139,FINITE
26164,4135,3,,NAN
26234,4135,4,,NAN
26297,4135,5,,NAN
26361,4135,6,,NAN
26404,4135,7,,NAN
26443,4135,8,,NAN
26470,4135,9,,NAN
26497,4240,0,0.2395058539124163,FINITE
26527,4240,1,0.3213964944191098,FINITE
26565,4240,2,,NAN
26592,4240,3,,NAN
26625,4240,4,,NAN
26660,4240,5,,NAN
26686,4240,6,,NAN
26711,4240,7,,NAN
26738,4240,8,,NAN
26766,4240,9,,NAN
26797,4295,0,0,FINITE
26855,4303,0,1.0534390931787636,FINITE
26886,4303,1,,NAN
26912,4303,2,,NAN
26950,4303,3,,NAN
26998,4303,4,,NAN
27035,4303,5,,NAN
27080,4303,6,,NAN
27157,4303,7,,NAN
27185,4303,8,,NAN
27210,4303,9,,NAN
27247,4389,0,,NAN
27266,4399,0,0.029795406740046354,FINITE
27286,4399,1,0.0332556601487873,FINITE
27303,4399,2,0.030787342553765234,FINITE
27319,4399,3,,NAN
27337,4399,4,,NAN
27356,4399,5,,NAN
27367,4399,6,,NAN
27391,4399,7,,NAN
25486,4038,6,,NAN
25517,4038,7,,NAN
25550,4038,8,,NAN
25583,4038,9,,NAN
25605,4083,0,0.0020422322932905105,FINITE
25632,4089,0,0.03801362831038001,FINITE
25662,4089,1,0.04888371323307401,FINITE
25690,4089,2,0.04207079864529347,FINITE
25710,4089,3,0.042353511900035896,FINITE
25733,4089,4,0.0394894164260222,FINITE
25755,4089,5,0.04178953265247265,FINITE
25777,4089,6,0.03939885701252132,FINITE
25801,4089,7,0.0371820594392906,FINITE
25823,4089,8,,NAN
25848,4089,9,,NAN
25871,4119,0,,NAN
25894,4124,0,0.030349979941814383,FINITE
25919,4124,1,0.03134462049000991,FINITE
25940,4124,2,0.03237344678829173,FINITE
25964,4124,3,0.028887356898266835,FINITE
25989,4124,4,0.03309592568911633,FINITE
26014,4124,5,0.03335594739732332,FINITE
26038,4124,6,,NAN
26063,4124,7,,NAN
26087,4124,8,,NAN
26110,4124,9,,NAN
26138,4162,0,0.015920807548217484,FINITE
26163,4167,0,0,FINITE
26190,4177,0,,NAN
26212,4188,0,0,FINITE
26232,4197,0,0.02486382982499021,FINITE
26256,4197,1,0.022338723913481108,FINITE
26275,4197,2,,NAN
26302,4197,3,,NAN
26323,4197,4,,NAN
26345,4197,5,,NAN
26365,4197,6,,NAN
26391,4197,7,,NAN
26415,4197,8,,NAN
26434,4197,9,,NAN
26498,4230,0,0.5331177385925767,FINITE
26560,4230,1,0.5503823117133104,FINITE
26603,4230,2,,NAN
26649,4230,3,,NAN
26692,4230,4,,NAN
26732,4230,5,,NAN
26767,4230,6,,NAN
26787,4230,7,,NAN
26826,4230,8,,NAN
26857,4230,9,,NAN
26899,4318,0,,NAN
26917,4325,0,0.05131440036733096,FINITE
26946,4325,1,,NAN
26974,4325,2,,NAN
26994,4325,3,,NAN
27011,4325,4,,NAN
27028,4325,5,,NAN
27041,4325,6,,NAN
27069,4325,7,,NAN
27081,4325,8,,NAN
27106,4325,9,,NAN
27121,4356,0,,NAN
27132,4361,0,0,FINITE
27154,4364,0,,NAN
27166,4372,0,0.0010211211481455584,FINITE
27182,4379,0,0.31694279304866935,FINITE
27199,4379,1,,NAN
27208,4379,2,,NAN
27231,4379,3,,NAN
27245,4379,4,,NAN
25487,4057,3,,NAN
25520,4057,4,,NAN
25552,4057,5,,NAN
25587,4057,6,,NAN
25610,4057,7,,NAN
25641,4057,8,,NAN
25665,4057,9,,NAN
25693,4100,0,0.019865948049353314,FINITE
25713,4100,1,0.027442801920828232,FINITE
25740,4100,2,0.03508552049079485,FINITE
25761,4100,3,,NAN
25786,4100,4,,NAN
25810,4100,5,,NAN
25829,4100,6,,NAN
25854,4100,7,,NAN
25879,4100,8,,NAN
25903,4100,9,,NAN
25927,4130,0,0.03341238160529718,FINITE
25949,4130,1,0.029852048400844676,FINITE
25976,4130,2,0.02806876305024121,FINITE
26001,4130,3,0.026714420805600488,FINITE
26027,4130,4,0.026586669427925164,FINITE
26053,4130,5,0.027428744806072203,FINITE
26076,4130,6,,NAN
26096,4130,7,,NAN
26120,4130,8,,NAN
26146,4130,9,,NAN
26173,4169,0,0,FINITE
26196,4183,0,0.0019035889928484776,FINITE
26218,4191,0,0.023706268102980314,FINITE
26239,4191,1,0.025981133360608397,FINITE
26264,4191,2,0.025441938589936274,FINITE
26290,4191,3,0.025959565075921967,FINITE
26314,4191,4,0.02673214548204515,FINITE
26335,4191,5,0.026507524538550722,FINITE
26358,4191,6,0.024948048304465193,FINITE
26380,4191,7,0.025692358589163244,FINITE
26403,4191,8,,NAN
26423,4191,9,,NAN
26475,4228,0,0.5846742765705719,FINITE
26500,4228,1,0.304765591778187,FINITE
26543,4228,2,,NAN
26597,4228,3,,NAN
26640,4228,4,,NAN
26685,4228,5,,NAN
26725,4228,6,,NAN
26762,4228,7,,NAN
26777,4228,8,,NAN
26811,4228,9,,NAN
26827,4307,0,0.006731708037650181,FINITE
26841,4311,0,0.033169078210092656,FINITE
26852,4311,1,0.041497309483922315,FINITE
26866,4311,2,0.03622713778341127,FINITE
26882,4311,3,0.0322061620001178,FINITE
26897,4311,4,,NAN
26913,4311,5,,NAN
26927,4311,6,,NAN
26942,4311,7,,NAN
26954,4311,8,,NAN
26971,4311,9,,NAN
26986,4337,0,0.013358265539140095,FINITE
27013,4339,0,0.4551516250333987,FINITE
27037,4339,1,0.49187254551225357,FINITE
25488,4008,8,0.03020252272128152,FINITE
25526,4008,9,,NAN
25561,4075,0,0.030711557234226503,FINITE
25608,4075,1,0.027771683115763023,FINITE
25648,4075,2,,NAN
25706,4075,3,,NAN
25772,4075,4,,NAN
25841,4075,5,,NAN
25896,4075,6,,NAN
25965,4075,7,,NAN
26029,4075,8,,NAN
26088,4075,9,,NAN
26158,4157,0,0.02789439122952539,FINITE
26213,4157,1,0.035205769958184197,FINITE
26280,4157,2,0.033910000133248075,FINITE
26340,4157,3,0.030433647937384893,FINITE
26389,4157,4,0.032689889287117926,FINITE
26425,4157,5,,NAN
26452,4157,6,,NAN
26474,4157,7,,NAN
26504,4157,8,,NAN
26528,4157,9,,NAN
26553,4250,0,,NAN
26735,4256,0,1.2445323826455608,FINITE
26805,4256,1,0.9482748936062986,FINITE
27010,4256,2,,NAN
27097,4256,3,,NAN
27195,4256,4,,NAN
27341,4256,5,,NAN
27390,4256,6,,NAN
25489,4042,6,,NAN
25523,4042,7,,NAN
25553,4042,8,,NAN
25585,4042,9,,NAN
25607,4084,0,0,FINITE
25637,4090,0,0.02745812202126393,FINITE
25666,4090,1,0.029553099576452507,FINITE
25694,4090,2,0.027731471317177264,FINITE
25715,4090,3,0.026619457328499446,FINITE
25739,4090,4,0.028832010058102153,FINITE
25762,4090,5,0.029255140136877928,FINITE
25784,4090,6,0.029794467961559743,FINITE
25809,4090,7,0.02956009185771265,FINITE
25834,4090,8,0.029163561992436582,FINITE
25860,4090,9,0.03068308497372709,FINITE
25880,4122,0,0.029276829272384813,FINITE
25904,4122,1,,NAN
25926,4122,2,,NAN
25948,4122,3,,NAN
25972,4122,4,,NAN
25998,4122,5,,NAN
26024,4122,6,,NAN
26050,4122,7,,NAN
26074,4122,8,,NAN
26098,4122,9,,NAN
26129,4160,0,,NAN
26155,4165,0,0.026905541284729502,FINITE
26186,4165,1,0.02287527920712376,FINITE
26208,4165,2,0.02408005659921701,FINITE
26227,4165,3,,NAN
26246,4165,4,,NAN
26269,4165,5,,NAN
26292,4165,6,,NAN
26313,4165,7,,NAN
26334,4165,8,,NAN
26354,4165,9,,NAN
26381,4214,0,0.2111244424165919,FINITE
25490,4040,4,,NAN
25522,4040,5,,NAN
25560,4040,6,,NAN
25595,4040,7,,NAN
25640,4040,8,,NAN
25701,4040,9,,NAN
25764,4104,0,0.03682719435560832,FINITE
25839,4104,1,0.029298165438523094,FINITE
25898,4104,2,0.03222537830439457,FINITE
25971,4104,3,0.028867205498830137,FINITE
26036,4104,4,,NAN
26105,4104,5,,NAN
26161,4104,6,,NAN
26221,4104,7,,NAN
26294,4104,8,,NAN
26346,4104,9,,NAN
26397,4212,0,,NAN
26446,4222,0,,NAN
26479,4235,0,,NAN
26508,4243,0,0.055915004667596496,FINITE
26532,4243,1,0.04397149794961923,FINITE
26557,4243,2,,NAN
26585,4243,3,,NAN
26616,4243,4,,NAN
26652,4243,5,,NAN
26679,4243,6,,NAN
26704,4243,7,,NAN
26726,4243,8,,NAN
26746,4243,9,,NAN
26768,4290,0,0,FINITE
26798,4296,0,0.030934481192083682,FINITE
26819,4296,1,0.026464287133512267,FINITE
26849,4296,2,0.025083450563479232,FINITE
26878,4296,3,,NAN
26898,4296,4,,NAN
26934,4296,5,,NAN
26964,4296,6,,NAN
27003,4296,7,,NAN
27029,4296,8,,NAN
27064,4296,9,,NAN
27143,4349,0,1.0042046250301548,FINITE
27186,4349,1,,NAN
25491,4006,8,,NAN
25527,4006,9,,NAN
25634,4076,0,0.5746156647342453,FINITE
25779,4076,1,0.5706929021572216,FINITE
25961,4076,2,0.5751849170556218,FINITE
26127,4076,3,,NAN
26281,4076,4,,NAN
26406,4076,5,,NAN
26487,4076,6,,NAN
26554,4076,7,,NAN
26628,4076,8,,NAN
26696,4076,9,,NAN
26752,4279,0,,NAN
26816,4291,0,,NAN
26847,4308,0,0.0029246901339921136,FINITE
26879,4317,0,,NAN
26900,4322,0,,NAN
26941,4326,0,,NAN
27021,4330,0,,NAN
27055,4343,0,0.0020422322932905105,FINITE
27115,4347,0,,NAN
27159,4360,0,0,FINITE
27184,4375,0,0,FINITE
27223,4383,0,,NAN
27244,4393,0,,NAN
27263,4398,0,0.09014205729435476,FINITE
27287,4398,1,,NAN
27304,4398,2,,NAN
27321,4398,3,,NAN
25492,4058,3,,NAN
25528,4058,4,,NAN
25559,4058,5,,NAN
25590,4058,6,,NAN
25609,4058,7,,NAN
25639,4058,8,,NAN
25664,4058,9,,NAN
25691,4099,0,,NAN
25712,4101,0,0.0241725757007688,FINITE
25736,4101,1,0.027742056672478258,FINITE
25758,4101,2,0.02383041138207828,FINITE
25781,4101,3,0.0252176777462388,FINITE
25803,4101,4,,NAN
25825,4101,5,,NAN
25849,4101,6,,NAN
25870,4101,7,,NAN
25893,4101,8,,NAN
25918,4101,9,,NAN
25939,4133,0,0.01675079518034399,FINITE
25963,4138,0,0.02166254412688266,FINITE
25990,4138,1,0.023566638600511045,FINITE
26013,4138,2,0.026756124068478288,FINITE
26039,4138,3,0.028592979411512613,FINITE
26062,4138,4,0.028415067105550567,FINITE
26085,4138,5,0.030066407159849096,FINITE
26108,4138,6,0.02868815027964705,FINITE
26136,4138,7,0.029368199382576364,FINITE
26162,4138,8,0.02950809573370104,FINITE
26189,4138,9,0.027870801270838984,FINITE
26211,4187,0,0,FINITE
26231,4196,0,0,FINITE
26255,4202,0,0.03050470561238124,FINITE
26276,4202,1,,NAN
26298,4202,2,,NAN
26322,4202,3,,NAN
26344,4202,4,,NAN
26363,4202,5,,NAN
26385,4202,6,,NAN
26407,4202,7,,NAN
26427,4202,8,,NAN
26451,4202,9,,NAN
26477,4236,0,,NAN
26499,4242,0,0.020227635650611555,FINITE
26517,4242,1,0.021110864362776205,FINITE
26539,4242,2,0.02819177560968354,FINITE
26567,4242,3,0.027524104386126555,FINITE
26588,4242,4,,NAN
26605,4242,5,,NAN
26617,4242,6,,NAN
26636,4242,7,,NAN
26655,4242,8,,NAN
26674,4242,9,,NAN
26716,4275,0,,NAN
26751,4285,0,0.7281851210808473,FINITE
26765,4285,1,0.37861849689986454,FINITE
26782,4285,2,,NAN
26800,4285,3,,NAN
26817,4285,4,,NAN
26833,4285,5,,NAN
26848,4285,6,,NAN
26859,4285,7,,NAN
26873,4285,8,,NAN
26915,4285,9,,NAN
26928,4327,0,,NAN
26960,4329,0,,NAN
26976,4335,0,0.02505480317281322,FINITE
26990,4335,1,0.026654399647361132,FINITE
27007,4335,2,0.02591955386545841,FINITE
27023,4335,3,0.028592478764785247,FINITE
27039,4335,4,,NAN
27048,4335,5,,NAN
27067,4335,6,,NAN
27082,4335,7,,NAN
27096,4335,8,,NAN
27109,4335,9,,NAN
27119,4358,0,0.035624486299285565,FINITE
27129,4358,1,,NAN
27138,4358,2,,NAN
27149,4358,3,,NAN
27162,4358,4,,NAN
27172,4358,5,,NAN
27197,4358,6,,NAN
27205,4358,7,,NAN
27211,4358,8,,NAN
27229,4358,9,,NAN
27241,4394,0,,NAN
27261,4397,0,0.5510827597553104,FINITE
27273,4397,1,0.5392437506719538,FINITE
27283,4397,2,0.6513980376956471,FINITE
27299,4397,3,0.653473971780034,FINITE
25494,4041,4,,NAN
25529,4041,5,,NAN
25562,4041,6,,NAN
25611,4041,7,,NAN
25659,4041,8,,NAN
25723,4041,9,,NAN
25785,4106,0,0.028669926023235263,FINITE
25844,4106,1,,NAN
25913,4106,2,,NAN
25993,4106,3,,NAN
26055,4106,4,,NAN
26131,4106,5,,NAN
26177,4106,6,,NAN
26254,4106,7,,NAN
26317,4106,8,,NAN
26373,4106,9,,NAN
26471,4217,0,0.7549857490549714,FINITE
25495,4061,2,0.03085018715585155,FINITE
25530,4061,3,0.03342085755839152,FINITE
25564,4061,4,0.0344399227750737,FINITE
25618,4061,5,0.03211742268781066,FINITE
25657,4061,6,0.030835615455555417,FINITE
25714,4061,7,,NAN
25776,4061,8,,NAN
25831,4061,9,,NAN
25892,4116,0,,NAN
25958,4129,0,0.018983660429960157,FINITE
26019,4129,1,0.017589941204268062,FINITE
26078,4146,0,0.014517889854590313,FINITE
26135,4154,0,0.02825599861823659,FINITE
26187,4154,1,,NAN
26265,4154,2,,NAN
26326,4154,3,,NAN
26378,4154,4,,NAN
26416,4154,5,,NAN
26447,4154,6,,NAN
26478,4154,7,,NAN
26506,4154,8,,NAN
26529,4154,9,,NAN
26556,4251,0,0.030954860629430918,FINITE
26590,4251,1,,NAN
26619,4251,2,,NAN
26651,4251,3,,NAN
26675,4251,4,,NAN
26699,4251,5,,NAN
26721,4251,6,,NAN
26747,4251,7,,NAN
26774,4251,8,,NAN
26801,4251,9,,NAN
27038,4305,0,1.3328656401808157,FINITE
25496,4064,2,,NAN
25525,4064,3,,NAN
25556,4064,4,,NAN
25589,4064,5,,NAN
25613,4064,6,,NAN
25644,4064,7,,NAN
25671,4064,8,,NAN
25699,4064,9,,NAN
25722,4103,0,,NAN
25746,4105,0,,NAN
25767,4109,0,0.03233926103820545,FINITE
25788,4109,1,0.03386939539199423,FINITE
25814,4109,2,0.03360718524700676,FINITE
25837,4109,3,0.034724811718086925,FINITE
25863,4109,4,,NAN
25883,4109,5,,NAN
25907,4109,6,,NAN
25931,4109,7,,NAN
25954,4109,8,,NAN
25977,4109,9,,NAN
26002,4141,0,0.03683621001626885,FINITE
26025,4141,1,0.03117963656889479,FINITE
26051,4141,2,0.0279329310036541,FINITE
26073,4141,3,,NAN
26093,4141,4,,NAN
26118,4141,5,,NAN
26142,4141,6,,NAN
26170,4141,7,,NAN
26193,4141,8,,NAN
26215,4141,9,,NAN
26235,4198,0,0.024779478949918457,FINITE
26258,4198,1,0.02545373645726181,FINITE
26278,4198,2,0.025770917826670913,FINITE
26300,4198,3,0.025315581244549367,FINITE
26324,4198,4,0.02790024440382318,FINITE
26343,4198,5,0.02663554144117512,FINITE
26364,4198,6,0.026779345882421406,FINITE
26388,4198,7,0.025514987888029125,FINITE
26412,4198,8,,NAN
26429,4198,9,,NAN
26489,4229,0,0.5460442157780814,FINITE
26541,4229,1,0.5523679179341108,FINITE
26593,4229,2,,NAN
26701,4229,3,,NAN
26734,4229,4,,NAN
26770,4229,5,,NAN
26808,4229,6,,NAN
26825,4229,7,,NAN
26854,4229,8,,NAN
26883,4229,9,,NAN
26902,4323,0,0.05649144370554644,FINITE
26920,4323,1,0.05385864363745689,FINITE
26931,4323,2,0.0470076520395189,FINITE
26955,4323,3,0.20926328094072338,FINITE
26969,4323,4,,NAN
26982,4323,5,,NAN
26997,4323,6,,NAN
27016,4323,7,,NAN
27033,4323,8,,NAN
27044,4323,9,,NAN
27058,4345,0,0.02190777982188001,FINITE
27073,4345,1,0.02320498608545714,FINITE
27086,4345,2,0.024997861647029607,FINITE
27101,4345,3,,NAN
27112,4345,4,,NAN
27123,4345,5,,NAN
27134,4345,6,,NAN
27142,4345,7,,NAN
27153,4345,8,,NAN
27165,4345,9,,NAN
27177,4378,0,0.0019035889928484776,FINITE
27189,4382,0,0.15381214200874616,FINITE
27203,4382,1,0.15331836346898953,FINITE
27209,4382,2,,NAN
27218,4382,3,,NAN
27227,4382,4,,NAN
27234,4382,5,,NAN
27249,4382,6,,NAN
27260,4382,7,,NAN
27269,4382,8,,NAN
27278,4382,9,,NAN
27288,4404,0,0.027044184585171643,FINITE
27300,4404,1,0.027235157932994872,FINITE
27309,4404,2,,NAN
27316,4404,3,,NAN
27326,4404,4,,NAN
27335,4404,5,,NAN
27343,4404,6,,NAN
27352,4404,7,,NAN
27362,4404,8,,NAN
27374,4404,9,,NAN
27381,4414,0,0.030677574028546747,FINITE
27396,4414,1,0.03503686587646755,FINITE
25497,4016,5,,NAN
25535,4016,6,,NAN
25598,4016,7,,NAN
25663,4016,8,,NAN
25800,4016,9,,NAN
25856,4112,0,0.0168031252277254,FINITE
25935,4120,0,0.010072117925868092,FINITE
26003,4137,0,0.01387885553522858,FINITE
26064,4143,0,0.028947212624119444,FINITE
26137,4143,1,0.03128778763841981,FINITE
26204,4143,2,,NAN
26279,4143,3,,NAN
26341,4143,4,,NAN
26392,4143,5,,NAN
26432,4143,6,,NAN
26455,4143,7,,NAN
26483,4143,8,,NAN
26512,4143,9,,NAN
26536,4249,0,0.02538441982107859,FINITE
26566,4249,1,0.028805027647284223,FINITE
26595,4249,2,0.028051326386833195,FINITE
26623,4249,3,,NAN
26653,4249,4,,NAN
26678,4249,5,,NAN
26700,4249,6,,NAN
26722,4249,7,,NAN
26749,4249,8,,NAN
26775,4249,9,,NAN
26804,4298,0,,NAN
26824,4306,0,0,FINITE
26851,4310,0,0.046158971482818674,FINITE
26880,4310,1,,NAN
26907,4310,2,,NAN
26940,4310,3,,NAN
26977,4310,4,,NAN
27012,4310,5,,NAN
27046,4310,6,,NAN
27077,4310,7,,NAN
27118,4310,8,,NAN
27160,4310,9,,NAN
27187,4376,0,,NAN
27237,4384,0,0.649026218173344,FINITE
27289,4384,1,0.6437623702530937,FINITE
27306,4384,2,0.4400813018697581,FINITE
27324,4384,3,0.3361518636644666,FINITE
27369,4384,4,0.4109348736144455,FINITE
27387,4384,5,0.3469212632182626,FINITE
25498,4000,3,,NAN
25616,4000,4,,NAN
25778,4000,5,,NAN
25985,4000,6,,NAN
26145,4000,7,,NAN
26321,4000,8,,NAN
26379,4000,9,,NAN
26431,4218,0,0.4623429512665269,FINITE
26480,4218,1,0.5310421320247605,FINITE
26526,4218,2,0.5672684920291874,FINITE
26576,4218,3,0.5845674017339959,FINITE
26663,4218,4,,NAN
26694,4218,5,,NAN
26763,4218,6,,NAN
26803,4218,7,,NAN
26834,4218,8,,NAN
26875,4218,9,,NAN
26901,4321,0,0.03173439038470182,FINITE
26936,4321,1,0.03852266922571804,FINITE
27008,4321,2,0.25358886333409053,FINITE
27059,4321,3,0.35570308259670025,FINITE
27098,4321,4,0.29117222242763063,FINITE
27140,4321,5,,NAN
27171,4321,6,,NAN
27201,4321,7,,NAN
27221,4321,8,,NAN
27239,4321,9,,NAN
27262,4396,0,,NAN
27282,4402,0,0.028776588614325072,FINITE
27301,4402,1,0.0312752587033377,FINITE
27314,4402,2,0.02840063715945124,FINITE
27339,4402,3,0.024956115356926607,FINITE
27357,4402,4,0.02587392838667203,FINITE
27368,4402,5,0.025264459877001804,FINITE
27389,4402,6,0.025497911101078904,FINITE
25499,4066,1,0.025773198495681805,FINITE
25532,4066,2,0.023463804706960578,FINITE
25563,4066,3,0.023950230475596766,FINITE
25612,4066,4,0.025454867986452155,FINITE
25667,4066,5,0.026354090077821513,FINITE
25732,4066,6,0.02583746397023834,FINITE
25799,4066,7,0.028079332046074407,FINITE
25850,4066,8,0.028144184394738044,FINITE
25920,4066,9,0.026883652040521323,FINITE
25988,4134,0,0.03202799123164173,FINITE
26042,4134,1,,NAN
26113,4134,2,,NAN
26175,4134,3,,NAN
26251,4134,4,,NAN
26310,4134,5,,NAN
26368,4134,6,,NAN
26409,4134,7,,NAN
26445,4134,8,,NAN
26473,4134,9,,NAN
26502,4241,0,,NAN
26572,4247,0,0.5891062390033223,FINITE
26654,4247,1,0.5954270472300497,FINITE
26712,4247,2,,NAN
26769,4247,3,,NAN
26840,4247,4,,NAN
26905,4247,5,,NAN
26980,4247,6,,NAN
27061,4247,7,,NAN
27158,4247,8,,NAN
27220,4247,9,,NAN
27254,4392,0,,NAN
27271,4401,0,0.027971789178164418,FINITE
27292,4401,1,,NAN
27310,4401,2,,NAN
27328,4401,3,,NAN
27347,4401,4,,NAN
27364,4401,5,,NAN
27383,4401,6,,NAN
27402,4401,7,,NAN
25501,4069,0,0.026543923865931258,FINITE
25541,4069,1,0.02791037656915798,FINITE
25574,4069,2,0.030903097733988593,FINITE
25630,4069,3,0.0342329037214746,FINITE
25688,4069,4,,NAN
25756,4069,5,,NAN
25828,4069,6,,NAN
25899,4069,7,,NAN
25970,4069,8,,NAN
26034,4069,9,,NAN
26086,4149,0,,NAN
26157,4156,0,,NAN
26209,4175,0,0.03613815345618605,FINITE
26285,4175,1,,NAN
26348,4175,2,,NAN
26394,4175,3,,NAN
26430,4175,4,,NAN
26457,4175,5,,NAN
26484,4175,6,,NAN
26513,4175,7,,NAN
26537,4175,8,,NAN
26563,4175,9,,NAN
26589,4258,0,0,FINITE
25503,4067,1,0.024752232461498075,FINITE
25544,4067,2,0.02621421696497957,FINITE
25577,4067,3,0.02664052750643043,FINITE
25626,4067,4,0.0284964459535186,FINITE
25682,4067,5,0.025673634437475338,FINITE
25750,4067,6,0.025128179485621568,FINITE
25822,4067,7,0.023894853831379716,FINITE
25875,4067,8,0.023766066183435953,FINITE
25943,4067,9,0.024143210808606014,FINITE
26012,4139,0,0,FINITE
26077,4145,0,0.019674974701530193,FINITE
26143,4145,1,,NAN
26191,4145,2,,NAN
26262,4189,0,0.0010211211481455584,FINITE
26328,4209,0,0.1966915480562175,FINITE
26386,4209,1,0.1965529047557379,FINITE
26435,4209,2,,NAN
26467,4209,3,,NAN
26493,4209,4,,NAN
26522,4209,5,,NAN
26550,4209,6,,NAN
26584,4209,7,,NAN
26614,4209,8,,NAN
26647,4209,9,,NAN
26668,4267,0,,NAN
26698,4272,0,0,FINITE
26759,4280,0,,NAN
26779,4293,0,0,FINITE
26807,4299,0,0.051218263581338914,FINITE
26839,4299,1,0.0348668320312959,FINITE
26863,4299,2,0.03795044188392064,FINITE
26891,4299,3,,NAN
26926,4299,4,,NAN
26952,4299,5,,NAN
26992,4299,6,,NAN
27019,4299,7,,NAN
27050,4299,8,,NAN
27092,4299,9,,NAN
27135,4353,0,,NAN
27167,4367,0,0.0010211211481455584,FINITE
27194,4380,0,,NAN
27224,4387,0,0.38295009143955866,FINITE
27257,4387,1,,NAN
27295,4387,2,,NAN
27320,4387,3,,NAN
27350,4387,4,,NAN
27377,4387,5,,NAN
27401,4387,6,,NAN
25506,4010,8,,NAN
25542,4010,9,,NAN
25576,4077,0,0.02348131154947722,FINITE
25633,4077,1,,NAN
25687,4077,2,,NAN
25754,4077,3,,NAN
25821,4077,4,,NAN
25886,4077,5,,NAN
25952,4077,6,,NAN
26015,4077,7,,NAN
26071,4077,8,,NAN
26139,4077,9,,NAN
26199,4168,0,,NAN
26274,4192,0,0,FINITE
26336,4210,0,0.19021643605899374,FINITE
26384,4210,1,,NAN
26433,4210,2,,NAN
26469,4210,3,,NAN
26491,4210,4,,NAN
26519,4210,5,,NAN
26547,4210,6,,NAN
26577,4210,7,,NAN
26609,4210,8,,NAN
26648,4210,9,,NAN
26676,4268,0,,NAN
26708,4276,0,0,FINITE
26756,4284,0,0.7087328104562871,FINITE
26780,4284,1,0.3715091718507561,FINITE
26810,4284,2,0.25288728821628187,FINITE
26867,4284,3,,NAN
26938,4284,4,,NAN
26968,4284,5,,NAN
27009,4284,6,,NAN
27040,4284,7,,NAN
27070,4284,8,,NAN
27103,4284,9,,NAN
27192,4355,0,0.6171969519292648,FINITE
27236,4355,1,,NAN
27296,4355,2,,NAN
27345,4355,3,,NAN
27399,4355,4,,NAN
25509,4013,8,,NAN
25555,4013,9,,NAN
25592,4080,0,0.03303043490965041,FINITE
25619,4080,1,,NAN
25645,4080,2,,NAN
25668,4080,3,,NAN
25696,4080,4,,NAN
25719,4080,5,,NAN
25741,4080,6,,NAN
25763,4080,7,,NAN
25787,4080,8,,NAN
25813,4080,9,,NAN
25832,4115,0,0.03280547835614786,FINITE
25853,4115,1,,NAN
25876,4115,2,,NAN
25900,4115,3,,NAN
25925,4115,4,,NAN
25947,4115,5,,NAN
25973,4115,6,,NAN
25997,4115,7,,NAN
26022,4115,8,,NAN
26049,4115,9,,NAN
26072,4152,0,0.05551471113024851,FINITE
26097,4152,1,,NAN
26126,4152,2,,NAN
26153,4152,3,,NAN
26181,4152,4,,NAN
26203,4152,5,,NAN
25513,4020,4,,NAN
25568,4020,5,,NAN
25636,4020,6,,NAN
25717,4020,7,,NAN
25516,3893,8,,NAN
25521,3962,9,,NAN
25558,4074,0,0.023290338201653993,FINITE
25600,4074,1,,NAN
25643,4074,2,,NAN
25711,4074,3,,NAN
25771,4074,4,,NAN
25827,4074,5,,NAN
25895,4074,6,,NAN
25966,4074,7,,NAN
26030,4074,8,,NAN
26099,4074,9,,NAN
26166,4161,0,,NAN
26230,4178,0,0.042103371869105774,FINITE
26299,4178,1,0.0373589384387151,FINITE
26366,4178,2,,NAN
26402,4178,3,,NAN
26442,4178,4,,NAN
26465,4178,5,,NAN
26492,4178,6,,NAN
26518,4178,7,,NAN
26545,4178,8,,NAN
26575,4178,9,,NAN
26641,4261,0,,NAN
26672,4266,0,,NAN
26705,4273,0,0,FINITE
26733,4282,0,0.0109544956985134,FINITE
26809,4289,0,0.6920754481920572,FINITE
26881,4289,1,,NAN
26963,4289,2,,NAN
27051,4289,3,,NAN
27174,4289,4,,NAN
27248,4289,5,,NAN
27298,4289,6,,NAN
27355,4289,7,,NAN
27372,4289,8,,NAN
27400,4289,9,,NAN
25572,4033,5,,NAN
25603,4033,6,,NAN
25649,4033,7,,NAN
25670,4033,8,,NAN
25698,4033,9,,NAN
25721,4102,0,0.030349979941814268,FINITE
25745,4102,1,0.028032008205579113,FINITE
25766,4102,2,,NAN
25789,4102,3,,NAN
25811,4102,4,,NAN
25830,4102,5,,NAN
25855,4102,6,,NAN
25877,4102,7,,NAN
25901,4102,8,,NAN
25923,4102,9,,NAN
25945,4136,0,0.02579837731633968,FINITE
25968,4136,1,0.02624954978743492,FINITE
25994,4136,2,0.0316819380211907,FINITE
26018,4136,3,0.029086672659075694,FINITE
26044,4136,4,0.026193848117131095,FINITE
26066,4136,5,0.026113550774822424,FINITE
26089,4136,6,0.026301062275678966,FINITE
26112,4136,7,,NAN
26144,4136,8,,NAN
26169,4136,9,,NAN
26194,4181,0,0,FINITE
26216,4190,0,0.015177123151120941,FINITE
26236,4199,0,0,FINITE
26259,4203,0,,NAN
26284,4208,0,0.5447506809268315,FINITE
26318,4208,1,0.5580848725961813,FINITE
26342,4208,2,0.5629744224245544,FINITE
26393,4208,3,0.7007828789240063,FINITE
26424,4208,4,,NAN
26448,4208,5,,NAN
26482,4208,6,,NAN
26551,4208,7,,NAN
26582,4208,8,,NAN
26607,4208,9,,NAN
26624,4264,0,0.33178352393250776,FINITE
26643,4264,1,,NAN
26662,4264,2,,NAN
26682,4264,3,,NAN
26706,4264,4,,NAN
26727,4264,5,,NAN
26737,4264,6,,NAN
26753,4264,7,,NAN
25586,3897,6,,NAN
25692,3897,7,,NAN
25782,3897,8,,NAN
25872,3897,9,,NAN
25897,4125,0,0.026491593818550173,FINITE
25921,4125,1,0.027538604542525904,FINITE
25942,4125,2,0.03040442658664072,FINITE
25967,4125,3,0.031376949637090215,FINITE
25992,4125,4,0.03009158832528236,FINITE
26017,4125,5,0.029601131051057637,FINITE
26045,4125,6,0.03157134447406175,FINITE
26068,4125,7,0.03228798516042603,FINITE
26090,4125,8,0.03203602717521751,FINITE
26114,4125,9,,NAN
26147,4163,0,,NAN
26172,4170,0,0.032339261038205454,FINITE
26195,4170,1,,NAN
26217,4170,2,,NAN
26237,4170,3,,NAN
26260,4170,4,,NAN
26282,4170,5,,NAN
26304,4170,6,,NAN
26327,4170,7,,NAN
26350,4170,8,,NAN
26369,4170,9,,NAN
26405,4216,0,,NAN
26436,4223,0,,NAN
26462,4231,0,0.01948400135370697,FINITE
26486,4231,1,0.023013962609819166,FINITE
26510,4231,2,0.024668879078996914,FINITE
26534,4231,3,0.02583394913918919,FINITE
26559,4231,4,0.027591573857887068,FINITE
26579,4231,5,0.02699296974734708,FINITE
26599,4231,6,0.02953353048139757,FINITE
26613,4231,7,0.028700274853865358,FINITE
26639,4231,8,0.02836847058891852,FINITE
26658,4231,9,0.027846793020147864,FINITE
26677,4270,0,,NAN
26718,4277,0,,NAN
26730,4286,0,0.042760452082047304,FINITE
26743,4286,1,0.032056829351079535,FINITE
26760,4286,2,,NAN
26776,4286,3,,NAN
26814,4286,4,,NAN
26828,4286,5,,NAN
26845,4286,6,,NAN
26877,4286,7,,NAN
26914,4286,8,,NAN
26947,4286,9,,NAN
26978,4332,0,,NAN
26993,4338,0,0.028774586117997762,FINITE
27014,4338,1,0.03225999828621584,FINITE
27031,4338,2,0.027952173177940538,FINITE
27042,4338,3,0.027723445319951315,FINITE
27054,4338,4,0.02572263947473677,FINITE
27072,4338,5,0.025317255929222973,FINITE
27085,4338,6,0.02403405726490798,FINITE
27100,4338,7,0.024682862509919905,FINITE
27111,4338,8,0.024430110083981448,FINITE
27122,4338,9,0.02441482265513642,FINITE
27133,4362,0,0,FINITE
27145,4365,0,,NAN
27169,4369,0,0.7335488811298674,FINITE
27198,4369,1,0.7219601994561579,FINITE
27217,4369,2,0.7215373165269331,FINITE
27240,4369,3,,NAN
27265,4369,4,,NAN
27279,4369,5,,NAN
27305,4369,6,,NAN
27325,4369,7,,NAN
27346,4369,8,,NAN
27371,4369,9,,NAN
27379,4413,0,0.018792687082137046,FINITE
27393,4413,1,0.025453495783419863,FINITE
25617,3886,3,1.3444848060729282,FINITE
26016,3886,4,,NAN
26417,3886,5,,NAN
26606,3886,6,,NAN
26796,3886,7,,NAN
26988,3886,8,,NAN
27216,3886,9,,NAN
27238,4390,0,,NAN
27268,4395,0,0.6090190590051581,FINITE
27334,4395,1,0.9085124114730878,FINITE
27358,4395,2,0.7729876305721711,FINITE
25673,3761,5,,NAN
26109,3761,6,,NAN
26454,3761,7,,NAN
26630,3761,8,,NAN
26799,3761,9,,NAN
26842,4304,0,,NAN
26869,4315,0,0.033842542977407485,FINITE
26895,4315,1,0.03309090200780647,FINITE
26925,4315,2,0.0314504964602629,FINITE
26961,4315,3,0.03534638364898425,FINITE
26995,4315,4,,NAN
27024,4315,5,,NAN
27060,4315,6,,NAN
27095,4315,7,,NAN
27131,4315,8,,NAN
27163,4315,9,,NAN
27193,4377,0,0.013601568934344404,FINITE
27253,4386,0,,NAN
25676,3767,5,,NAN
26134,3767,6,,NAN
26453,3767,7,,NAN
26634,3767,8,,NAN
26783,3767,9,,NAN
26813,4300,0,0.028747303908681045,FINITE
26837,4300,1,0.024678443127469474,FINITE
26864,4300,2,0.024538591736256266,FINITE
26890,4300,3,0.022418806514357077,FINITE
26921,4300,4,0.023128849488948666,FINITE
26951,4300,5,0.02385345271795147,FINITE
26991,4300,6,0.023753201601274396,FINITE
27018,4300,7,0.024291063892977326,FINITE
27053,4300,8,0.024669992951142986,FINITE
27093,4300,9,0.02433831431803986,FINITE
27147,4354,0,,NAN
27219,4370,0,,NAN
27255,4391,0,0.43699063295054497,FINITE
27291,4391,1,0.42668354011579307,FINITE
27331,4391,2,0.4395150202221858,FINITE
27361,4391,3,0.42825217534406074,FINITE
27386,4391,4,,NAN
27403,4402,7,0.024821796257215246,FINITE
27404,4399,8,,NAN
27405,4413,2,0.02774806999142673,FINITE
27406,4407,8,,NAN
27407,4414,2,0.03373373962949583,FINITE
27408,4403,7,0.021373680203515828,FINITE
27409,4412,3,0.033011769340787644,FINITE
27410,4415,0,0.041003291342138336,FINITE
27411,4406,4,,NAN
27412,4391,5,,NAN
27413,4409,3,0.7193151698005993,FINITE
27414,4371,9,,NAN
27415,4407,9,,NAN
27416,4413,3,0.026625141242563634,FINITE
27417,4414,3,0.030474278621951584,FINITE
27418,4416,0,0.0363339668618818,FINITE
27419,4412,4,0.030465408612228646,FINITE
27420,4401,8,,NAN
27421,4385,5,,NAN
27422,4387,7,,NAN
27423,4417,0,0.05020882324993914,FINITE
27424,4399,9,,NAN
27425,4418,0,0.018515400481252983,FINITE
27426,4402,8,0.02511698126510236,FINITE
27427,4414,4,0.029677741661271302,FINITE
27428,4413,4,0.025058650410478295,FINITE
27429,4403,8,0.022962917552754807,FINITE
27430,4412,5,,NAN
27431,4406,5,,NAN
27432,4409,4,0.7160324729650286,FINITE
27433,4415,1,0.031221405607655472,FINITE
27434,4417,1,0.03729873514351703,FINITE
27435,4384,6,0.39255384752796335,FINITE
27436,4418,1,0.021551953041674052,FINITE
27437,4414,5,0.03042409729905886,FINITE
27438,4413,5,,NAN
27439,4416,1,0.031326467087155085,FINITE
27440,4412,6,,NAN
27441,4409,5,0.6042398882810329,FINITE
27442,4401,9,,NAN
27443,4355,5,,NAN
27444,4417,2,,NAN
27445,4418,2,,NAN
27446,4391,6,,NAN
27447,4414,6,0.028498050331788656,FINITE
27448,4256,7,,NAN
27449,4413,6,,NAN
27450,4419,0,0.0213802669866033,FINITE
27451,4403,9,0.023000892622382856,FINITE
27452,4402,9,0.025328798931891622,FINITE
27453,4415,2,0.026305439931590253,FINITE
27454,4412,7,,NAN
27455,4387,8,,NAN
27456,4385,6,,NAN
27457,4409,6,0.5215585803943339,FINITE
27458,4406,6,,NAN
27459,4417,3,,NAN
27460,4420,0,0.04640227487802308,FINITE
27461,4416,2,,NAN
27462,4418,3,,NAN
27463,4414,7,0.02821912369844596,FINITE
27464,4413,7,,NAN
27465,4355,6,,NAN
27466,4412,8,,NAN
27467,4419,1,0.02430771245979903,FINITE
27468,4415,3,0.031543279558412476,FINITE
27469,4417,4,,NAN
27470,4409,7,,NAN
27471,4406,7,,NAN
27472,4423,0,,NAN
27473,4414,8,0.02714093222986895,FINITE
27474,4413,8,,NAN
27475,4412,9,,NAN
27476,4384,7,0.42820756796464365,FINITE
27477,4391,7,,NAN
27478,4417,5,,NAN
27479,4414,9,0.027058735738124895,FINITE
27480,4387,9,,NAN
27481,4413,9,,NAN
27482,4420,1,0.040650817105792755,FINITE
27483,4425,0,0,FINITE
27484,4416,3,,NAN
27485,4385,7,,NAN
27486,4355,7,,NAN
27487,4415,4,,NAN
27488,4419,2,0.022791600207167445,FINITE
27489,4409,8,,NAN
27490,4424,0,,NAN
27491,4417,6,,NAN
27492,4406,8,,NAN
27493,4384,8,0.38357827417589785,FINITE
27494,4428,0,0,FINITE
27495,4422,0,,NAN
27496,4427,0,0,FINITE
27497,4256,8,,NAN
27498,4421,0,,NAN
27499,4426,0,0.5531531950175265,FINITE
27500,4420,2,0.03456990829601977,FINITE
27501,4391,8,,NAN
27502,4409,9,,NAN
27503,4416,4,,NAN
27504,4415,5,,NAN
27505,4430,0,0.03484702928618148,FINITE
27506,4429,0,,NAN
27507,4419,3,0.022916284705789082,FINITE
27508,4417,7,,NAN
27509,4406,9,,NAN
27510,4385,8,,NAN
27511,4431,0,0.24042773133300674,FINITE
27512,4384,9,0.348065143954914,FINITE
27513,4433,0,0,FINITE
27514,4432,0,0,FINITE
27515,4355,8,,NAN
27516,4434,0,0,FINITE
27517,4435,0,0.016198094149101443,FINITE
27518,4430,1,0.03236538090385775,FINITE
27519,4426,1,0.5535916364495999,FINITE
27520,4436,0,0,FINITE
27521,4420,3,0.03157719722808911,FINITE
27522,4417,8,,NAN
27523,4431,1,0.22996204730654196,FINITE
27524,4419,4,,NAN
27525,4415,6,,NAN
27526,4391,9,,NAN
27527,4437,0,0,FINITE
27528,4416,5,,NAN
27529,4442,0,0.035451859793163884,FINITE
27530,4430,2,,NAN
27531,4439,0,0.02430429616202283,FINITE
27532,4438,0,0,FINITE
27533,4417,9,,NAN
27534,4440,0,,NAN
27535,4431,2,0.23476268339429793,FINITE
27536,4426,2,0.5584590919149585,FINITE
27537,4430,3,,NAN
27538,4420,4,0.030660128690029383,FINITE
27547,4420,5,0.032135029132347975,FINITE
27562,4420,6,0.02992468207597302,FINITE
27571,4420,7,0.029177793253749487,FINITE
27582,4420,8,0.028642659188955453,FINITE
27593,4420,9,0.028352997996955766,FINITE
27608,4465,0,0.0010211211481455584,FINITE
27706,4473,0,,NAN
27719,4497,0,0.04118734185077345,FINITE
27733,4497,1,0.028363101351672186,FINITE
27748,4497,2,0.024463561543542508,FINITE
27762,4497,3,0.024555623406981766,FINITE
27773,4497,4,0.022884117555405703,FINITE
27785,4497,5,0.02214161250087011,FINITE
27801,4497,6,0.022021507368278743,FINITE
27814,4497,7,0.024127399558382882,FINITE
27825,4497,8,0.023803751087414768,FINITE
27838,4497,9,0.023937487621260706,FINITE
27869,4522,0,,NAN
27878,4539,0,0.003807137969691487,FINITE
27891,4540,0,0.2218115135150739,FINITE
27903,4540,1,,NAN
27913,4540,2,,NAN
27924,4540,3,,NAN
27934,4540,4,,NAN
27945,4540,5,,NAN
27956,4540,6,,NAN
27967,4540,7,,NAN
27979,4540,8,,NAN
27996,4540,9,,NAN
28017,4561,0,,NAN
28064,4571,0,1.399337461280786,FINITE
28107,4571,1,,NAN
28143,4571,2,,NAN
28187,4571,3,,NAN
28219,4571,4,,NAN
28261,4571,5,,NAN
28298,4571,6,,NAN
28327,4571,7,,NAN
28355,4571,8,,NAN
28382,4571,9,,NAN
28391,4629,0,0.016059450848659514,FINITE
28427,4632,0,,NAN
28433,4640,0,0.02792638196997123,FINITE
28439,4640,1,0.029743056626452834,FINITE
28445,4640,2,,NAN
28451,4640,3,,NAN
28458,4640,4,,NAN
28465,4640,5,,NAN
28472,4640,6,,NAN
28480,4640,7,,NAN
28485,4640,8,,NAN
28492,4640,9,,NAN
28499,4653,0,0.03526295918750736,FINITE
28511,4653,1,0.34782893319921593,FINITE
28526,4653,2,,NAN
28534,4653,3,,NAN
28538,4653,4,,NAN
28542,4653,5,,NAN
28548,4653,6,,NAN
28564,4653,7,,NAN
28571,4653,8,,NAN
28576,4653,9,,NAN
28585,4675,0,,NAN
28592,4676,0,,NAN
28598,4677,0,0.021164155548026135,FINITE
28605,4677,1,0.03258966008661998,FINITE
28611,4677,2,0.04055788819084316,FINITE
28617,4677,3,0.0372880314751822,FINITE
28624,4677,4,0.03502868979419137,FINITE
28631,4677,5,,NAN
28638,4677,6,,NAN
28643,4677,7,,NAN
28648,4677,8,,NAN
28654,4677,9,,NAN
28661,4691,0,0.0010211211481455584,FINITE
28668,4693,0,0.5270230919734921,FINITE
28680,4693,1,0.528108209161984,FINITE
28690,4693,2,,NAN
28700,4693,3,,NAN
28709,4693,4,,NAN
28715,4693,5,,NAN
28722,4693,6,,NAN
28729,4693,7,,NAN
28734,4693,8,,NAN
28742,4693,9,,NAN
28745,4719,0,,NAN
28750,4720,0,0.033548972238847556,FINITE
28757,4720,1,0.03062619506027486,FINITE
28760,4720,2,0.026405036536544167,FINITE
28765,4720,3,0.02893501245483438,FINITE
28771,4720,4,0.03090988836437599,FINITE
28776,4720,5,0.031896454833160094,FINITE
28781,4720,6,,NAN
28787,4720,7,,NAN
28792,4720,8,,NAN
28798,4720,9,,NAN
28804,4729,0,,NAN
28810,4730,0,0.030904553143582723,FINITE
28815,4730,1,0.24823670528563663,FINITE
28819,4730,2,0.1712308219001082,FINITE
28825,4730,3,0.13549969796740371,FINITE
28831,4730,4,0.15179663382412856,FINITE
28837,4730,5,,NAN
28842,4730,6,,NAN
28847,4730,7,,NAN
28853,4730,8,,NAN
28859,4730,9,,NAN
28865,4737,0,0.02974508922109188,FINITE
28871,4737,1,,NAN
28877,4737,2,,NAN
28883,4737,3,,NAN
28888,4737,4,,NAN
28894,4737,5,,NAN
28900,4737,6,,NAN
28905,4737,7,,NAN
28911,4737,8,,NAN
28917,4737,9,,NAN
28922,4750,0,,NAN
28928,4751,0,0,FINITE
28934,4753,0,,NAN
28939,4755,0,0,FINITE
28944,4757,0,,NAN
28951,4758,0,0.6754000415871979,FINITE
28956,4758,1,,NAN
28962,4758,2,,NAN
28966,4758,3,,NAN
28978,4758,4,,NAN
28983,4758,5,,NAN
28988,4758,6,,NAN
28993,4758,7,,NAN
28999,4758,8,,NAN
29004,4758,9,,NAN
29009,4774,0,0.030816217328988784,FINITE
29014,4774,1,0.029769236699802575,FINITE
29019,4774,2,0.029567235736537467,FINITE
29024,4774,3,0.02830097488966167,FINITE
29029,4774,4,0.02881082001866304,FINITE
29033,4774,5,0.028229877837970766,FINITE
29038,4774,6,,NAN
29043,4774,7,,NAN
29048,4774,8,,NAN
29053,4774,9,,NAN
29059,4778,0,,NAN
29064,4781,0,0.013601568934344404,FINITE
29071,4783,0,0.5523626148349834,FINITE
29078,4783,1,,NAN
29084,4783,2,,NAN
29089,4783,3,,NAN
29097,4783,4,,NAN
29102,4783,5,,NAN
29108,4783,6,,NAN
29116,4783,7,,NAN
29122,4783,8,,NAN
29128,4783,9,,NAN
29135,4796,0,0.30125621052266494,FINITE
29138,4796,1,,NAN
29143,4796,2,,NAN
29148,4796,3,,NAN
29153,4796,4,,NAN
29159,4796,5,,NAN
29164,4796,6,,NAN
29169,4796,7,,NAN
29172,4796,8,,NAN
27539,4444,0,0.036145076295374265,FINITE
27570,4444,1,0.35168930976629437,FINITE
27601,4444,2,0.4622512474645954,FINITE
27615,4444,3,,NAN
27641,4444,4,,NAN
27680,4444,5,,NAN
27729,4444,6,,NAN
27765,4444,7,,NAN
27807,4444,8,,NAN
27819,4444,9,,NAN
27844,4517,0,,NAN
27852,4524,0,0.02207847402820876,FINITE
27861,4524,1,,NAN
27873,4524,2,,NAN
27882,4524,3,,NAN
27890,4524,4,,NAN
27901,4542,0,0,FINITE
27923,4545,0,0.48592076233123876,FINITE
27947,4545,1,,NAN
27966,4545,2,,NAN
27989,4545,3,,NAN
28004,4545,4,,NAN
28026,4545,5,,NAN
28044,4545,6,,NAN
28056,4545,7,,NAN
28071,4545,8,,NAN
28084,4545,9,,NAN
28091,4582,0,0.00993347462542595,FINITE
28097,4583,0,0.026491593818549958,FINITE
28106,4583,1,,NAN
28112,4583,2,,NAN
28118,4583,3,,NAN
28129,4583,4,,NAN
28135,4583,5,,NAN
28145,4583,6,,NAN
28151,4583,7,,NAN
28158,4583,8,,NAN
28166,4583,9,,NAN
28173,4593,0,0.028669926023235266,FINITE
28181,4593,1,0.03775996036487428,FINITE
28189,4593,2,,NAN
28197,4593,3,,NAN
28204,4593,4,,NAN
28210,4593,5,,NAN
28218,4593,6,,NAN
28226,4593,7,,NAN
28234,4593,8,,NAN
28241,4593,9,,NAN
28248,4600,0,0.029138185971942773,FINITE
28256,4600,1,0.028926759601685607,FINITE
28265,4600,2,0.029721008083971007,FINITE
28272,4600,3,0.030559716592439154,FINITE
28280,4600,4,0.027548748803329574,FINITE
28289,4600,5,0.027482098116097003,FINITE
28297,4600,6,0.027722260358084182,FINITE
28306,4600,7,,NAN
28314,4600,8,,NAN
28323,4600,9,,NAN
28333,4619,0,,NAN
28340,4621,0,0,FINITE
28348,4624,0,0.03131846048337561,FINITE
28357,4624,1,0.03617004933360764,FINITE
28364,4624,2,,NAN
28373,4624,3,,NAN
28381,4624,4,,NAN
28390,4624,5,,NAN
28399,4624,6,,NAN
28406,4624,7,,NAN
28415,4624,8,,NAN
28420,4624,9,,NAN
28435,4639,0,,NAN
28441,4643,0,0.013826525487847496,FINITE
28447,4644,0,0.02273770732473917,FINITE
28454,4644,1,0.0221841002728675,FINITE
28461,4644,2,0.02420806638799053,FINITE
28467,4644,3,0.02247342553771105,FINITE
28473,4644,4,0.02524914274371142,FINITE
28481,4644,5,0.023694420211129098,FINITE
28487,4644,6,0.025385098384642233,FINITE
28494,4644,7,0.0251124642051361,FINITE
28500,4644,8,0.025550398761810856,FINITE
28506,4644,9,0.026201556329361907,FINITE
28517,4658,0,0.6972338294412512,FINITE
27540,4385,9,,NAN
27553,4449,0,0.021439519873172608,FINITE
27564,4449,1,0.020790421135361663,FINITE
27574,4449,2,0.01857899480227873,FINITE
27584,4449,3,0.02124495761838534,FINITE
27594,4461,0,,NAN
27607,4466,0,0.0029246901339921136,FINITE
27622,4472,0,0,FINITE
27631,4481,0,,NAN
27701,4484,0,,NAN
27718,4495,0,0.025609376374581567,FINITE
27731,4495,1,0.03385291270224962,FINITE
27745,4495,2,,NAN
27760,4495,3,,NAN
27772,4495,4,,NAN
27787,4495,5,,NAN
27803,4495,6,,NAN
27541,4415,7,,NAN
27551,4415,8,,NAN
27563,4415,9,,NAN
27572,4453,0,,NAN
27583,4457,0,0,FINITE
27592,4460,0,,NAN
27606,4464,0,0.00463724575200666,FINITE
27698,4471,0,,NAN
27734,4493,0,,NAN
27749,4503,0,0.02687155807904996,FINITE
27763,4503,1,0.021880498279918045,FINITE
27776,4503,2,0.020124382813246015,FINITE
27788,4503,3,0.02226076861574338,FINITE
27805,4503,4,0.022421691222224947,FINITE
27818,4503,5,0.022134058618407244,FINITE
27829,4503,6,0.02435260369217927,FINITE
27840,4503,7,0.024125761832266217,FINITE
27851,4503,8,0.02321410024514969,FINITE
27859,4503,9,0.023091214014230692,FINITE
27874,4533,0,0.3971911725435152,FINITE
27889,4533,1,,NAN
27902,4533,2,,NAN
27916,4533,3,,NAN
27928,4533,4,,NAN
27943,4533,5,,NAN
27961,4533,6,,NAN
27974,4533,7,,NAN
27988,4533,8,,NAN
28018,4533,9,,NAN
28031,4572,0,0.6949058511499244,FINITE
28042,4572,1,0.6493150425246328,FINITE
28049,4572,2,0.6141874525432929,FINITE
28059,4572,3,,NAN
28068,4572,4,,NAN
28077,4572,5,,NAN
28087,4572,6,,NAN
28095,4572,7,,NAN
28102,4572,8,,NAN
28110,4572,9,,NAN
28116,4585,0,0.03936876509550709,FINITE
28125,4585,1,,NAN
28132,4585,2,,NAN
28141,4585,3,,NAN
28150,4585,4,,NAN
28161,4585,5,,NAN
28169,4585,6,,NAN
28176,4585,7,,NAN
28184,4585,8,,NAN
28192,4585,9,,NAN
28200,4594,0,0.022599064024297132,FINITE
28207,4594,1,0.02790920980743966,FINITE
28213,4594,2,0.023866861287551517,FINITE
28222,4594,3,0.026687471843511206,FINITE
28228,4594,4,0.02682433922844956,FINITE
28235,4594,5,,NAN
28245,4594,6,,NAN
28252,4594,7,,NAN
28258,4594,8,,NAN
28268,4594,9,,NAN
28275,4603,0,,NAN
28283,4607,0,0,FINITE
28292,4609,0,0.01586847750083618,FINITE
28302,4612,0,0.0010211211481455584,FINITE
28310,4616,0,0.024027009561138873,FINITE
28318,4616,1,0.026210825739908697,FINITE
28325,4616,2,0.025658724625410956,FINITE
28335,4616,3,0.026431372578335242,FINITE
28342,4616,4,0.02594141853325733,FINITE
28351,4616,5,0.028083076674389317,FINITE
28361,4616,6,0.027272364388972813,FINITE
28369,4616,7,0.027691727158188514,FINITE
28375,4616,8,0.027352739212776048,FINITE
28384,4616,9,0.02813852820551107,FINITE
28393,4630,0,,NAN
28431,4634,0,,NAN
28436,4642,0,0.024554522396415472,FINITE
28443,4642,1,0.022210235222884338,FINITE
28450,4642,2,0.02509022366014574,FINITE
28457,4642,3,,NAN
28463,4642,4,,NAN
28470,4642,5,,NAN
28478,4642,6,,NAN
28484,4642,7,,NAN
28491,4642,8,,NAN
28498,4642,9,,NAN
28504,4656,0,0.02342898150209614,FINITE
28509,4656,1,0.03046221240744776,FINITE
28515,4656,2,0.032355806109651324,FINITE
28520,4656,3,0.030666974864570606,FINITE
28525,4656,4,0.031678992614203,FINITE
28532,4656,5,0.03082314782282436,FINITE
28537,4656,6,0.02920326975580759,FINITE
28541,4656,7,0.028226259764555582,FINITE
28547,4656,8,0.02878709071347773,FINITE
28554,4656,9,0.028725350178647524,FINITE
28559,4667,0,0,FINITE
28565,4670,0,0.030238397007863876,FINITE
28572,4670,1,,NAN
28578,4670,2,,NAN
28584,4670,3,,NAN
28591,4670,4,,NAN
28597,4670,5,,NAN
28603,4670,6,,NAN
28615,4670,7,,NAN
28621,4670,8,,NAN
28628,4670,9,,NAN
28635,4685,0,0.03206197443732139,FINITE
28640,4685,1,0.029108514384208986,FINITE
28650,4685,2,0.24056860317965764,FINITE
28656,4685,3,0.1869453683640492,FINITE
28664,4685,4,,NAN
28671,4685,5,,NAN
28675,4685,6,,NAN
28683,4685,7,,NAN
28689,4685,8,,NAN
28695,4685,9,,NAN
28699,4702,0,,NAN
28704,4703,0,,NAN
28727,4705,0,,NAN
28731,4711,0,,NAN
28735,4712,0,,NAN
28740,4714,0,0,FINITE
28744,4717,0,0.026266637265047084,FINITE
28748,4717,1,0.027876282442065796,FINITE
28754,4717,2,,NAN
28758,4717,3,,NAN
28764,4717,4,,NAN
28768,4717,5,,NAN
28772,4717,6,,NAN
28778,4717,7,,NAN
28783,4717,8,,NAN
28789,4717,9,,NAN
28794,4728,0,0.03266683505570572,FINITE
28800,4728,1,0.03437979065184929,FINITE
28805,4728,2,0.02966009803837397,FINITE
28811,4728,3,0.03210666473472497,FINITE
28816,4728,4,,NAN
28821,4728,5,,NAN
28826,4728,6,,NAN
28830,4728,7,,NAN
28836,4728,8,,NAN
28841,4728,9,,NAN
28846,4734,0,0.03244187850220284,FINITE
28852,4734,1,0.02849721926031456,FINITE
28858,4734,2,0.033693426678308595,FINITE
28864,4734,3,0.031788985988037415,FINITE
28870,4734,4,0.031120583183641876,FINITE
28875,4734,5,0.029236088986696915,FINITE
28881,4734,6,0.02914674386526394,FINITE
28887,4734,7,0.028362701919646946,FINITE
28893,4734,8,0.028191425091554548,FINITE
28898,4734,9,0.027400279152198354,FINITE
28907,4747,0,,NAN
28913,4748,0,0.025764394110660133,FINITE
28919,4748,1,0.029216635898565532,FINITE
28923,4748,2,0.03342280764730717,FINITE
28929,4748,3,,NAN
28935,4748,4,,NAN
27542,4419,5,,NAN
27552,4419,6,,NAN
27565,4419,7,,NAN
27575,4419,8,,NAN
27587,4419,9,,NAN
27604,4462,0,0.4569937352215908,FINITE
27628,4462,1,0.47427173718377563,FINITE
27657,4462,2,,NAN
27684,4462,3,,NAN
27723,4462,4,,NAN
27750,4462,5,,NAN
27774,4462,6,,NAN
27809,4462,7,,NAN
27830,4462,8,,NAN
27853,4462,9,,NAN
27863,4528,0,0,FINITE
27888,4534,0,0.5605389425668621,FINITE
27915,4534,1,0.5731611827704597,FINITE
27935,4534,2,0.5782302417615298,FINITE
27543,4431,3,0.2322759881031336,FINITE
27550,4431,4,,NAN
27544,4416,6,,NAN
27557,4416,7,,NAN
27569,4416,8,,NAN
27579,4416,9,,NAN
27590,4458,0,0,FINITE
27623,4463,0,,NAN
27636,4482,0,,NAN
27649,4486,0,0.028005772383843844,FINITE
27663,4486,1,0.03669350239849674,FINITE
27678,4486,2,,NAN
27695,4486,3,,NAN
27711,4486,4,,NAN
27726,4486,5,,NAN
27740,4486,6,,NAN
27755,4486,7,,NAN
27769,4486,8,,NAN
27781,4486,9,,NAN
27794,4507,0,0,FINITE
27820,4510,0,,NAN
27836,4518,0,,NAN
27850,4521,0,,NAN
27857,4527,0,,NAN
27868,4531,0,0,FINITE
27881,4538,0,,NAN
27893,4541,0,0,FINITE
27909,4543,0,0.21287015136002324,FINITE
27919,4543,1,,NAN
27929,4543,2,,NAN
27937,4543,3,,NAN
27949,4543,4,,NAN
27962,4543,5,,NAN
27971,4543,6,,NAN
27983,4543,7,,NAN
27992,4543,8,,NAN
27999,4543,9,,NAN
28008,4563,0,0.021214563319669515,FINITE
28014,4563,1,0.023299491570374052,FINITE
28036,4563,2,0.20571527993121894,FINITE
28040,4563,3,0.1612333946157965,FINITE
28055,4563,4,0.24684308487633233,FINITE
28072,4563,5,,NAN
28090,4563,6,,NAN
28105,4563,7,,NAN
28122,4563,8,,NAN
28140,4563,9,,NAN
28147,4588,0,0.01837675718081084,FINITE
28155,4589,0,,NAN
28162,4591,0,0.02784006871691038,FINITE
28170,4591,1,0.03368397345127648,FINITE
28179,4591,2,0.0288762979777991,FINITE
28188,4591,3,,NAN
28195,4591,4,,NAN
28203,4591,5,,NAN
28214,4591,6,,NAN
28221,4591,7,,NAN
28229,4591,8,,NAN
28238,4591,9,,NAN
28246,4599,0,0.04655375840373775,FINITE
28254,4599,1,0.031817085116173496,FINITE
28262,4599,2,0.03327719219170074,FINITE
28270,4599,3,0.030987955557122488,FINITE
28279,4599,4,0.031621539543297286,FINITE
28288,4599,5,0.0306422908309075,FINITE
28296,4599,6,0.030837627053626474,FINITE
28304,4599,7,0.030097443655969575,FINITE
28313,4599,8,0.029908243462937238,FINITE
28321,4599,9,0.02956657849849851,FINITE
28331,4618,0,0.04218097159737631,FINITE
28339,4618,1,,NAN
28346,4618,2,,NAN
28356,4618,3,,NAN
28365,4618,4,,NAN
28376,4618,5,,NAN
28385,4618,6,,NAN
28398,4618,7,,NAN
28405,4618,8,,NAN
28411,4618,9,,NAN
28442,4637,0,,NAN
28453,4645,0,,NAN
28460,4647,0,0.0029246901339921136,FINITE
28466,4649,0,0,FINITE
28474,4651,0,,NAN
28482,4652,0,0.02820366857085529,FINITE
28488,4652,1,0.02883472933131819,FINITE
28495,4652,2,0.02499098161839622,FINITE
28501,4652,3,0.024903445126166244,FINITE
28507,4652,4,,NAN
28513,4652,5,,NAN
28519,4652,6,,NAN
28523,4652,7,,NAN
28529,4652,8,,NAN
28535,4652,9,,NAN
28546,4661,0,,NAN
28553,4663,0,0.0020422322932905105,FINITE
28558,4666,0,0.018983660429960157,FINITE
28563,4666,1,0.023748298155525975,FINITE
28570,4666,2,0.02309926124612551,FINITE
28575,4666,3,,NAN
28581,4666,4,,NAN
28587,4666,5,,NAN
28594,4666,6,,NAN
28600,4666,7,,NAN
28607,4666,8,,NAN
28612,4666,9,,NAN
28618,4678,0,,NAN
28625,4679,0,0.030902530582049725,FINITE
28632,4679,1,0.028238961875475768,FINITE
28639,4679,2,0.029256360652597336,FINITE
28644,4679,3,0.028928452692366168,FINITE
28651,4679,4,,NAN
28659,4679,5,,NAN
28663,4679,6,,NAN
28667,4679,7,,NAN
28674,4679,8,,NAN
28679,4679,9,,NAN
28686,4696,0,0.016612151879902174,FINITE
28692,4698,0,0,FINITE
27545,4439,1,0.026954364777122923,FINITE
27577,4439,2,0.2336178510982708,FINITE
27589,4439,3,0.1806772507673278,FINITE
27620,4439,4,0.2826902993254504,FINITE
27650,4439,5,,NAN
27691,4439,6,,NAN
27732,4439,7,,NAN
27747,4439,8,,NAN
27783,4439,9,,NAN
27797,4508,0,0,FINITE
27824,4513,0,0.47765188188551544,FINITE
27849,4513,1,,NAN
27870,4513,2,,NAN
27885,4513,3,,NAN
27907,4513,4,,NAN
27931,4513,5,,NAN
27942,4513,6,,NAN
27963,4513,7,,NAN
27985,4513,8,,NAN
28000,4513,9,,NAN
28024,4564,0,0.6137887156426022,FINITE
28034,4564,1,0.32957490526422406,FINITE
28039,4564,2,,NAN
28045,4564,3,,NAN
28062,4564,4,,NAN
28079,4564,5,,NAN
28086,4564,6,,NAN
28103,4564,7,,NAN
28123,4564,8,,NAN
28139,4564,9,,NAN
28148,4587,0,0.025418403026758348,FINITE
28156,4587,1,0.027061156127836685,FINITE
28163,4587,2,,NAN
28171,4587,3,,NAN
28177,4587,4,,NAN
28186,4587,5,,NAN
28193,4587,6,,NAN
28201,4587,7,,NAN
28208,4587,8,,NAN
28217,4587,9,,NAN
28224,4596,0,0.02974508922109199,FINITE
28231,4596,1,0.030366966528101284,FINITE
28243,4596,2,0.24484317314894663,FINITE
28251,4596,3,0.1908265270152912,FINITE
28259,4596,4,0.157506202761863,FINITE
28267,4596,5,,NAN
28276,4596,6,,NAN
28284,4596,7,,NAN
28291,4596,8,,NAN
28300,4596,9,,NAN
28309,4615,0,0.028385716583163086,FINITE
28317,4615,1,,NAN
28326,4615,2,,NAN
28334,4615,3,,NAN
28341,4615,4,,NAN
28350,4615,5,,NAN
28360,4615,6,,NAN
28368,4615,7,,NAN
28377,4615,8,,NAN
28386,4615,9,,NAN
28395,4631,0,,NAN
28412,4635,0,,NAN
28428,4638,0,0.5983808971675983,FINITE
28437,4638,1,0.5497026993128702,FINITE
28449,4638,2,0.5331379382839482,FINITE
28456,4638,3,0.4095914680750686,FINITE
28468,4638,4,,NAN
28477,4638,5,,NAN
28490,4638,6,,NAN
28502,4638,7,,NAN
28514,4638,8,,NAN
28524,4638,9,,NAN
28531,4659,0,,NAN
28544,4660,0,,NAN
28551,4662,0,,NAN
28556,4664,0,0,FINITE
28560,4668,0,0.018567730528634283,FINITE
28566,4671,0,0.023394998296416378,FINITE
28573,4671,1,0.022582067408927067,FINITE
28579,4671,2,0.025060825183290118,FINITE
28583,4671,3,0.027970010566424237,FINITE
28590,4671,4,0.02869475135086223,FINITE
28596,4671,5,0.027168348025899885,FINITE
28602,4671,6,0.026029982867004867,FINITE
28609,4671,7,0.02651033183267752,FINITE
28613,4671,8,0.026612087326915362,FINITE
28619,4671,9,0.026020468154155714,FINITE
28626,4680,0,,NAN
28633,4683,0,0.3031014582612894,FINITE
28641,4683,1,0.3089348275571479,FINITE
28646,4683,2,0.2996333439654028,FINITE
28653,4683,3,0.2935925965670422,FINITE
28660,4683,4,,NAN
28665,4683,5,,NAN
28673,4683,6,,NAN
28678,4683,7,,NAN
28685,4683,8,,NAN
28693,4683,9,,NAN
28701,4701,0,,NAN
28705,4704,0,,NAN
28710,4706,0,0,FINITE
28717,4707,0,,NAN
28721,4708,0,0,FINITE
28728,4709,0,0.9589796475294177,FINITE
28732,4709,1,1.0020212025634034,FINITE
28738,4709,2,,NAN
28743,4709,3,,NAN
28749,4709,4,,NAN
28755,4709,5,,NAN
28762,4709,6,,NAN
28767,4709,7,,NAN
28773,4709,8,,NAN
28779,4709,9,,NAN
28784,4727,0,0.030691177796879153,FINITE
28790,4727,1,0.020684193447254244,FINITE
28795,4727,2,0.02113827000561018,FINITE
28801,4727,3,0.02222138577274249,FINITE
28803,4727,4,0.019615054646435863,FINITE
28808,4727,5,,NAN
28814,4727,6,,NAN
28818,4727,7,,NAN
28824,4727,8,,NAN
28828,4727,9,,NAN
28834,4732,0,0.031232147230314988,FINITE
28840,4732,1,0.03674971604037623,FINITE
28844,4732,2,0.03409133939958337,FINITE
28851,4732,3,0.032550100042180334,FINITE
28856,4732,4,0.031547582520771576,FINITE
28862,4732,5,,NAN
28867,4732,6,,NAN
28873,4732,7,,NAN
28879,4732,8,,NAN
28885,4732,9,,NAN
28891,4743,0,,NAN
28897,4745,0,0.0010211211481455584,FINITE
28903,4746,0,0.020504922251495507,FINITE
28909,4746,1,0.019095177569847167,FINITE
28915,4746,2,0.023030961907247988,FINITE
28921,4746,3,0.02379213740974198,FINITE
28925,4746,4,0.026802449413279694,FINITE
28931,4746,5,0.030285040847915556,FINITE
28936,4746,6,0.03014101062283972,FINITE
28942,4746,7,0.029691374778226177,FINITE
28947,4746,8,0.031125322191612435,FINITE
28950,4746,9,0.030319328137266306,FINITE
28955,4760,0,,NAN
28960,4761,0,0,FINITE
28963,4763,0,0,FINITE
28968,4764,0,,NAN
28972,4766,0,0.015393294712940882,FINITE
28974,4768,0,0.0019035889928484776,FINITE
28979,4770,0,,NAN
28984,4771,0,0.028999542671500633,FINITE
28989,4771,1,0.02363235845918054,FINITE
28994,4771,2,0.020545680211107083,FINITE
28998,4771,3,0.02081688346357927,FINITE
29002,4771,4,0.017878822135633066,FINITE
29007,4771,5,0.018665529117077077,FINITE
29012,4771,6,0.02142958788426827,FINITE
27546,4442,1,,NAN
27558,4442,2,,NAN
27576,4442,3,,NAN
27585,4442,4,,NAN
27598,4442,5,,NAN
27602,4442,6,,NAN
27610,4442,7,,NAN
27617,4442,8,,NAN
27626,4442,9,,NAN
27629,4483,0,0.3521893917341276,FINITE
27632,4483,1,,NAN
27635,4483,2,,NAN
27638,4483,3,,NAN
27642,4483,4,,NAN
27645,4483,5,,NAN
27648,4483,6,,NAN
27651,4483,7,,NAN
27655,4483,8,,NAN
27660,4483,9,,NAN
27664,4489,0,,NAN
27667,4491,0,0.02685321123734842,FINITE
27669,4491,1,,NAN
27673,4491,2,,NAN
27675,4491,3,,NAN
27679,4491,4,,NAN
27683,4491,5,,NAN
27687,4491,6,,NAN
27689,4491,7,,NAN
27694,4491,8,,NAN
27700,4491,9,,NAN
27704,4494,0,,NAN
27707,4496,0,,NAN
27713,4498,0,0.021716806474056563,FINITE
27716,4498,1,0.030174535403576005,FINITE
27721,4498,2,0.029053791999877555,FINITE
27725,4498,3,0.03104661663556308,FINITE
27730,4498,4,0.03041617155435552,FINITE
27737,4498,5,0.03084621824595808,FINITE
27742,4498,6,0.029715141449758696,FINITE
27746,4498,7,0.02854653363742057,FINITE
27752,4498,8,0.028039319050256695,FINITE
27756,4498,9,0.027886855073697148,FINITE
27761,4505,0,0.02085967699051504,FINITE
27764,4505,1,0.021149598431843823,FINITE
27770,4505,2,0.024925019523856635,FINITE
27777,4505,3,0.024274208998745717,FINITE
27782,4505,4,0.023790457153896317,FINITE
27790,4505,5,0.024350188408235936,FINITE
27793,4505,6,0.025333325382818656,FINITE
27799,4505,7,0.02444980649082388,FINITE
27808,4505,8,0.024562254417275272,FINITE
27813,4505,9,0.023711974060413695,FINITE
27821,4516,0,,NAN
27826,4519,0,0.07192152263519819,FINITE
27831,4519,1,,NAN
27548,4426,3,0.5544437287533801,FINITE
27559,4426,4,,NAN
27573,4426,5,,NAN
27580,4426,6,,NAN
27588,4426,7,,NAN
27599,4426,8,,NAN
27605,4426,9,,NAN
27613,4470,0,0.003063333434434146,FINITE
27618,4477,0,0,FINITE
27624,4479,0,0.4194736579841761,FINITE
27627,4479,1,0.416468926853382,FINITE
27630,4479,2,0.41600472707878117,FINITE
27634,4479,3,,NAN
27637,4479,4,,NAN
27640,4479,5,,NAN
27644,4479,6,,NAN
27646,4479,7,,NAN
27653,4479,8,,NAN
27656,4479,9,,NAN
27661,4488,0,,NAN
27665,4490,0,0.539489291822497,FINITE
27668,4490,1,0.5530342290282544,FINITE
27672,4490,2,0.5661195914132792,FINITE
27676,4490,3,,NAN
27681,4490,4,,NAN
27685,4490,5,,NAN
27690,4490,6,,NAN
27697,4490,7,,NAN
27702,4490,8,,NAN
27709,4490,9,,NAN
27714,4499,0,,NAN
27720,4501,0,0.7252919022332613,FINITE
27728,4501,1,0.7007053346702298,FINITE
27738,4501,2,,NAN
27743,4501,3,,NAN
27751,4501,4,,NAN
27757,4501,5,,NAN
27767,4501,6,,NAN
27778,4501,7,,NAN
27784,4501,8,,NAN
27792,4501,9,,NAN
27798,4509,0,0.24158510688603296,FINITE
27806,4509,1,0.2261370888781623,FINITE
27812,4509,2,0.24656387221521667,FINITE
27817,4509,3,,NAN
27823,4509,4,,NAN
27827,4509,5,,NAN
27832,4509,6,,NAN
27835,4509,7,,NAN
27839,4509,8,,NAN
27843,4509,9,,NAN
27848,4523,0,,NAN
27855,4526,0,,NAN
27858,4529,0,0,FINITE
27862,4532,0,0.35982689546195923,FINITE
27866,4532,1,0.3275302543190715,FINITE
27872,4532,2,,NAN
27876,4532,3,,NAN
27880,4532,4,,NAN
27887,4532,5,,NAN
27894,4532,6,,NAN
27898,4532,7,,NAN
27900,4532,8,,NAN
27905,4532,9,,NAN
27908,4546,0,0.4998630250076893,FINITE
27912,4546,1,,NAN
27917,4546,2,,NAN
27921,4546,3,,NAN
27926,4546,4,,NAN
27932,4546,5,,NAN
27936,4546,6,,NAN
27940,4546,7,,NAN
27946,4546,8,,NAN
27950,4546,9,,NAN
27952,4557,0,,NAN
27957,4558,0,,NAN
27964,4559,0,0.6296274830977124,FINITE
27969,4559,1,0.6072371930870775,FINITE
27973,4559,2,0.5988371178246494,FINITE
27976,4559,3,,NAN
27978,4559,4,,NAN
27982,4559,5,,NAN
27987,4559,6,,NAN
27991,4559,7,,NAN
27994,4559,8,,NAN
27997,4559,9,,NAN
28001,4562,0,,NAN
28003,4565,0,,NAN
28007,4566,0,0,FINITE
28009,4567,0,,NAN
28012,4568,0,0.15956207382581122,FINITE
28015,4568,1,0.17917396823468887,FINITE
28019,4568,2,0.17285103237026797,FINITE
28021,4568,3,0.17073402883654298,FINITE
28025,4568,4,,NAN
28027,4568,5,,NAN
28030,4568,6,,NAN
28035,4568,7,,NAN
28037,4568,8,,NAN
28038,4568,9,,NAN
28041,4573,0,,NAN
28043,4574,0,0.02273770732473928,FINITE
28046,4574,1,0.03030650225585634,FINITE
28047,4574,2,0.032177013824089495,FINITE
28048,4574,3,0.03511443242840382,FINITE
28050,4574,4,0.035331027211274145,FINITE
28051,4574,5,0.03206416170946083,FINITE
28053,4574,6,0.03213074352039911,FINITE
28054,4574,7,0.03161198864067249,FINITE
28057,4574,8,0.03001256467387458,FINITE
28058,4574,9,0.031918547617541655,FINITE
28060,4575,0,0.030020363293549332,FINITE
28061,4575,1,,NAN
28063,4575,2,,NAN
28065,4575,3,,NAN
28067,4575,4,,NAN
28070,4575,5,,NAN
28073,4575,6,,NAN
28075,4575,7,,NAN
28076,4575,8,,NAN
28078,4575,9,,NAN
28080,4578,0,0,FINITE
28083,4579,0,0.013826525487847496,FINITE
28085,4581,0,0.6721061947194278,FINITE
28089,4581,1,,NAN
28092,4581,2,,NAN
28093,4581,3,,NAN
28096,4581,4,,NAN
28098,4581,5,,NAN
28099,4581,6,,NAN
28101,4581,7,,NAN
28104,4581,8,,NAN
28108,4581,9,,NAN
28111,4584,0,0.03702718336409196,FINITE
28113,4584,1,,NAN
28115,4584,2,,NAN
28117,4584,3,,NAN
28119,4584,4,,NAN
28124,4584,5,,NAN
28126,4584,6,,NAN
28128,4584,7,,NAN
28130,4584,8,,NAN
28133,4584,9,,NAN
28134,4586,0,0.027096514632552946,FINITE
28136,4586,1,0.03419318677035403,FINITE
28138,4586,2,0.03211036745079361,FINITE
28142,4586,3,0.029442655556388333,FINITE
28146,4586,4,,NAN
28149,4586,5,,NAN
28153,4586,6,,NAN
28154,4586,7,,NAN
28157,4586,8,,NAN
28160,4586,9,,NAN
28164,4592,0,0.024909237033183183,FINITE
28168,4592,1,,NAN
28172,4592,2,,NAN
28175,4592,3,,NAN
28178,4592,4,,NAN
28180,4592,5,,NAN
28185,4592,6,,NAN
28191,4592,7,,NAN
28194,4592,8,,NAN
28196,4592,9,,NAN
28199,4595,0,0.03980996467772273,FINITE
28202,4595,1,,NAN
28205,4595,2,,NAN
28209,4595,3,,NAN
28211,4595,4,,NAN
27549,4447,0,,NAN
27555,4450,0,0.022599064024297136,FINITE
27561,4450,1,0.016266269324861544,FINITE
27578,4450,2,,NAN
27586,4450,3,,NAN
27600,4450,4,,NAN
27603,4450,5,,NAN
27616,4450,6,,NAN
27619,4478,0,0,FINITE
27633,4480,0,,NAN
27639,4485,0,,NAN
27643,4487,0,0.527709276139967,FINITE
27647,4487,1,0.5534665468879691,FINITE
27654,4487,2,0.5635620369100182,FINITE
27659,4487,3,,NAN
27662,4487,4,,NAN
27666,4487,5,,NAN
27670,4487,6,,NAN
27674,4487,7,,NAN
27677,4487,8,,NAN
27682,4487,9,,NAN
27686,4492,0,0.02722823509380687,FINITE
27688,4492,1,0.03377832838771824,FINITE
27693,4492,2,0.029930706981929567,FINITE
27699,4492,3,0.032374356382187296,FINITE
27703,4492,4,0.0300109355655252,FINITE
27708,4492,5,0.030159534734945936,FINITE
27712,4492,6,0.03174370516274287,FINITE
27715,4492,7,,NAN
27722,4492,8,,NAN
27727,4492,9,,NAN
27736,4502,0,0.7081621851457326,FINITE
27741,4502,1,,NAN
27744,4502,2,,NAN
27753,4502,3,,NAN
27758,4502,4,,NAN
27768,4502,5,,NAN
27779,4502,6,,NAN
27789,4502,7,,NAN
27791,4502,8,,NAN
27796,4502,9,,NAN
27804,4512,0,,NAN
27815,4514,0,0.6452453332703522,FINITE
27822,4514,1,0.6439663369075457,FINITE
27828,4514,2,,NAN
27834,4514,3,,NAN
27837,4514,4,,NAN
27841,4514,5,,NAN
27847,4514,6,,NAN
27854,4514,7,,NAN
27860,4514,8,,NAN
27864,4514,9,,NAN
27867,4535,0,,NAN
27875,4537,0,0.30227432622050476,FINITE
27877,4537,1,0.2705561588860354,FINITE
27883,4537,2,0.28429133911446136,FINITE
27886,4537,3,,NAN
27892,4537,4,,NAN
27896,4537,5,,NAN
27899,4537,6,,NAN
27904,4537,7,,NAN
27906,4537,8,,NAN
27911,4537,9,,NAN
27914,4548,0,0.0019035889928484776,FINITE
27918,4549,0,,NAN
27922,4550,0,,NAN
27927,4552,0,,NAN
27933,4553,0,,NAN
27939,4554,0,,NAN
27941,4555,0,0,FINITE
27944,4556,0,0.027267148673440593,FINITE
27948,4556,1,0.028659736305568232,FINITE
27951,4556,2,0.028450171558623356,FINITE
27955,4556,3,0.02862217516195321,FINITE
27960,4556,4,,NAN
27965,4556,5,,NAN
27968,4556,6,,NAN
27972,4556,7,,NAN
27975,4556,8,,NAN
27977,4556,9,,NAN
27980,4560,0,0.04676368145345235,FINITE
27986,4560,1,0.34747069758502397,FINITE
27990,4560,2,0.24156149062090437,FINITE
27993,4560,3,0.19303992916501928,FINITE
27995,4560,4,0.27671780096078336,FINITE
27998,4560,5,,NAN
28002,4560,6,,NAN
28005,4560,7,,NAN
28010,4560,8,,NAN
28013,4560,9,,NAN
28016,4569,0,,NAN
28023,4570,0,1.407089780682499,FINITE
28028,4570,1,,NAN
27554,4355,9,,NAN
27581,4451,0,,NAN
27614,4459,0,0.6493731733763388,FINITE
27625,4459,1,0.33499137786129835,FINITE
27658,4459,2,,NAN
27671,4459,3,,NAN
27717,4459,4,,NAN
27759,4459,5,,NAN
27771,4459,6,,NAN
27786,4459,7,,NAN
27800,4459,8,,NAN
27833,4459,9,,NAN
27845,4520,0,,NAN
27556,4441,0,,NAN
27567,4452,0,,NAN
27597,4455,0,,NAN
27611,4469,0,0.0010211211481455584,FINITE
27710,4475,0,,NAN
27724,4500,0,0.02022071281142355,FINITE
27739,4500,1,0.018758638082393905,FINITE
27754,4500,2,,NAN
27766,4504,0,0.01846307043387179,FINITE
27780,4504,1,0.016144797960859644,FINITE
27795,4506,0,,NAN
27811,4511,0,,NAN
27842,4515,0,0.6807485318219764,FINITE
27871,4515,1,,NAN
27897,4515,2,,NAN
27925,4515,3,,NAN
27953,4515,4,,NAN
27984,4515,5,,NAN
28011,4515,6,,NAN
28033,4515,7,,NAN
28052,4515,8,,NAN
28066,4515,9,,NAN
28074,4576,0,,NAN
28081,4577,0,0,FINITE
28088,4580,0,0.027478461328199293,FINITE
28094,4580,1,0.03414538966125704,FINITE
28100,4580,2,0.03593574450188101,FINITE
28109,4580,3,0.032552100335732206,FINITE
28114,4580,4,0.030135868077748963,FINITE
28120,4580,5,0.030323906371515625,FINITE
28127,4580,6,0.028624646493897985,FINITE
28137,4580,7,0.09273099231047448,FINITE
28144,4580,8,,NAN
28152,4580,9,,NAN
28159,4590,0,0.03845482789259587,FINITE
28167,4590,1,0.030941904697346,FINITE
28174,4590,2,0.027002037708364696,FINITE
28182,4590,3,,NAN
28190,4590,4,,NAN
28198,4590,5,,NAN
28206,4590,6,,NAN
28215,4590,7,,NAN
28223,4590,8,,NAN
28230,4590,9,,NAN
28237,4597,0,0.018567730528634283,FINITE
28244,4597,1,0.03249853288657445,FINITE
28249,4597,2,0.0304037909969383,FINITE
28257,4597,3,0.029832182077152367,FINITE
28266,4597,4,,NAN
28274,4597,5,,NAN
28282,4597,6,,NAN
28290,4597,7,,NAN
28299,4597,8,,NAN
28307,4597,9,,NAN
28315,4617,0,0.019397688100646127,FINITE
28324,4617,1,0.024375947629238306,FINITE
28332,4617,2,0.024259634939871755,FINITE
28343,4617,3,0.11904511817609925,FINITE
28349,4617,4,0.10099642383777727,FINITE
28359,4617,5,0.08871726506249038,FINITE
28367,4617,6,,NAN
28374,4617,7,,NAN
28383,4617,8,,NAN
28392,4617,9,,NAN
28426,4633,0,1.0566769205263915,FINITE
28446,4633,1,,NAN
28475,4633,2,,NAN
28497,4633,3,,NAN
28528,4633,4,,NAN
28550,4633,5,,NAN
28567,4633,6,,NAN
28588,4633,7,,NAN
28606,4633,8,,NAN
28623,4633,9,,NAN
28630,4682,0,0,FINITE
28637,4686,0,0.031118531700718786,FINITE
28642,4686,1,0.041147144383803805,FINITE
28649,4686,2,0.2457588779761304,FINITE
28655,4686,3,0.18992118115121626,FINITE
28662,4686,4,0.15946334367932674,FINITE
28666,4686,5,0.13768188408577192,FINITE
28672,4686,6,0.12405509281879437,FINITE
28677,4686,7,,NAN
28684,4686,8,,NAN
28691,4686,9,,NAN
28696,4699,0,0.2096218446164988,FINITE
28702,4699,1,0.11335112822255403,FINITE
28706,4699,2,,NAN
28711,4699,3,,NAN
28713,4699,4,,NAN
28716,4699,5,,NAN
28720,4699,6,,NAN
28724,4699,7,,NAN
28730,4699,8,,NAN
28733,4699,9,,NAN
28737,4713,0,0,FINITE
28747,4716,0,,NAN
28753,4722,0,0.0010211211481455584,FINITE
28759,4724,0,,NAN
28769,4726,0,0.7083924261334216,FINITE
28777,4726,1,,NAN
28782,4726,2,,NAN
28788,4726,3,,NAN
28793,4726,4,,NAN
28799,4726,5,,NAN
28807,4726,6,,NAN
28813,4726,7,,NAN
28820,4726,8,,NAN
28829,4726,9,,NAN
28833,4733,0,0.023013051600770034,FINITE
28839,4733,1,0.022599059011767057,FINITE
28845,4733,2,0.022505984374031326,FINITE
28850,4733,3,0.02132242481583841,FINITE
28857,4733,4,,NAN
28863,4733,5,,NAN
28869,4733,6,,NAN
28876,4740,0,,NAN
28882,4741,0,,NAN
28889,4742,0,0,FINITE
28895,4744,0,0.022815155413758694,FINITE
28901,4744,1,0.028735605676058366,FINITE
28906,4744,2,,NAN
28912,4744,3,,NAN
28918,4744,4,,NAN
28924,4744,5,,NAN
28930,4744,6,,NAN
28937,4744,7,,NAN
28941,4744,8,,NAN
28946,4744,9,,NAN
28952,4759,0,0.4505432407394152,FINITE
28958,4759,1,0.5639683092900962,FINITE
28965,4759,2,,NAN
28970,4759,3,,NAN
28975,4759,4,,NAN
28980,4759,5,,NAN
28986,4759,6,,NAN
28990,4759,7,,NAN
28997,4759,8,,NAN
29003,4759,9,,NAN
29008,4773,0,0.0349264197000542,FINITE
29013,4773,1,0.0348445992186001,FINITE
29018,4773,2,0.03842508329218307,FINITE
29023,4773,3,0.03714981639047342,FINITE
29028,4773,4,0.03887387350197556,FINITE
29034,4773,5,0.03392651627518119,FINITE
29039,4773,6,0.03707290990008193,FINITE
29044,4773,7,,NAN
29049,4773,8,,NAN
29054,4773,9,,NAN
29058,4779,0,0,FINITE
29063,4780,0,,NAN
29068,4782,0,0.033135095004413,FINITE
29073,4782,1,0.027148664138350827,FINITE
29076,4782,2,0.02606189817913283,FINITE
29080,4782,3,0.025810124427552955,FINITE
29085,4782,4,0.02619518126647196,FINITE
29090,4782,5,0.027484127093804694,FINITE
29094,4782,6,0.02797275938663011,FINITE
29100,4782,7,0.02843616793101074,FINITE
29105,4782,8,0.029197476695546468,FINITE
27560,4445,0,0.6852124431904176,FINITE
27591,4445,1,,NAN
27621,4445,2,,NAN
27652,4445,3,,NAN
27696,4445,4,,NAN
27735,4445,5,,NAN
27775,4445,6,,NAN
27816,4445,7,,NAN
27846,4445,8,,NAN
27856,4445,9,,NAN
27865,4530,0,0,FINITE
27895,4536,0,,NAN
27910,4544,0,,NAN
27920,4547,0,0.0010211211481455584,FINITE
27930,4551,0,0.027564774581260353,FINITE
27938,4551,1,0.023658613721988252,FINITE
27959,4551,2,0.22857888676378216,FINITE
27970,4551,3,0.18063013506505848,FINITE
27981,4551,4,,NAN
28006,4551,5,,NAN
28020,4551,6,,NAN
28029,4551,7,,NAN
27566,4448,0,,NAN
27595,4454,0,,NAN
27609,4467,0,0.0010211211481455584,FINITE
27692,4474,0,1.3387818796107693,FINITE
27802,4474,1,,NAN
27879,4474,2,,NAN
27954,4474,3,,NAN
28022,4474,4,,NAN
28069,4474,5,,NAN
28121,4474,6,,NAN
28165,4474,7,,NAN
28212,4474,8,,NAN
28264,4474,9,,NAN
28271,4602,0,,NAN
28278,4605,0,0,FINITE
28285,4608,0,0.01763310284081752,FINITE
28294,4610,0,0,FINITE
28303,4613,0,0.025661706421962766,FINITE
28311,4613,1,,NAN
28319,4613,2,,NAN
28328,4613,3,,NAN
28336,4613,4,,NAN
28345,4613,5,,NAN
28353,4613,6,,NAN
28362,4613,7,,NAN
28370,4613,8,,NAN
28380,4613,9,,NAN
28389,4628,0,0.02822201541255684,FINITE
28397,4628,1,,NAN
28403,4628,2,,NAN
28410,4628,3,,NAN
28417,4628,4,,NAN
28423,4628,5,,NAN
28429,4628,6,,NAN
28432,4628,7,,NAN
28440,4628,8,,NAN
28448,4628,9,,NAN
28455,4646,0,,NAN
28462,4648,0,0,FINITE
28469,4650,0,0.022130804075589733,FINITE
28476,4650,1,,NAN
28483,4650,2,,NAN
28489,4650,3,,NAN
28496,4650,4,,NAN
28503,4655,0,0.031145833977253932,FINITE
28508,4655,1,0.031005619374918553,FINITE
28512,4655,2,0.02673003324787891,FINITE
28518,4655,3,0.024711035881332933,FINITE
28522,4655,4,0.02529224963079461,FINITE
28530,4655,5,0.023358188390229753,FINITE
28536,4655,6,0.025657744098563796,FINITE
28540,4655,7,,NAN
28545,4655,8,,NAN
28552,4655,9,,NAN
28557,4665,0,0.003945781270133631,FINITE
28562,4669,0,0.015038479850678906,FINITE
28569,4673,0,,NAN
28577,4674,0,0.19511455178504045,FINITE
28582,4674,1,,NAN
28589,4674,2,,NAN
28595,4674,3,,NAN
28601,4674,4,,NAN
28608,4674,5,,NAN
28614,4674,6,,NAN
28622,4674,7,,NAN
28629,4674,8,,NAN
28636,4674,9,,NAN
28647,4688,0,0.6643291513779968,FINITE
28657,4688,1,,NAN
28670,4688,2,,NAN
28681,4688,3,,NAN
28687,4688,4,,NAN
28697,4688,5,,NAN
28708,4688,6,,NAN
28718,4688,7,,NAN
28725,4688,8,,NAN
28736,4688,9,,NAN
28741,4715,0,0,FINITE
28746,4718,0,,NAN
28751,4721,0,,NAN
28756,4723,0,0.003063333434434146,FINITE
28761,4725,0,0.023619954849919474,FINITE
28766,4725,1,0.02967350923132603,FINITE
28770,4725,2,0.028399899410812685,FINITE
28775,4725,3,0.030707923006051706,FINITE
28780,4725,4,0.031134230717206845,FINITE
28786,4725,5,0.031155875237730512,FINITE
28791,4725,6,,NAN
28797,4725,7,,NAN
28802,4725,8,,NAN
28806,4725,9,,NAN
28812,4731,0,0.025938993022846833,FINITE
28817,4731,1,,NAN
28822,4731,2,,NAN
28827,4731,3,,NAN
28832,4731,4,,NAN
28838,4731,5,,NAN
28843,4731,6,,NAN
28848,4731,7,,NAN
28854,4731,8,,NAN
28860,4731,9,,NAN
28868,4738,0,0.4817170844467699,FINITE
28874,4738,1,0.45108062276710537,FINITE
28880,4738,2,0.44468934842181257,FINITE
28886,4738,3,0.4265261433195633,FINITE
28892,4738,4,0.4236826279790674,FINITE
28899,4738,5,,NAN
28908,4738,6,,NAN
28914,4738,7,,NAN
28920,4738,8,,NAN
28927,4738,9,,NAN
28932,4752,0,0,FINITE
28938,4754,0,0.01572983420039426,FINITE
28943,4756,0,0.3332289289685681,FINITE
28948,4756,1,,NAN
28953,4756,2,,NAN
28957,4756,3,,NAN
28961,4756,4,,NAN
28967,4756,5,,NAN
28971,4756,6,,NAN
28976,4756,7,,NAN
28982,4756,8,,NAN
28987,4756,9,,NAN
28992,4772,0,0.028031042064733724,FINITE
28996,4772,1,0.025591368482972842,FINITE
29001,4772,2,0.02504345203773724,FINITE
29006,4772,3,0.02432837255904569,FINITE
29011,4772,4,0.022851051752870038,FINITE
29016,4772,5,0.023659779441008746,FINITE
29021,4772,6,0.025380067225413614,FINITE
29026,4772,7,0.024997781000163546,FINITE
29031,4772,8,0.02411807331443529,FINITE
29035,4772,9,0.023960052864279227,FINITE
29040,4777,0,0.027512444533879053,FINITE
29045,4777,1,,NAN
29050,4777,2,,NAN
29055,4777,3,,NAN
29061,4777,4,,NAN
29065,4777,5,,NAN
29069,4777,6,,NAN
29074,4777,7,,NAN
29079,4777,8,,NAN
29083,4777,9,,NAN
29088,4787,0,0,FINITE
29092,4789,0,0.02133485977841033,FINITE
29096,4789,1,0.024795429198323463,FINITE
29101,4789,2,0.025885294555686732,FINITE
29106,4789,3,0.02600220854629203,FINITE
29111,4789,4,0.026942287196912162,FINITE
29115,4789,5,0.026392749808342223,FINITE
29120,4789,6,0.027494292041524118,FINITE
29124,4789,7,,NAN
29129,4789,8,,NAN
29133,4789,9,,NAN
29140,4798,0,,NAN
29144,4799,0,0.02022763565061156,FINITE
29149,4799,1,0.022940223413660598,FINITE
29154,4799,2,,NAN
29158,4799,3,,NAN
29163,4799,4,,NAN
29168,4799,5,,NAN
29171,4799,6,,NAN
29176,4800,0,0.030236374446330982,FINITE
29180,4800,1,,NAN
27568,4446,0,,NAN
27596,4456,0,,NAN
27612,4468,0,0.0010211211481455584,FINITE
27705,4476,0,1.34228465580542,FINITE
27810,4476,1,,NAN
27884,4476,2,,NAN
27958,4476,3,,NAN
28032,4476,4,,NAN
28082,4476,5,,NAN
28131,4476,6,,NAN
28183,4476,7,,NAN
28239,4476,8,,NAN
28287,4476,9,,NAN
28295,4611,0,0,FINITE
28305,4614,0,0.021578163173614752,FINITE
28312,4614,1,,NAN
28320,4614,2,,NAN
28329,4614,3,,NAN
28338,4620,0,0,FINITE
28347,4623,0,,NAN
28354,4626,0,,NAN
28363,4627,0,0.02941547257282674,FINITE
28371,4627,1,0.026751843685726754,FINITE
28379,4627,2,0.029807935704441558,FINITE
28388,4627,3,0.029363712294514573,FINITE
28396,4627,4,0.02872296878263931,FINITE
28402,4627,5,0.03043852797445813,FINITE
28408,4627,6,0.02920004348116952,FINITE
28416,4627,7,0.028009409883714573,FINITE
28422,4627,8,0.028438475573246094,FINITE
28430,4627,9,,NAN
28434,4641,0,0.01912230373040231,FINITE
28438,4641,1,0.021881569689939314,FINITE
28444,4641,2,0.02639657649738425,FINITE
28452,4641,3,0.031411083604389205,FINITE
28459,4641,4,,NAN
28464,4641,5,,NAN
28471,4641,6,,NAN
28479,4641,7,,NAN
28486,4641,8,,NAN
28493,4641,9,,NAN
28505,4654,0,,NAN
28510,4657,0,0.2117604298146033,FINITE
28516,4657,1,0.21372911488075164,FINITE
28521,4657,2,0.20786276059226158,FINITE
28527,4657,3,0.2014481826820705,FINITE
28533,4657,4,,NAN
28539,4657,5,,NAN
28543,4657,6,,NAN
28549,4657,7,,NAN
28555,4657,8,,NAN
28561,4657,9,,NAN
28568,4672,0,0.0350380026340046,FINITE
28574,4672,1,0.02758966251577777,FINITE
28580,4672,2,0.0290342187228117,FINITE
28586,4672,3,0.0268672337798722,FINITE
28593,4672,4,0.025439247973680034,FINITE
28599,4672,5,0.027703291991944018,FINITE
28604,4672,6,0.02777739533774585,FINITE
28610,4672,7,0.02867188873793288,FINITE
28616,4672,8,0.028527656792988902,FINITE
28620,4672,9,0.028709686851718163,FINITE
28627,4681,0,0,FINITE
28634,4684,0,,NAN
28645,4687,0,,NAN
28652,4689,0,0,FINITE
28658,4690,0,0.0010211211481455584,FINITE
28669,4692,0,,NAN
28676,4694,0,,NAN
28682,4695,0,,NAN
28688,4697,0,0.03846175073178387,FINITE
28694,4697,1,0.02992447027878764,FINITE
28698,4697,2,,NAN
28703,4697,3,,NAN
28707,4697,4,,NAN
28712,4697,5,,NAN
28714,4697,6,,NAN
28719,4697,7,,NAN
28723,4697,8,,NAN
28726,4697,9,,NAN
28739,4710,0,0.7914464110310948,FINITE
28752,4710,1,,NAN
28763,4710,2,,NAN
28774,4710,3,,NAN
28785,4710,4,,NAN
28796,4710,5,,NAN
28809,4710,6,,NAN
28823,4710,7,,NAN
28835,4710,8,,NAN
28849,4710,9,,NAN
28855,4735,0,,NAN
28861,4736,0,,NAN
28866,4739,0,0.030763887281607477,FINITE
28872,4739,1,0.03352380343871179,FINITE
28878,4739,2,0.033116947359728165,FINITE
28884,4739,3,0.0325502606534632,FINITE
28890,4739,4,,NAN
28896,4739,5,,NAN
28902,4739,6,,NAN
28904,4739,7,,NAN
28910,4739,8,,NAN
28916,4739,9,,NAN
28926,4749,0,0.6047928749298612,FINITE
28933,4749,1,0.637352878562158,FINITE
28216,4595,5,,NAN
28220,4595,6,,NAN
28225,4595,7,,NAN
28227,4595,8,,NAN
28232,4595,9,,NAN
28233,4598,0,0.025938993022846833,FINITE
28236,4598,1,0.029165292054216738,FINITE
28240,4598,2,0.02858163313036219,FINITE
28242,4598,3,0.028659442359849466,FINITE
28247,4598,4,0.027613350188298802,FINITE
28250,4598,5,0.029917327779146824,FINITE
28253,4598,6,0.031323389179030596,FINITE
28255,4598,7,,NAN
28260,4598,8,,NAN
28263,4598,9,,NAN
28269,4601,0,,NAN
28273,4604,0,,NAN
28277,4606,0,0.034571805389322766,FINITE
28281,4606,1,0.03291000746026513,FINITE
28286,4606,2,,NAN
28293,4606,3,,NAN
28301,4606,4,,NAN
28308,4606,5,,NAN
28316,4606,6,,NAN
28322,4606,7,,NAN
28330,4606,8,,NAN
28337,4606,9,,NAN
28344,4622,0,0,FINITE
28352,4625,0,0.023481311549477222,FINITE
28358,4625,1,0.025352326742153486,FINITE
28366,4625,2,,NAN
28372,4625,3,,NAN
28378,4625,4,,NAN
28387,4625,5,,NAN
28394,4625,6,,NAN
28400,4625,7,,NAN
28401,4625,8,,NAN
28404,4625,9,,NAN
28407,4636,0,1.04871308194511,FINITE
28409,4636,1,1.0637942202482829,FINITE
28413,4636,2,1.073016535961102,FINITE
28414,4636,3,,NAN
28418,4636,4,,NAN
28419,4636,5,,NAN
28421,4636,6,,NAN
28424,4636,7,,NAN
28425,4636,8,,NAN
28940,4748,5,,NAN
28945,4748,6,,NAN
28949,4748,7,,NAN
28954,4748,8,,NAN
28959,4748,9,,NAN
28964,4762,0,0,FINITE
28969,4765,0,,NAN
28973,4767,0,0.0019035889928484776,FINITE
28977,4769,0,0.029829389945726002,FINITE
28981,4769,1,0.028791572704787716,FINITE
28985,4769,2,0.027038929002144618,FINITE
28991,4769,3,0.02770647012335487,FINITE
28995,4769,4,0.02666772625293113,FINITE
29000,4769,5,,NAN
29005,4769,6,,NAN
29010,4769,7,,NAN
29015,4769,8,,NAN
29020,4769,9,,NAN
29025,4775,0,0.029051872718881835,FINITE
29030,4775,1,0.02194968961086865,FINITE
29036,4775,2,0.01981274669143611,FINITE
29041,4775,3,0.021240325798957266,FINITE
29046,4775,4,0.02433718605562946,FINITE
29051,4775,5,,NAN
29056,4775,6,,NAN
29060,4775,7,,NAN
29066,4775,8,,NAN
29070,4775,9,,NAN
29077,4784,0,0.7133610718238248,FINITE
29082,4784,1,0.3677289463468675,FINITE
29087,4784,2,0.2576048975686974,FINITE
29093,4784,3,0.3734850700631278,FINITE
29098,4784,4,0.3044879164531905,FINITE
29103,4784,5,,NAN
29107,4784,6,,NAN
29112,4784,7,,NAN
29117,4784,8,,NAN
29121,4784,9,,NAN
29126,4793,0,0,FINITE
29132,4795,0,0.5334602137472322,FINITE
29139,4795,1,,NAN
29146,4795,2,,NAN
29152,4795,3,,NAN
29160,4795,4,,NAN
29166,4795,5,,NAN
29173,4795,6,,NAN
29179,4795,7,,NAN
29184,4795,8,,NAN
29190,4795,9,,NAN
29195,4806,0,0.024502192349034273,FINITE
29199,4806,1,0.02679402413679793,FINITE
29204,4806,2,,NAN
29209,4806,3,,NAN
29214,4806,4,,NAN
29219,4806,5,,NAN
29224,4806,6,,NAN
29229,4806,7,,NAN
29233,4806,8,,NAN
29238,4806,9,,NAN
29243,4811,0,0.030843277695480315,FINITE
29248,4811,1,,NAN
29253,4811,2,,NAN
29258,4811,3,,NAN
29263,4811,4,,NAN
29268,4811,5,,NAN
29273,4811,6,,NAN
29278,4811,7,,NAN
29283,4811,8,,NAN
29288,4811,9,,NAN
29293,4817,0,0,FINITE
29301,4820,0,,NAN
29305,4821,0,0,FINITE
29317,4822,0,1.4588879127626573,FINITE
29327,4822,1,,NAN
29332,4822,2,,NAN
29344,4822,3,,NAN
29350,4822,4,,NAN
29354,4822,5,,NAN
29359,4822,6,,NAN
29365,4822,7,,NAN
29371,4822,8,,NAN
29376,4822,9,,NAN
29380,4831,0,0.03090253058204962,FINITE
29382,4831,1,0.028393610575725127,FINITE
29386,4831,2,0.0268941700837784,FINITE
29390,4831,3,0.026771947704206107,FINITE
29393,4831,4,0.025490813953575626,FINITE
29397,4831,5,0.02401103694129668,FINITE
29401,4831,6,0.025712334484235894,FINITE
29404,4831,7,,NAN
29407,4831,8,,NAN
29410,4831,9,,NAN
29413,4837,0,,NAN
29416,4838,0,0.01688943848078613,FINITE
29419,4839,0,0,FINITE
29422,4840,0,,NAN
29425,4841,0,0.040969308136458465,FINITE
29427,4841,1,0.033246185628989594,FINITE
29431,4841,2,,NAN
29434,4841,3,,NAN
29437,4841,4,,NAN
29440,4841,5,,NAN
29443,4841,6,,NAN
29448,4841,7,,NAN
29449,4841,8,,NAN
29452,4841,9,,NAN
29455,4844,0,,NAN
29458,4846,0,,NAN
29460,4848,0,0.02607566391722386,FINITE
29463,4848,1,0.030626154925835185,FINITE
29466,4848,2,0.03031137036541104,FINITE
29469,4848,3,,NAN
29472,4848,4,,NAN
29474,4848,5,,NAN
29477,4848,6,,NAN
29480,4848,7,,NAN
29483,4848,8,,NAN
29486,4848,9,,NAN
29488,4850,0,0.03404429255404617,FINITE
29491,4850,1,0.02818303498872967,FINITE
29494,4850,2,0.027140291050090887,FINITE
29497,4850,3,0.027652847292399106,FINITE
29500,4850,4,,NAN
29502,4850,5,,NAN
29505,4850,6,,NAN
29508,4850,7,,NAN
29511,4850,8,,NAN
29515,4850,9,,NAN
29518,4862,0,0.03641335727575441,FINITE
29521,4862,1,0.03458325279226049,FINITE
29524,4862,2,0.03528802410011586,FINITE
29527,4862,3,0.02993573195889404,FINITE
29530,4862,4,,NAN
29533,4862,5,,NAN
29536,4862,6,,NAN
29539,4862,7,,NAN
29542,4862,8,,NAN
29545,4862,9,,NAN
29548,4866,0,,NAN
29551,4867,0,0.028583612770174533,FINITE
29554,4867,1,,NAN
29557,4867,2,,NAN
29560,4867,3,,NAN
29563,4867,4,,NAN
29566,4867,5,,NAN
29569,4867,6,,NAN
29571,4867,7,,NAN
29574,4867,8,,NAN
29577,4867,9,,NAN
29580,4873,0,0.021630493220995944,FINITE
29584,4873,1,0.01874948536091612,FINITE
29587,4873,2,0.02110813613488782,FINITE
29589,4873,3,0.0238727607341868,FINITE
29593,4873,4,0.02484807187477106,FINITE
29595,4873,5,0.025632412541187324,FINITE
29599,4873,6,0.02511985229566471,FINITE
29602,4873,7,0.024729132393074227,FINITE
29604,4873,8,0.025407933727853917,FINITE
29607,4873,9,0.025919198743708842,FINITE
29610,4877,0,0.0040844245705756645,FINITE
29613,4878,0,0.015261574251686746,FINITE
29615,4879,0,0.28898568844926187,FINITE
29617,4879,1,0.28741514197227713,FINITE
29017,4771,7,0.022358752132157975,FINITE
29022,4771,8,0.024399025772390195,FINITE
29027,4771,9,0.02559570891976007,FINITE
29032,4776,0,0.04234667526431009,FINITE
29037,4776,1,0.27972077930181544,FINITE
29042,4776,2,0.1937194550258959,FINITE
29047,4776,3,,NAN
29052,4776,4,,NAN
29057,4776,5,,NAN
29062,4776,6,,NAN
29067,4776,7,,NAN
29072,4776,8,,NAN
29075,4776,9,,NAN
29081,4785,0,,NAN
29086,4786,0,0.010210761226310122,FINITE
29091,4788,0,0.027703417881702386,FINITE
29095,4788,1,0.02519439757953018,FINITE
29099,4788,2,,NAN
29104,4788,3,,NAN
29110,4788,4,,NAN
29113,4788,5,,NAN
29118,4788,6,,NAN
29123,4788,7,,NAN
29127,4788,8,,NAN
29131,4788,9,,NAN
29136,4797,0,0.028255998618236487,FINITE
29141,4797,1,0.022944550729527113,FINITE
29145,4797,2,0.026038245644181394,FINITE
29150,4797,3,0.023751043853332578,FINITE
29155,4797,4,0.023873544892384514,FINITE
29157,4797,5,0.023623638655452806,FINITE
29162,4797,6,0.02494280576232081,FINITE
29167,4797,7,,NAN
29170,4797,8,,NAN
29175,4797,9,,NAN
29181,4802,0,0.6718367944334844,FINITE
29188,4802,1,0.7037800100553389,FINITE
29194,4802,2,0.6891560138661776,FINITE
29202,4802,3,,NAN
29206,4802,4,,NAN
29213,4802,5,,NAN
29221,4802,6,,NAN
29227,4802,7,,NAN
29232,4802,8,,NAN
29237,4802,9,,NAN
29242,4810,0,0.028774586117997873,FINITE
29247,4810,1,0.024220362863826592,FINITE
29252,4810,2,0.02558301813109029,FINITE
29257,4810,3,,NAN
29262,4810,4,,NAN
29267,4810,5,,NAN
29272,4810,6,,NAN
29277,4810,7,,NAN
29282,4810,8,,NAN
29287,4810,9,,NAN
29292,4816,0,0.0010211211481455584,FINITE
29297,4819,0,0.4294572634199631,FINITE
29109,4782,9,0.02828322994044082,FINITE
29114,4790,0,0.016889438480786133,FINITE
29119,4791,0,,NAN
29125,4792,0,0,FINITE
29130,4794,0,0.02078028657664209,FINITE
29134,4794,1,0.025193366248646026,FINITE
29137,4794,2,0.031049061526446448,FINITE
29142,4794,3,0.03470152403401007,FINITE
29147,4794,4,,NAN
29151,4794,5,,NAN
29156,4794,6,,NAN
29161,4794,7,,NAN
29165,4794,8,,NAN
29174,4794,9,,NAN
29178,4801,0,0.013219622238698062,FINITE
29182,4804,0,0.0320076017591752,FINITE
29186,4804,1,0.026186940355114395,FINITE
29191,4804,2,0.023675974830641194,FINITE
29196,4804,3,0.023826290071863744,FINITE
29200,4804,4,0.02692841302505482,FINITE
29205,4804,5,0.02601359749974112,FINITE
29210,4804,6,0.02911136900279167,FINITE
29215,4804,7,0.029393796693787336,FINITE
29218,4804,8,,NAN
29223,4804,9,,NAN
29228,4808,0,0.027235157932994872,FINITE
29234,4808,1,0.023247101366599483,FINITE
29239,4808,2,,NAN
29244,4808,3,,NAN
29249,4808,4,,NAN
29254,4808,5,,NAN
29259,4808,6,,NAN
29264,4808,7,,NAN
29269,4808,8,,NAN
29274,4808,9,,NAN
29279,4813,0,0.7146944174643608,FINITE
29285,4813,1,,NAN
29291,4813,2,,NAN
29296,4813,3,,NAN
29300,4813,4,,NAN
29304,4813,5,,NAN
29308,4813,6,,NAN
29311,4813,7,,NAN
29313,4813,8,,NAN
29316,4813,9,,NAN
29321,4824,0,,NAN
29325,4825,0,0.4243730646670755,FINITE
29328,4825,1,0.38185430619503924,FINITE
29331,4825,2,0.3829901851237541,FINITE
29335,4825,3,0.3796390796208051,FINITE
29341,4825,4,,NAN
29345,4825,5,,NAN
29348,4825,6,,NAN
29352,4825,7,,NAN
29355,4825,8,,NAN
29358,4825,9,,NAN
29361,4829,0,0.049245697875094176,FINITE
29363,4829,1,0.041908751632208474,FINITE
29368,4829,2,,NAN
29372,4829,3,,NAN
29375,4829,4,,NAN
29379,4829,5,,NAN
29385,4829,6,,NAN
29388,4829,7,,NAN
29392,4829,8,,NAN
29396,4829,9,,NAN
29400,4836,0,0.23661493355827415,FINITE
29403,4836,1,0.21205811226173324,FINITE
29406,4836,2,0.2211673157212073,FINITE
29409,4836,3,0.20359759607742145,FINITE
29412,4836,4,0.21249904878298548,FINITE
29415,4836,5,0.20272887249651786,FINITE
29418,4836,6,,NAN
29421,4836,7,,NAN
29423,4836,8,,NAN
29428,4836,9,,NAN
29430,4843,0,0.026734897213754598,FINITE
29432,4843,1,,NAN
29436,4843,2,,NAN
29439,4843,3,,NAN
29442,4843,4,,NAN
29445,4843,5,,NAN
29446,4843,6,,NAN
29451,4843,7,,NAN
29454,4843,8,,NAN
29456,4843,9,,NAN
29459,4847,0,0.02803303452996731,FINITE
29462,4847,1,,NAN
29465,4847,2,,NAN
29468,4847,3,,NAN
29470,4847,4,,NAN
29473,4847,5,,NAN
29476,4847,6,,NAN
29479,4847,7,,NAN
29482,4847,8,,NAN
29484,4847,9,,NAN
29487,4849,0,0.014570219901971286,FINITE
29490,4851,0,,NAN
29493,4853,0,,NAN
29496,4855,0,0.0029246901339921136,FINITE
29499,4857,0,0.01655982183252087,FINITE
29504,4858,0,,NAN
29507,4859,0,0.6276985474626456,FINITE
29510,4859,1,0.6625266627871074,FINITE
29513,4859,2,0.45048620204656803,FINITE
29516,4859,3,0.3439208779719636,FINITE
29519,4859,4,0.28155956327451137,FINITE
29522,4859,5,,NAN
29525,4859,6,,NAN
29528,4859,7,,NAN
29531,4859,8,,NAN
29534,4859,9,,NAN
29537,4865,0,0.035815459647108895,FINITE
29540,4865,1,0.029787028898735145,FINITE
29543,4865,2,0.027667679766522107,FINITE
29546,4865,3,0.02608906147991952,FINITE
29549,4865,4,0.024463793081752193,FINITE
29552,4865,5,0.02432315337644672,FINITE
29555,4865,6,0.025070146229074625,FINITE
29558,4865,7,0.024167533493632078,FINITE
29561,4865,8,0.023328046647662064,FINITE
29564,4865,9,0.022879743695847683,FINITE
29567,4869,0,0,FINITE
29570,4870,0,0.03484702928618126,FINITE
29573,4870,1,0.02419813408657224,FINITE
29576,4870,2,,NAN
29579,4870,3,,NAN
29582,4870,4,,NAN
29585,4870,5,,NAN
29588,4870,6,,NAN
29591,4870,7,,NAN
29594,4870,8,,NAN
29597,4870,9,,NAN
29600,4874,0,0,FINITE
29605,4875,0,0.5870235666188407,FINITE
29608,4875,1,0.586334173146194,FINITE
29611,4875,2,0.5877963184217408,FINITE
29618,4875,3,0.7340236673202167,FINITE
29624,4875,4,0.8220249599226175,FINITE
29177,4796,9,,NAN
29185,4803,0,,NAN
29189,4805,0,0.029690746645283858,FINITE
29193,4805,1,0.024445269279459378,FINITE
29198,4805,2,0.025807941259346507,FINITE
29203,4805,3,0.026433038110914357,FINITE
29208,4805,4,0.02395497190207047,FINITE
29212,4805,5,,NAN
29217,4805,6,,NAN
29222,4805,7,,NAN
29226,4805,8,,NAN
29231,4805,9,,NAN
29236,4809,0,0.021716806474056785,FINITE
29241,4809,1,0.02875017782882642,FINITE
29246,4809,2,0.02669980656064999,FINITE
29251,4809,3,0.02989547266484976,FINITE
29256,4809,4,0.028425724927262974,FINITE
29260,4809,5,0.026488624977340027,FINITE
29265,4809,6,0.025885885320010273,FINITE
29270,4809,7,0.025144182317810758,FINITE
29275,4809,8,0.02496900926055826,FINITE
29280,4809,9,0.025327071290951908,FINITE
29284,4814,0,,NAN
29289,4815,0,0,FINITE
29294,4818,0,0.16970451193871297,FINITE
29299,4818,1,0.17413108448590892,FINITE
29303,4818,2,0.17362202928586123,FINITE
29307,4818,3,,NAN
29310,4818,4,,NAN
29312,4818,5,,NAN
29314,4818,6,,NAN
29318,4818,7,,NAN
29320,4818,8,,NAN
29322,4818,9,,NAN
29324,4826,0,0.1635131335229648,FINITE
29326,4826,1,,NAN
29330,4826,2,,NAN
29333,4826,3,,NAN
29336,4826,4,,NAN
29337,4826,5,,NAN
29339,4826,6,,NAN
29340,4826,7,,NAN
29342,4826,8,,NAN
29346,4826,9,,NAN
29349,4827,0,,NAN
29351,4828,0,0.03837754034136035,FINITE
29353,4828,1,,NAN
29356,4828,2,,NAN
29357,4828,3,,NAN
29362,4828,4,,NAN
29364,4828,5,,NAN
29367,4828,6,,NAN
29370,4828,7,,NAN
29374,4828,8,,NAN
29377,4828,9,,NAN
29381,4832,0,0.01931137484758518,FINITE
29383,4832,1,,NAN
29387,4833,0,,NAN
29391,4834,0,,NAN
29394,4835,0,0.323977045216706,FINITE
29398,4835,1,0.3179818506707396,FINITE
29402,4835,2,0.3112770665831446,FINITE
29405,4835,3,,NAN
29408,4835,4,,NAN
29411,4835,5,,NAN
29414,4835,6,,NAN
29417,4835,7,,NAN
29420,4835,8,,NAN
29424,4835,9,,NAN
29426,4842,0,0.03459680305178873,FINITE
29429,4842,1,,NAN
29433,4842,2,,NAN
29435,4842,3,,NAN
29438,4842,4,,NAN
29441,4842,5,,NAN
29444,4842,6,,NAN
29447,4842,7,,NAN
29450,4842,8,,NAN
29453,4842,9,,NAN
29457,4845,0,0.5465987889798054,FINITE
29461,4845,1,0.5397196204847294,FINITE
29464,4845,2,,NAN
29467,4845,3,,NAN
29471,4845,4,,NAN
29475,4845,5,,NAN
29478,4845,6,,NAN
29481,4845,7,,NAN
29485,4845,8,,NAN
29489,4845,9,,NAN
29492,4852,0,,NAN
29495,4854,0,0,FINITE
29498,4856,0,0.022460420723855096,FINITE
29501,4856,1,,NAN
29503,4856,2,,NAN
29506,4856,3,,NAN
29509,4856,4,,NAN
29512,4860,0,0,FINITE
29514,4861,0,0.02273770732473928,FINITE
29517,4861,1,0.018377603080205057,FINITE
29520,4861,2,0.014974631735169183,FINITE
29523,4861,3,0.01590756725864594,FINITE
29526,4861,4,0.015093426498545368,FINITE
29529,4861,5,,NAN
29532,4863,0,,NAN
29535,4864,0,0.47969899388600307,FINITE
29538,4864,1,,NAN
29541,4864,2,,NAN
29544,4864,3,,NAN
29547,4864,4,,NAN
29550,4864,5,,NAN
29553,4864,6,,NAN
29556,4864,7,,NAN
29559,4864,8,,NAN
29562,4864,9,,NAN
29565,4868,0,0.020695895599318843,FINITE
29568,4868,1,,NAN
29572,4868,2,,NAN
29575,4871,0,0,FINITE
29578,4872,0,0.024727148902537268,FINITE
29581,4872,1,0.024683992276006796,FINITE
29583,4872,2,0.023602501475062102,FINITE
29586,4872,3,0.022434708701941346,FINITE
29590,4872,4,0.023682152665465615,FINITE
29592,4872,5,0.02323065758792185,FINITE
29596,4872,6,0.023151493948692554,FINITE
29598,4872,7,0.024635014179143877,FINITE
29601,4872,8,,NAN
29603,4872,9,,NAN
29606,4876,0,0.027062531426873197,FINITE
29609,4876,1,,NAN
29612,4876,2,,NAN
29614,4876,3,,NAN
29616,4876,4,,NAN
29619,4876,5,,NAN
29621,4876,6,,NAN
29623,4876,7,,NAN
29626,4876,8,,NAN
29628,4876,9,,NAN
29630,4880,0,0.29523361317625096,FINITE
29632,4880,1,0.2816920474986262,FINITE
29634,4880,2,0.28991026030555883,FINITE
29636,4880,3,,NAN
29638,4880,4,,NAN
29640,4880,5,,NAN
29642,4880,6,,NAN
29644,4880,7,,NAN
29646,4880,8,,NAN
29648,4880,9,,NAN
29650,4884,0,,NAN
29652,4885,0,0.03617005388055011,FINITE
29654,4885,1,0.33337514793767864,FINITE
29656,4885,2,0.23166876483119792,FINITE
29658,4885,3,0.3384293366449268,FINITE
29661,4885,4,0.4080253989655895,FINITE
29663,4885,5,0.44868062005089576,FINITE
29665,4885,6,0.4804820705538824,FINITE
29667,4885,7,0.5072304464822709,FINITE
29669,4885,8,0.4551258551204255,FINITE
29671,4885,9,,NAN
29673,4888,0,0.0020422322932905105,FINITE
29675,4889,0,,NAN
29677,4890,0,0.03438083204149953,FINITE
29183,4800,2,,NAN
29187,4800,3,,NAN
29192,4800,4,,NAN
29197,4800,5,,NAN
29201,4800,6,,NAN
29207,4800,7,,NAN
29211,4800,8,,NAN
29216,4800,9,,NAN
29220,4807,0,0.02653501859159659,FINITE
29225,4807,1,0.022663852836866765,FINITE
29230,4807,2,0.023801123196985796,FINITE
29235,4807,3,0.02336873019499448,FINITE
29240,4807,4,0.02245352157242297,FINITE
29245,4807,5,0.021990430427274155,FINITE
29250,4807,6,0.022327763671616714,FINITE
29255,4807,7,0.021985375893723267,FINITE
29261,4807,8,0.022908961893802135,FINITE
29266,4807,9,0.024816373245458438,FINITE
29271,4812,0,0.05650356107504426,FINITE
29276,4812,1,,NAN
29281,4812,2,,NAN
29286,4812,3,,NAN
29290,4812,4,,NAN
29295,4812,5,,NAN
29298,4812,6,,NAN
29302,4812,7,,NAN
29306,4812,8,,NAN
29309,4812,9,,NAN
29315,4823,0,0.693793448713675,FINITE
29319,4823,1,,NAN
29323,4823,2,,NAN
29329,4823,3,,NAN
29334,4823,4,,NAN
29338,4823,5,,NAN
29343,4823,6,,NAN
29347,4823,7,,NAN
29360,4823,8,,NAN
29366,4823,9,,NAN
29369,4830,0,0.035815459647108895,FINITE
29373,4830,1,0.03250298783321644,FINITE
29378,4830,2,0.27394832667388175,FINITE
29384,4830,3,0.381596356111206,FINITE
29389,4830,4,,NAN
29395,4830,5,,NAN
29399,4830,6,,NAN
29620,4879,2,,NAN
29622,4879,3,,NAN
29625,4879,4,,NAN
29627,4879,5,,NAN
29629,4879,6,,NAN
29631,4879,7,,NAN
29633,4879,8,,NAN
29635,4879,9,,NAN
29637,4881,0,,NAN
29639,4882,0,,NAN
29641,4883,0,0.04066017132207683,FINITE
29643,4883,1,0.03496850029723071,FINITE
29645,4883,2,0.0323907195091521,FINITE
29647,4883,3,0.03445296250391243,FINITE
29649,4883,4,0.0325905932883048,FINITE
29651,4883,5,0.033048873883456266,FINITE
29653,4883,6,0.031614196008902785,FINITE
29655,4883,7,,NAN
29657,4883,8,,NAN
29659,4883,9,,NAN
29660,4886,0,0.02146464793987121,FINITE
29662,4886,1,,NAN
29664,4886,2,,NAN
29666,4886,3,,NAN
29668,4887,0,0.21384695211151916,FINITE
29670,4887,1,0.10692347605575958,FINITE
29672,4887,2,0.1373431977556535,FINITE
29674,4887,3,0.15830952749457008,FINITE
29676,4887,4,0.1658037635798076,FINITE
29678,4887,5,,NAN
29680,4887,6,,NAN
29682,4887,7,,NAN
29684,4887,8,,NAN
29686,4887,9,,NAN
29688,4891,0,0.03009975370742196,FINITE
29690,4891,1,0.02696789496036875,FINITE
29692,4891,2,,NAN
29694,4891,3,,NAN
29696,4891,4,,NAN
29698,4891,5,,NAN
29699,4891,6,,NAN
29700,4891,7,,NAN
29701,4891,8,,NAN
29702,4891,9,,NAN
29703,4894,0,0.4048445147570267,FINITE
29704,4894,1,0.21325449559185114,FINITE
29705,4894,2,,NAN
29706,4894,3,,NAN
29707,4894,4,,NAN
29708,4894,5,,NAN
29709,4894,6,,NAN
29710,4894,7,,NAN
29711,4894,8,,NAN
29712,4894,9,,NAN
29713,4895,0,0.20740696634956546,FINITE
29714,4895,1,0.21580798266500104,FINITE
29715,4895,2,,NAN
29716,4895,3,,NAN
29717,4895,4,,NAN
29718,4895,5,,NAN
29719,4895,6,,NAN
29720,4895,7,,NAN
29721,4895,8,,NAN
29722,4895,9,,NAN
29723,4896,0,,NAN
29724,4897,0,,NAN
29725,4898,0,0.01967497470152997,FINITE
29726,4898,1,,NAN
29727,4899,0,0.0040844245705756645,FINITE
29679,4890,1,0.030738673337026186,FINITE
29681,4890,2,,NAN
29683,4890,3,,NAN
29685,4890,4,,NAN
29687,4890,5,,NAN
29689,4890,6,,NAN
29691,4890,7,,NAN
29693,4890,8,,NAN
29695,4890,9,,NAN
29697,4892,0,0,FINITE
